Year,Country,Energy Source Nuclear,"Energy Source Coal, peat and oil shale",Energy Source Oil products,Energy Source Electricity,Energy Source Natural gas
1990,Australia,0,191,1214,465,362
1990,Austria,0,59,370,154,127
1990,Belgium,0,148,682,209,286
1990,Canada,0,134,2740,1505,1813
1990,Chile,0,26,230,56,38
1990,Colombia,0,71,339,97,38
1990,Costa Rica,0,0,33,12,0
1990,Czech Republic,0,516,346,173,178
1990,Denmark,0,18,287,102,47
1990,Estonia,0,16,79,24,18
1990,Finland,0,65,389,212,40
1990,France,0,263,3145,1088,1002
1990,Germany,0,1643,4656,1638,1635
1990,Greece,0,51,409,102,4
1990,Hungary,0,99,298,114,260
1990,Iceland,0,3,25,14,0
1990,Ireland,0,71,156,43,42
1990,Israel,0,0,209,65,1
1990,Italy,0,149,2573,773,1273
1990,Japan,0,1134,7514,2753,570
1990,Korea,0,491,1828,340,28
1990,Latvia,0,13,87,30,29
1990,Lithuania,0,31,174,43,89
1990,Luxembourg,0,22,62,15,18
1990,Mexico,0,46,2141,361,582
1990,Netherlands,0,52,810,257,992
1990,New Zealand,0,28,169,103,75
1990,Norway,0,32,308,349,0
1990,Poland,0,726,458,346,322
1990,Portugal,0,27,350,85,0
1990,Slovak Republic,0,172,204,84,164
1990,Slovenia,0,10,63,33,30
1990,Spain,0,142,1602,453,181
1990,Sweden,0,45,587,433,14
1990,Switzerland,0,15,471,168,58
1990,Republic of Turkiye,0,329,853,162,30
1990,United Kingdom,0,465,2564,988,1750
1990,United States,0,2329,28608,9481,12689
1990,OECD Total,0,9633,67033,23330,24786
1990,Argentina,0,18,620,146,421
1990,Brazil,0,154,2238,759,106
1990,People's Republic of China,0,13038,3431,1634,371
1990,Egypt,0,15,681,130,101
1990,India,0,1601,2100,762,255
1990,Indonesia,0,62,1050,102,252
1990,Kenya,0,4,67,10,0
1990,Morocco,0,15,150,29,2
1990,Senegal,0,0,18,3,0
1990,Singapore,0,1,159,47,3
1990,South Africa,0,684,631,499,0
1990,Thailand,0,56,634,138,6
1990,Ukraine,0,1072,1786,740,1391
1990,Non-OECD Total,0,21828,33202,11593,14761
1990,Africa,0,836,2933,923,359
1990,Non-OECD Americas,0,199,4668,1334,939
1990,Non-OECD Asia (including China),0,16069,9894,3471,1337
1990,Non-OECD Europe and Eurasia,0,4716,11495,5215,10818
1990,Middle East,0,7,4212,650,1308
1990,IEA Total,0,9510,66047,23023,24649
1990,IEA and Accession/Association countries,0,26340,80479,28270,27664
1990,World,0,31461,108722,34923,39547
1991,Australia,0,194,1182,474,365
1991,Austria,0,65,397,161,137
1991,Belgium,0,148,736,218,301
1991,Canada,0,145,2630,1519,1848
1991,Chile,0,28,248,61,29
1991,Colombia,0,73,353,100,41
1991,Costa Rica,0,0,34,12,0
1991,Czech Republic,0,438,287,160,166
1991,Denmark,0,20,297,105,53
1991,Estonia,0,17,72,24,19
1991,Finland,0,59,392,213,44
1991,France,0,250,3324,1157,1136
1991,Germany,0,1132,4945,1639,1750
1991,Greece,0,51,419,106,4
1991,Hungary,0,98,255,106,255
1991,Iceland,0,3,24,14,0
1991,Ireland,0,66,161,45,46
1991,Israel,0,0,215,67,1
1991,Italy,0,141,2546,790,1390
1991,Japan,0,1120,7631,2837,614
1991,Korea,0,440,2128,376,43
1991,Latvia,0,13,79,29,27
1991,Lithuania,0,36,181,43,100
1991,Luxembourg,0,19,73,15,18
1991,Mexico,0,37,2251,358,618
1991,Netherlands,0,40,780,264,1102
1991,New Zealand,0,28,164,105,83
1991,Norway,0,29,297,356,0
1991,Poland,0,812,451,322,288
1991,Portugal,0,28,350,90,0
1991,Slovak Republic,0,146,164,79,137
1991,Slovenia,0,10,65,32,28
1991,Spain,0,155,1687,463,202
1991,Sweden,0,36,576,439,13
1991,Switzerland,0,13,496,171,65
1991,Republic of Turkiye,0,354,835,169,46
1991,United Kingdom,0,468,2638,1012,1890
1991,United States,0,2297,28013,9983,12580
1991,OECD Total,0,9007,67377,24113,25439
1991,Argentina,0,17,668,152,426
1991,Brazil,0,182,2269,783,111
1991,People's Republic of China,0,13250,3792,1887,378
1991,Egypt,0,18,644,137,103
1991,India,0,1688,2182,835,260
1991,Indonesia,0,68,1099,113,250
1991,Kenya,0,4,65,11,0
1991,Morocco,0,20,159,31,1
1991,Senegal,0,0,18,3,0
1991,Singapore,0,1,164,49,3
1991,South Africa,0,651,630,496,0
1991,Thailand,0,65,657,156,8
1991,Ukraine,0,895,1845,723,1610
1991,Non-OECD Total,0,21524,34058,11917,14811
1991,Africa,0,800,2993,944,388
1991,Non-OECD Americas,0,213,4716,1380,988
1991,Non-OECD Asia (including China),0,16355,10424,3880,1360
1991,Non-OECD Europe and Eurasia,0,4145,11587,5054,10599
1991,Middle East,0,10,4337,660,1476
1991,IEA Total,0,8879,66358,23798,25312
1991,IEA and Accession/Association countries,0,25851,81446,29432,28561
1991,World,0,30530,110012,36031,40250
1992,Australia,0,195,1204,479,372
1992,Austria,0,53,391,160,136
1992,Belgium,0,125,758,225,310
1992,Canada,0,143,2687,1522,1919
1992,Chile,0,32,272,70,37
1992,Colombia,0,75,370,104,42
1992,Costa Rica,0,0,45,13,0
1992,Czech Republic,0,373,310,156,187
1992,Denmark,0,18,287,107,54
1992,Estonia,0,9,40,21,13
1992,Finland,0,58,388,215,45
1992,France,0,242,3341,1189,1151
1992,Germany,0,850,4984,1623,1788
1992,Greece,0,44,421,111,4
1992,Hungary,0,57,248,102,216
1992,Iceland,0,2,26,14,0
1992,Ireland,0,53,167,48,46
1992,Israel,0,0,209,77,1
1992,Italy,0,153,2541,805,1360
1992,Japan,0,1080,7737,2864,645
1992,Korea,0,354,2546,415,62
1992,Latvia,0,8,65,23,25
1992,Lithuania,0,16,96,33,57
1992,Luxembourg,0,17,75,15,19
1992,Mexico,0,34,2271,370,598
1992,Netherlands,0,35,803,270,1051
1992,New Zealand,0,25,176,103,82
1992,Norway,0,29,288,358,0
1992,Poland,0,802,463,308,280
1992,Portugal,0,27,370,92,0
1992,Slovak Republic,0,120,141,73,152
1992,Slovenia,0,8,61,30,24
1992,Spain,0,144,1706,471,219
1992,Sweden,0,37,620,432,13
1992,Switzerland,0,9,497,172,69
1992,Republic of Turkiye,0,337,865,186,68
1992,United Kingdom,0,419,2637,1013,1846
1992,United States,0,1446,28751,9992,12723
1992,OECD Total,0,7430,68859,24261,25615
1992,Argentina,0,18,703,163,449
1992,Brazil,0,166,2332,801,114
1992,People's Republic of China,0,13228,4101,2093,354
1992,Egypt,0,18,670,140,108
1992,India,0,1667,2258,891,320
1992,Indonesia,0,73,1166,126,266
1992,Kenya,0,4,64,11,0
1992,Morocco,0,15,180,34,1
1992,Senegal,0,0,20,3,0
1992,Singapore,0,1,148,51,3
1992,South Africa,0,591,621,458,0
1992,Thailand,0,72,718,177,11
1992,Ukraine,0,876,1217,688,1613
1992,Non-OECD Total,0,20479,33298,12014,14327
1992,Africa,0,736,3092,925,422
1992,Non-OECD Americas,0,203,4795,1424,1003
1992,Non-OECD Asia (including China),0,16247,11136,4226,1471
1992,Non-OECD Europe and Eurasia,0,3286,9421,4690,9828
1992,Middle East,0,9,4853,749,1603
1992,IEA Total,0,7305,67811,23929,25486
1992,IEA and Accession/Association countries,0,24150,82926,29841,28831
1992,World,0,27909,111227,36275,39942
1993,Australia,0,199,1237,493,381
1993,Austria,0,49,395,162,143
1993,Belgium,0,110,742,228,325
1993,Canada,0,139,2751,1554,2003
1993,Chile,0,30,295,73,36
1993,Colombia,0,96,376,114,42
1993,Costa Rica,0,0,47,14,0
1993,Czech Republic,0,341,293,155,192
1993,Denmark,0,19,292,109,62
1993,Estonia,0,6,43,16,8
1993,Finland,0,56,364,224,44
1993,France,0,183,3259,1197,1157
1993,Germany,0,710,5062,1606,1887
1993,Greece,0,45,417,112,2
1993,Hungary,0,53,224,98,248
1993,Iceland,0,2,26,15,0
1993,Ireland,0,52,167,49,49
1993,Israel,0,0,244,82,1
1993,Italy,0,143,2520,808,1378
1993,Japan,0,1054,7829,2889,690
1993,Korea,0,329,2828,460,91
1993,Latvia,0,8,65,17,18
1993,Lithuania,0,14,77,24,29
1993,Luxembourg,0,19,75,16,20
1993,Mexico,0,38,2354,383,507
1993,Netherlands,0,36,789,274,1071
1993,New Zealand,0,29,176,106,84
1993,Norway,0,31,297,363,0
1993,Poland,0,923,495,312,287
1993,Portugal,0,25,370,94,0
1993,Slovak Republic,0,116,92,73,145
1993,Slovenia,0,6,74,31,23
1993,Spain,0,107,1678,470,226
1993,Sweden,0,38,599,436,15
1993,Switzerland,0,7,469,170,73
1993,Republic of Turkiye,0,311,994,204,87
1993,United Kingdom,0,406,2687,1030,1882
1993,United States,0,1329,29090,10343,13327
1993,OECD Total,0,7058,69792,24803,26533
1993,Argentina,0,12,708,175,514
1993,Brazil,0,175,2418,840,120
1993,People's Republic of China,0,13658,4482,2315,362
1993,Egypt,0,22,680,147,130
1993,India,0,1578,2343,958,322
1993,Indonesia,0,77,1252,140,277
1993,Kenya,0,3,64,12,0
1993,Morocco,0,13,180,35,1
1993,Senegal,0,0,19,3,0
1993,Singapore,0,1,151,56,3
1993,South Africa,0,594,591,472,0
1993,Thailand,0,106,821,203,13
1993,Ukraine,0,734,855,627,1363
1993,Non-OECD Total,0,20512,32690,12194,14436
1993,Africa,0,733,3047,955,449
1993,Non-OECD Americas,0,206,4912,1493,1088
1993,Non-OECD Asia (including China),0,16576,12035,4610,1546
1993,Non-OECD Europe and Eurasia,0,2981,7740,4305,9652
1993,Middle East,0,16,4957,830,1701
1993,IEA Total,0,6916,68665,24457,26412
1993,IEA and Accession/Association countries,0,24024,84208,30723,29615
1993,World,0,27570,111458,36996,40969
1994,Australia,0,198,1267,506,398
1994,Austria,0,43,389,164,136
1994,Belgium,0,123,837,239,331
1994,Canada,0,135,2857,1575,2073
1994,Chile,0,27,320,78,39
1994,Colombia,0,97,397,120,48
1994,Costa Rica,0,0,51,15,0
1994,Czech Republic,0,284,296,162,192
1994,Denmark,0,18,289,111,63
1994,Estonia,0,6,40,17,11
1994,Finland,0,61,381,234,49
1994,France,0,184,3229,1215,1150
1994,Germany,0,631,4982,1597,1938
1994,Greece,0,44,419,118,0
1994,Hungary,0,52,228,99,251
1994,Iceland,0,3,27,15,0
1994,Ireland,0,42,186,51,51
1994,Israel,0,0,258,93,1
1994,Italy,0,144,2465,834,1338
1994,Japan,0,1016,8068,3077,704
1994,Korea,0,312,3031,528,120
1994,Latvia,0,10,55,16,14
1994,Lithuania,0,12,68,23,35
1994,Luxembourg,0,17,73,17,20
1994,Mexico,0,37,2494,414,517
1994,Netherlands,0,35,812,286,1023
1994,New Zealand,0,28,192,109,90
1994,Norway,0,35,303,366,0
1994,Poland,0,832,512,307,313
1994,Portugal,0,26,394,97,0
1994,Slovak Republic,0,98,103,73,136
1994,Slovenia,0,5,80,33,25
1994,Spain,0,99,1810,493,230
1994,Sweden,0,36,634,441,15
1994,Switzerland,0,7,458,169,71
1994,Republic of Turkiye,0,255,944,212,86
1994,United Kingdom,0,373,2718,1023,1893
1994,United States,0,1339,30063,10643,13389
1994,OECD Total,0,6665,71730,25569,26750
1994,Argentina,0,9,761,189,543
1994,Brazil,0,183,2551,871,125
1994,People's Republic of China,0,13847,4703,2589,375
1994,Egypt,0,19,633,153,120
1994,India,0,1665,2546,1042,342
1994,Indonesia,0,83,1379,161,313
1994,Kenya,0,3,64,12,0
1994,Morocco,0,13,199,37,1
1994,Senegal,0,0,19,3,0
1994,Singapore,0,1,162,61,3
1994,South Africa,0,601,615,491,0
1994,Thailand,0,130,942,225,18
1994,Ukraine,0,562,786,541,1163
1994,Non-OECD Total,0,20123,32500,12396,14080
1994,Africa,0,719,3000,987,437
1994,Non-OECD Americas,0,213,5182,1555,1138
1994,Non-OECD Asia (including China),0,16817,12868,5102,1659
1994,Non-OECD Europe and Eurasia,0,2358,6241,3877,8829
1994,Middle East,0,16,5209,875,2017
1994,IEA Total,0,6522,70542,25199,26624
1994,IEA and Accession/Association countries,0,23774,86933,31883,29727
1994,World,0,26788,113559,37965,40830
1995,Australia,0,195,1314,522,418
1995,Austria,0,43,394,168,154
1995,Belgium,0,104,849,246,361
1995,Canada,0,144,2892,1608,2125
1995,Chile,0,28,344,87,38
1995,Colombia,0,84,421,125,50
1995,Costa Rica,0,0,51,16,0
1995,Czech Republic,0,253,305,173,215
1995,Denmark,0,17,291,111,70
1995,Estonia,0,8,36,16,12
1995,Finland,0,53,353,235,42
1995,France,0,184,3303,1234,1172
1995,Germany,0,569,5001,1624,2093
1995,Greece,0,44,435,123,0
1995,Hungary,0,44,219,100,271
1995,Iceland,0,2,26,15,0
1995,Ireland,0,39,191,53,51
1995,Israel,0,0,289,100,1
1995,Italy,0,134,2544,858,1449
1995,Japan,0,1031,8400,3138,761
1995,Korea,0,310,3247,588,167
1995,Latvia,0,5,49,16,15
1995,Lithuania,0,9,71,23,42
1995,Luxembourg,0,9,68,18,22
1995,Mexico,0,39,2308,430,534
1995,Netherlands,0,31,822,289,1053
1995,New Zealand,0,25,202,111,99
1995,Norway,0,39,320,374,0
1995,Poland,0,948,543,323,333
1995,Portugal,0,24,406,104,0
1995,Slovak Republic,0,91,103,78,148
1995,Slovenia,0,5,89,34,28
1995,Spain,0,81,1872,507,285
1995,Sweden,0,39,635,448,15
1995,Switzerland,0,8,464,172,80
1995,Republic of Turkiye,0,290,1064,234,117
1995,United Kingdom,0,304,2672,1061,1949
1995,United States,0,1271,30230,10951,13668
1995,OECD Total,0,6509,72822,26316,27839
1995,Argentina,0,9,763,202,560
1995,Brazil,0,186,2742,923,132
1995,People's Republic of China,0,15020,5228,2760,380
1995,Egypt,0,16,701,160,129
1995,India,0,1528,2874,1115,370
1995,Indonesia,0,89,1592,179,303
1995,Kenya,0,4,70,13,0
1995,Morocco,0,7,202,38,0
1995,Senegal,0,0,21,3,0
1995,Singapore,0,0,184,66,3
1995,South Africa,0,658,670,508,0
1995,Thailand,0,153,1046,256,24
1995,Ukraine,0,533,839,517,1183
1995,Non-OECD Total,0,21134,34393,12829,14170
1995,Africa,0,768,3215,1026,453
1995,Non-OECD Americas,0,214,5505,1643,1196
1995,Non-OECD Asia (including China),0,17884,14374,5475,1733
1995,Non-OECD Europe and Eurasia,0,2251,6188,3776,8569
1995,Middle East,0,17,5111,910,2219
1995,IEA Total,0,6384,71554,25922,27708
1995,IEA and Accession/Association countries,0,24707,89589,32992,30897
1995,World,0,27643,116896,39145,42010
1996,Australia,0,186,1361,536,425
1996,Austria,0,44,439,174,165
1996,Belgium,0,105,896,252,404
1996,Canada,0,143,3009,1631,2260
1996,Chile,0,32,373,97,39
1996,Colombia,0,89,436,130,53
1996,Costa Rica,0,0,51,16,0
1996,Czech Republic,0,223,313,181,242
1996,Denmark,0,16,298,114,75
1996,Estonia,0,9,39,18,13
1996,Finland,0,46,340,239,42
1996,France,0,191,3342,1281,1295
1996,Germany,0,540,5105,1650,2347
1996,Greece,0,43,478,128,0
1996,Hungary,0,39,206,103,304
1996,Iceland,0,3,29,15,0
1996,Ireland,0,40,199,57,53
1996,Israel,0,1,297,107,0
1996,Italy,0,126,2556,866,1491
1996,Japan,0,1010,8490,3209,786
1996,Korea,0,330,3399,657,223
1996,Latvia,0,5,46,15,15
1996,Lithuania,0,9,71,23,42
1996,Luxembourg,0,10,69,18,24
1996,Mexico,0,41,2357,401,572
1996,Netherlands,0,32,855,301,1169
1996,New Zealand,0,24,203,113,111
1996,Norway,0,38,337,371,0
1996,Poland,0,1006,621,342,335
1996,Portugal,0,27,426,109,0
1996,Slovak Republic,0,88,107,85,161
1996,Slovenia,0,5,105,34,28
1996,Spain,0,71,1853,530,310
1996,Sweden,0,39,652,454,17
1996,Switzerland,0,6,469,175,86
1996,Republic of Turkiye,0,356,1112,257,142
1996,United Kingdom,0,278,2736,1114,2174
1996,United States,0,1249,31223,11261,14271
1996,OECD Total,0,6499,74902,27065,29675
1996,Argentina,0,12,842,212,571
1996,Brazil,0,201,2939,967,148
1996,People's Republic of China,0,13186,5660,3004,466
1996,Egypt,0,17,748,177,132
1996,India,0,1519,3042,1134,384
1996,Indonesia,0,83,1712,205,318
1996,Kenya,0,4,76,14,0
1996,Morocco,0,22,203,39,1
1996,Senegal,0,0,22,3,0
1996,Singapore,0,0,183,71,4
1996,South Africa,0,685,673,601,0
1996,Thailand,0,186,1192,278,30
1996,Ukraine,0,458,503,465,1512
1996,Non-OECD Total,0,18946,35837,13362,14461
1996,Africa,0,810,3358,1150,460
1996,Non-OECD Americas,0,232,5890,1725,1309
1996,Non-OECD Asia (including China),0,15980,15438,5862,1902
1996,Non-OECD Europe and Eurasia,0,1905,5777,3663,8528
1996,Middle East,0,19,5374,963,2262
1996,IEA Total,0,6365,73564,26650,29539
1996,IEA and Accession/Association countries,0,22863,92512,34172,33211
1996,World,0,25445,120699,40427,44135
1997,Australia,0,197,1379,554,432
1997,Austria,0,43,432,176,165
1997,Belgium,0,109,896,259,377
1997,Canada,0,141,3115,1652,2238
1997,Chile,0,51,402,106,68
1997,Colombia,0,88,483,128,57
1997,Costa Rica,0,0,54,17,0
1997,Czech Republic,0,205,304,179,256
1997,Denmark,0,16,290,115,72
1997,Estonia,0,8,38,19,13
1997,Finland,0,47,341,254,40
1997,France,0,188,3349,1280,1281
1997,Germany,0,498,5073,1662,2258
1997,Greece,0,40,492,134,3
1997,Hungary,0,31,205,104,282
1997,Iceland,0,2,29,17,0
1997,Ireland,0,34,215,60,56
1997,Israel,0,0,309,109,0
1997,Italy,0,121,2593,894,1481
1997,Japan,0,986,8471,3246,805
1997,Korea,0,324,3561,723,283
1997,Latvia,0,5,49,15,14
1997,Lithuania,0,7,77,24,38
1997,Luxembourg,0,7,71,18,24
1997,Mexico,0,42,2370,432,545
1997,Netherlands,0,38,851,313,1031
1997,New Zealand,0,24,208,118,109
1997,Norway,0,38,329,374,0
1997,Poland,0,895,683,348,355
1997,Portugal,0,22,456,115,2
1997,Slovak Republic,0,77,124,82,159
1997,Slovenia,0,4,105,35,30
1997,Spain,0,69,1940,573,346
1997,Sweden,0,33,638,451,17
1997,Switzerland,0,5,461,175,82
1997,Republic of Turkiye,0,397,1078,287,170
1997,United Kingdom,0,259,2690,1120,2076
1997,United States,0,1331,31433,11427,14616
1997,OECD Total,0,6384,75592,27593,29781
1997,Argentina,0,14,860,228,598
1997,Brazil,0,211,3163,1028,160
1997,People's Republic of China,0,13377,6323,3109,403
1997,Egypt,0,17,801,189,139
1997,India,0,1655,3218,1204,445
1997,Indonesia,0,87,1791,232,351
1997,Kenya,0,4,73,14,0
1997,Morocco,0,18,217,42,1
1997,Senegal,0,0,24,4,0
1997,Singapore,0,0,263,80,4
1997,South Africa,0,723,682,630,0
1997,Thailand,0,167,1216,297,31
1997,Ukraine,0,428,644,447,1287
1997,Non-OECD Total,0,19092,37633,13786,14216
1997,Africa,0,835,3527,1201,486
1997,Non-OECD Americas,0,244,6196,1829,1334
1997,Non-OECD Asia (including China),0,16329,16561,6172,1954
1997,Non-OECD Europe and Eurasia,0,1664,5926,3569,8015
1997,Middle East,0,19,5422,1014,2428
1997,IEA Total,0,6233,74162,27166,29612
1997,IEA and Accession/Association countries,0,23078,94678,35027,33171
1997,World,0,25476,123531,41379,43997
1998,Australia,0,189,1386,587,446
1998,Austria,0,38,450,179,168
1998,Belgium,0,105,897,266,393
1998,Canada,0,142,3067,1642,2084
1998,Chile,0,34,400,111,75
1998,Colombia,0,79,479,124,60
1998,Costa Rica,0,0,59,18,0
1998,Czech Republic,0,164,318,176,259
1998,Denmark,0,15,286,115,72
1998,Estonia,0,6,37,19,13
1998,Finland,0,55,351,262,52
1998,France,0,171,3399,1323,1312
1998,Germany,0,433,5068,1678,2262
1998,Greece,0,40,515,142,14
1998,Hungary,0,23,220,104,280
1998,Iceland,0,3,29,20,0
1998,Ireland,0,35,232,64,60
1998,Israel,0,0,307,118,0
1998,Italy,0,112,2629,919,1555
1998,Japan,0,853,8326,3280,811
1998,Korea,0,294,3093,696,305
1998,Latvia,0,4,47,16,14
1998,Lithuania,0,6,79,24,38
1998,Luxembourg,0,4,73,19,25
1998,Mexico,0,43,2449,457,543
1998,Netherlands,0,32,850,324,995
1998,New Zealand,0,23,207,117,103
1998,Norway,0,41,332,394,0
1998,Poland,0,712,713,348,341
1998,Portugal,0,19,493,122,10
1998,Slovak Republic,0,67,125,76,166
1998,Slovenia,0,3,101,36,31
1998,Spain,0,61,2074,595,385
1998,Sweden,0,30,635,455,18
1998,Switzerland,0,4,475,179,85
1998,Republic of Turkiye,0,393,1052,309,172
1998,United Kingdom,0,228,2658,1136,2144
1998,United States,0,1311,31654,11813,13846
1998,OECD Total,0,5773,75565,28263,29139
1998,Argentina,0,17,887,247,616
1998,Brazil,0,203,3279,1071,163
1998,People's Republic of China,0,13441,6437,3228,431
1998,Egypt,0,18,814,204,154
1998,India,0,1468,3406,1264,447
1998,Indonesia,0,96,1743,235,318
1998,Kenya,0,3,77,15,0
1998,Morocco,0,14,227,44,1
1998,Senegal,0,0,28,4,0
1998,Singapore,0,0,226,86,4
1998,South Africa,0,727,688,612,0
1998,Thailand,0,135,1092,290,29
1998,Ukraine,0,425,588,426,1110
1998,Non-OECD Total,0,18863,37846,14149,14490
1998,Africa,0,844,3538,1208,508
1998,Non-OECD Americas,0,243,6349,1919,1419
1998,Non-OECD Asia (including China),0,16127,16824,6420,1987
1998,Non-OECD Europe and Eurasia,0,1628,5564,3502,8058
1998,Middle East,0,21,5570,1100,2519
1998,IEA Total,0,5649,74143,27819,28959
1998,IEA and Accession/Association countries,0,22314,94867,35912,32381
1998,World,0,24635,124045,42412,43629
1999,Australia,0,184,1406,607,455
1999,Austria,0,38,435,183,173
1999,Belgium,0,102,890,268,405
1999,Canada,0,144,3207,1677,2150
1999,Chile,0,34,393,125,109
1999,Colombia,0,81,439,115,64
1999,Costa Rica,0,0,64,20,0
1999,Czech Republic,0,151,313,173,256
1999,Denmark,0,13,285,116,73
1999,Estonia,0,5,33,17,12
1999,Finland,0,50,345,267,50
1999,France,0,146,3384,1350,1363
1999,Germany,0,388,4890,1705,2274
1999,Greece,0,32,510,146,15
1999,Hungary,0,26,213,104,281
1999,Iceland,0,2,29,23,0
1999,Ireland,0,27,256,68,60
1999,Israel,0,0,310,125,0
1999,Italy,0,107,2675,941,1617
1999,Japan,0,825,8605,3355,855
1999,Korea,0,304,3391,771,386
1999,Latvia,0,3,46,16,13
1999,Lithuania,0,5,69,24,36
1999,Luxembourg,0,4,77,20,26
1999,Mexico,0,30,2451,485,534
1999,Netherlands,0,28,873,332,965
1999,New Zealand,0,21,213,121,113
1999,Norway,0,39,335,393,0
1999,Poland,0,654,746,344,324
1999,Portugal,0,18,497,130,20
1999,Slovak Republic,0,56,123,82,171
1999,Slovenia,0,4,102,37,32
1999,Spain,0,53,2092,638,421
1999,Sweden,0,27,638,456,19
1999,Switzerland,0,4,481,184,89
1999,Republic of Turkiye,0,320,1046,321,169
1999,United Kingdom,0,216,2686,1162,2120
1999,United States,0,1366,32618,12132,13811
1999,OECD Total,0,5510,77166,29034,29461
1999,Argentina,0,17,807,257,626
1999,Brazil,0,206,3309,1099,174
1999,People's Republic of China,0,11656,6943,3422,454
1999,Egypt,0,16,845,219,182
1999,India,0,1461,3654,1294,459
1999,Indonesia,0,144,1900,257,435
1999,Kenya,0,3,77,14,0
1999,Morocco,0,18,240,41,1
1999,Senegal,0,0,32,4,0
1999,Singapore,0,0,215,91,4
1999,South Africa,0,658,688,601,0
1999,Thailand,0,159,1201,293,36
1999,Ukraine,0,421,456,414,1256
1999,Non-OECD Total,0,17110,39400,14644,15277
1999,Africa,0,785,3693,1233,591
1999,Non-OECD Americas,0,248,6342,1981,1455
1999,Non-OECD Asia (including China),0,14457,18079,6734,2195
1999,Non-OECD Europe and Eurasia,0,1603,5601,3532,8380
1999,Middle East,0,17,5685,1164,2656
1999,IEA Total,0,5385,75783,28572,29242
1999,IEA and Accession/Association countries,0,20264,97339,36960,33056
1999,World,0,22619,127754,43678,44739
2000,Australia,0,176,1454,622,477
2000,Austria,0,38,434,186,179
2000,Belgium,0,117,887,279,425
2000,Canada,0,152,3196,1551,2237
2000,Chile,0,27,385,132,138
2000,Colombia,0,99,438,120,68
2000,Costa Rica,0,0,64,21,0
2000,Czech Republic,0,200,305,178,248
2000,Denmark,0,12,275,117,70
2000,Estonia,0,5,33,18,12
2000,Finland,0,41,346,272,38
2000,France,0,141,3371,1386,1346
2000,Germany,0,375,4776,1740,2308
2000,Greece,0,37,520,155,16
2000,Hungary,0,24,218,106,280
2000,Iceland,0,4,29,25,0
2000,Ireland,0,28,278,73,66
2000,Israel,0,1,336,139,0
2000,Italy,0,112,2608,983,1616
2000,Japan,0,875,8533,3502,893
2000,Korea,0,380,3344,947,457
2000,Latvia,0,3,46,16,14
2000,Lithuania,0,3,60,22,38
2000,Luxembourg,0,5,84,21,25
2000,Mexico,0,37,2557,523,526
2000,Netherlands,0,25,861,342,966
2000,New Zealand,0,21,222,123,126
2000,Norway,0,40,314,394,25
2000,Poland,0,552,733,353,342
2000,Portugal,0,20,512,138,33
2000,Slovak Republic,0,59,126,79,174
2000,Slovenia,0,4,98,38,29
2000,Spain,0,57,2183,678,515
2000,Sweden,0,32,593,463,19
2000,Switzerland,0,6,465,189,89
2000,Republic of Turkiye,0,454,1094,345,206
2000,United Kingdom,0,181,2620,1186,2195
2000,United States,0,1363,33219,12598,15072
2000,OECD Total,0,5707,77620,30061,31267
2000,Argentina,0,19,763,271,657
2000,Brazil,0,240,3352,1156,215
2000,People's Republic of China,0,11491,7457,3732,518
2000,Egypt,0,19,848,233,166
2000,India,0,1388,3955,1323,490
2000,Indonesia,0,191,1923,285,484
2000,Kenya,0,3,80,13,0
2000,Morocco,0,22,238,46,2
2000,Senegal,0,0,30,3,0
2000,Singapore,0,0,245,98,4
2000,South Africa,0,667,668,627,0
2000,Thailand,0,149,1225,317,46
2000,Ukraine,0,418,443,409,1194
2000,Non-OECD Total,0,16982,41341,15437,15605
2000,Africa,0,803,3738,1300,586
2000,Non-OECD Americas,0,292,6343,2069,1520
2000,Non-OECD Asia (including China),0,14348,18963,7248,2396
2000,Non-OECD Europe and Eurasia,0,1519,5976,3604,8373
2000,Middle East,0,19,6321,1216,2730
2000,IEA Total,0,5569,76224,29571,31018
2000,IEA and Accession/Association countries,0,20304,98656,38490,35013
2000,World,0,22688,130484,45499,46871
2001,Australia,0,165,1439,649,503
2001,Austria,0,33,461,193,197
2001,Belgium,0,129,904,281,430
2001,Canada,0,141,3182,1566,2042
2001,Chile,0,34,369,142,142
2001,Colombia,0,94,440,127,87
2001,Costa Rica,0,1,66,22,0
2001,Czech Republic,0,169,322,183,270
2001,Denmark,0,11,276,117,74
2001,Estonia,0,6,40,19,13
2001,Finland,0,40,351,279,39
2001,France,0,131,3486,1425,1378
2001,Germany,0,354,4864,1783,2348
2001,Greece,0,37,541,160,16
2001,Hungary,0,23,209,110,307
2001,Iceland,0,4,29,26,0
2001,Ireland,0,28,280,76,71
2001,Israel,0,0,329,135,0
2001,Italy,0,120,2652,1000,1664
2001,Japan,0,857,8457,3443,893
2001,Korea,0,431,3328,1014,482
2001,Latvia,0,3,50,16,16
2001,Lithuania,0,3,63,23,42
2001,Luxembourg,0,5,89,21,25
2001,Mexico,0,37,2568,530,443
2001,Netherlands,0,24,878,349,972
2001,New Zealand,0,26,220,126,119
2001,Norway,0,35,336,404,28
2001,Poland,0,530,710,354,355
2001,Portugal,0,8,512,144,44
2001,Slovak Republic,0,54,116,84,182
2001,Slovenia,0,4,101,39,30
2001,Spain,0,64,2253,723,564
2001,Sweden,0,30,589,476,21
2001,Switzerland,0,6,479,193,93
2001,Republic of Turkiye,0,294,1011,343,220
2001,United Kingdom,0,189,2595,1198,2215
2001,United States,0,1382,33652,12442,14032
2001,OECD Total,0,5505,78245,30215,30359
2001,Argentina,0,14,696,275,654
2001,Brazil,0,221,3331,1075,255
2001,People's Republic of China,0,11977,7620,4057,616
2001,Egypt,0,18,870,249,224
2001,India,0,1384,3892,1344,474
2001,Indonesia,0,196,1995,304,516
2001,Kenya,0,3,77,14,0
2001,Morocco,0,26,244,48,2
2001,Senegal,0,0,33,4,0
2001,Singapore,0,0,268,100,5
2001,South Africa,0,639,678,601,0
2001,Thailand,0,180,1276,332,53
2001,Ukraine,0,437,495,388,1200
2001,Non-OECD Total,0,17605,42494,15969,15971
2001,Africa,0,765,3927,1320,638
2001,Non-OECD Americas,0,263,6327,2016,1597
2001,Non-OECD Asia (including China),0,14931,19382,7694,2579
2001,Non-OECD Europe and Eurasia,0,1626,6169,3636,8322
2001,Middle East,0,19,6689,1303,2835
2001,IEA Total,0,5364,76861,29707,30084
2001,IEA and Accession/Association countries,0,20590,99522,38921,34328
2001,World,0,23110,131838,46184,46330
2002,Australia,0,126,1417,688,495
2002,Austria,0,28,484,194,191
2002,Belgium,0,80,858,282,436
2002,Canada,0,138,3358,1629,2172
2002,Chile,0,27,371,147,149
2002,Colombia,0,87,421,127,93
2002,Costa Rica,0,0,71,23,0
2002,Czech Republic,0,166,315,183,259
2002,Denmark,0,9,275,117,70
2002,Estonia,0,4,41,19,9
2002,Finland,0,39,353,287,37
2002,France,0,113,3432,1417,1355
2002,Germany,0,334,4679,1831,2347
2002,Greece,0,29,557,168,18
2002,Hungary,0,24,230,113,301
2002,Iceland,0,4,30,27,0
2002,Ireland,0,27,282,78,65
2002,Israel,0,0,316,138,0
2002,Italy,0,96,2678,1018,1623
2002,Japan,0,872,8476,3506,944
2002,Korea,0,406,3436,1083,548
2002,Latvia,0,3,50,18,19
2002,Lithuania,0,5,63,24,43
2002,Luxembourg,0,3,90,21,25
2002,Mexico,0,52,2532,539,483
2002,Netherlands,0,24,904,354,936
2002,New Zealand,0,26,230,128,124
2002,Norway,0,30,339,393,21
2002,Poland,0,538,708,349,342
2002,Portugal,0,7,517,149,50
2002,Slovak Republic,0,57,134,82,173
2002,Slovenia,0,4,99,42,29
2002,Spain,0,66,2258,740,592
2002,Sweden,0,39,604,471,19
2002,Switzerland,0,6,459,194,91
2002,Republic of Turkiye,0,398,1071,366,251
2002,United Kingdom,0,175,2591,1200,2116
2002,United States,0,1320,33750,12801,13969
2002,OECD Total,0,5363,78483,30948,30393
2002,Argentina,0,13,646,270,652
2002,Brazil,0,237,3285,1126,316
2002,People's Republic of China,0,12421,8283,4511,651
2002,Egypt,0,19,887,267,294
2002,India,0,1520,4047,1432,496
2002,Indonesia,0,204,1935,314,541
2002,Kenya,0,4,78,15,0
2002,Morocco,0,25,247,51,2
2002,Senegal,0,0,35,5,0
2002,Singapore,0,0,326,106,5
2002,South Africa,0,700,691,645,0
2002,Thailand,0,206,1446,361,67
2002,Ukraine,0,451,514,391,1189
2002,Non-OECD Total,0,18161,43889,16903,16526
2002,Africa,0,823,4051,1420,723
2002,Non-OECD Americas,0,281,6233,2087,1729
2002,Non-OECD Asia (including China),0,15543,20469,8362,2768
2002,Non-OECD Europe and Eurasia,0,1494,6177,3643,8273
2002,Middle East,0,21,6959,1391,3032
2002,IEA Total,0,5236,77123,30425,30104
2002,IEA and Accession/Association countries,0,21155,100701,40348,34578
2002,World,0,23524,133990,47851,46919
2003,Australia,0,145,1479,666,529
2003,Austria,0,28,518,200,202
2003,Belgium,0,80,894,287,439
2003,Canada,0,142,3546,1663,2224
2003,Chile,0,28,377,160,146
2003,Colombia,0,75,417,132,99
2003,Costa Rica,0,1,74,24,0
2003,Czech Republic,0,179,337,189,265
2003,Denmark,0,10,279,117,73
2003,Estonia,0,4,40,20,14
2003,Finland,0,37,362,291,36
2003,France,0,116,3432,1470,1421
2003,Germany,0,351,4559,1854,2318
2003,Greece,0,25,595,175,21
2003,Hungary,0,24,227,113,324
2003,Iceland,0,4,30,27,0
2003,Ireland,0,29,290,83,53
2003,Israel,0,0,331,144,0
2003,Italy,0,115,2694,1049,1754
2003,Japan,0,910,8320,3483,974
2003,Korea,0,382,3453,1145,587
2003,Latvia,0,2,54,19,19
2003,Lithuania,0,7,63,26,44
2003,Luxembourg,0,2,97,22,26
2003,Mexico,0,101,2577,620,463
2003,Netherlands,0,26,993,360,950
2003,New Zealand,0,32,240,129,78
2003,Norway,0,29,363,371,29
2003,Poland,0,513,750,363,380
2003,Portugal,0,6,511,155,50
2003,Slovak Republic,0,52,122,83,163
2003,Slovenia,0,5,101,43,32
2003,Spain,0,62,2353,784,661
2003,Sweden,0,41,578,466,21
2003,Switzerland,0,6,470,198,95
2003,Republic of Turkiye,0,461,1059,397,320
2003,United Kingdom,0,159,2630,1210,2169
2003,United States,0,1361,34094,12906,13867
2003,OECD Total,0,5549,79310,31446,30848
2003,Argentina,0,15,691,288,715
2003,Brazil,0,244,3175,1189,335
2003,People's Republic of China,0,14214,9202,5322,822
2003,Egypt,0,20,889,287,260
2003,India,0,1464,4185,1523,527
2003,Indonesia,0,359,1946,326,523
2003,Kenya,0,4,66,14,0
2003,Morocco,0,14,254,55,1
2003,Senegal,0,0,34,5,0
2003,Singapore,0,0,364,108,13
2003,South Africa,0,746,731,669,0
2003,Thailand,0,205,1585,385,88
2003,Ukraine,0,527,537,411,1172
2003,Non-OECD Total,0,20245,45461,18315,17599
2003,Africa,0,858,4145,1490,843
2003,Non-OECD Americas,0,290,6037,2181,1868
2003,Non-OECD Asia (including China),0,17520,21885,9417,3071
2003,Non-OECD Europe and Eurasia,0,1552,6348,3750,8664
2003,Middle East,0,24,7047,1478,3153
2003,IEA Total,0,5434,77926,30897,30552
2003,IEA and Accession/Association countries,0,23352,102764,41932,35273
2003,World,0,25794,136460,49762,48447
2004,Australia,0,151,1526,682,539
2004,Austria,0,26,523,204,208
2004,Belgium,0,74,907,293,433
2004,Canada,0,153,3595,1660,2201
2004,Chile,0,27,389,169,151
2004,Colombia,0,71,431,139,106
2004,Costa Rica,0,0,78,25,0
2004,Czech Republic,0,176,375,188,260
2004,Denmark,0,11,282,119,71
2004,Estonia,0,4,41,21,16
2004,Finland,0,35,361,299,37
2004,France,0,114,3427,1513,1443
2004,Germany,0,312,4457,1878,2341
2004,Greece,0,23,581,179,25
2004,Hungary,0,26,235,115,325
2004,Iceland,0,4,31,28,0
2004,Ireland,0,30,302,83,57
2004,Israel,0,0,352,148,0
2004,Italy,0,115,2670,1064,1673
2004,Japan,0,911,8329,3604,1028
2004,Korea,0,371,3348,1217,608
2004,Latvia,0,2,56,19,21
2004,Lithuania,0,7,70,28,43
2004,Luxembourg,0,3,111,23,27
2004,Mexico,0,98,2732,654,476
2004,Netherlands,0,25,992,369,954
2004,New Zealand,0,25,248,134,85
2004,Norway,0,33,351,388,34
2004,Poland,0,529,800,375,398
2004,Portugal,0,4,521,161,54
2004,Slovak Republic,0,56,121,86,153
2004,Slovenia,0,5,104,45,32
2004,Spain,0,62,2404,830,704
2004,Sweden,0,43,562,469,22
2004,Switzerland,0,5,470,202,98
2004,Republic of Turkiye,0,481,1082,431,354
2004,United Kingdom,0,148,2664,1220,2183
2004,United States,0,1451,35289,13090,13527
2004,OECD Total,0,5612,80816,32152,30685
2004,Argentina,0,18,774,304,746
2004,Brazil,0,266,3290,1248,387
2004,People's Republic of China,0,17938,10839,6190,1046
2004,Egypt,0,20,947,306,176
2004,India,0,1632,4340,1621,535
2004,Indonesia,0,291,2164,360,562
2004,Kenya,0,5,73,16,0
2004,Morocco,0,1,303,59,2
2004,Senegal,0,3,37,5,0
2004,Singapore,0,0,412,111,18
2004,South Africa,0,803,765,678,0
2004,Thailand,0,244,1711,414,90
2004,Ukraine,0,489,548,432,1430
2004,Non-OECD Total,0,24265,48846,19820,18672
2004,Africa,0,895,4361,1562,784
2004,Non-OECD Americas,0,316,6372,2285,2005
2004,Non-OECD Asia (including China),0,21448,24249,10560,3442
2004,Non-OECD Europe and Eurasia,0,1577,6533,3838,9017
2004,Middle East,0,29,7331,1574,3425
2004,IEA Total,0,5503,79374,31579,30376
2004,IEA and Accession/Association countries,0,27314,106804,43799,35646
2004,World,0,29877,142498,51972,49358
2005,Australia,0,163,1530,681,516
2005,Austria,0,25,519,207,209
2005,Belgium,0,64,910,295,433
2005,Canada,0,158,3593,1759,1955
2005,Chile,0,25,400,174,147
2005,Colombia,0,76,424,140,118
2005,Costa Rica,0,0,73,26,0
2005,Czech Republic,0,152,388,193,259
2005,Denmark,0,11,281,120,71
2005,Estonia,0,5,43,22,16
2005,Finland,0,34,359,291,36
2005,France,0,127,3358,1522,1447
2005,Germany,0,285,4355,1881,2306
2005,Greece,0,19,592,183,30
2005,Hungary,0,26,273,116,337
2005,Iceland,0,4,31,28,0
2005,Ireland,0,31,327,88,57
2005,Israel,0,0,317,153,0
2005,Italy,0,112,2657,1083,1741
2005,Japan,0,952,8178,3689,1103
2005,Korea,0,324,3334,1287,669
2005,Latvia,0,3,57,21,21
2005,Lithuania,0,7,74,29,46
2005,Luxembourg,0,3,114,22,26
2005,Mexico,0,117,2825,683,484
2005,Netherlands,0,23,981,375,932
2005,New Zealand,0,24,250,136,56
2005,Norway,0,28,343,399,31
2005,Poland,0,524,827,378,416
2005,Portugal,0,1,513,167,55
2005,Slovak Republic,0,48,125,82,181
2005,Slovenia,0,4,105,46,33
2005,Spain,0,56,2421,872,759
2005,Sweden,0,40,541,471,21
2005,Switzerland,0,6,470,206,103
2005,Republic of Turkiye,0,447,1093,463,421
2005,United Kingdom,0,131,2646,1255,2113
2005,United States,0,1311,35270,13434,12941
2005,OECD Total,0,5368,80598,32978,30088
2005,Argentina,0,25,745,322,797
2005,Brazil,0,232,3308,1302,425
2005,People's Republic of China,0,22539,11306,7181,1218
2005,Egypt,0,20,973,332,380
2005,India,0,1843,4445,1736,578
2005,Indonesia,0,346,2094,388,571
2005,Kenya,0,4,80,17,0
2005,Morocco,0,1,316,64,1
2005,Senegal,0,4,34,6,0
2005,Singapore,0,0,415,128,21
2005,South Africa,0,788,791,695,0
2005,Thailand,0,284,1675,436,78
2005,Ukraine,0,463,541,443,1447
2005,Non-OECD Total,0,29165,50136,21490,19926
2005,Africa,0,884,4485,1654,1029
2005,Non-OECD Americas,0,288,6558,2387,2169
2005,Non-OECD Asia (including China),0,26432,24705,11841,3764
2005,Non-OECD Europe and Eurasia,0,1524,6539,3950,9232
2005,Middle East,0,37,7849,1657,3731
2005,IEA Total,0,5255,79190,32390,29768
2005,IEA and Accession/Association countries,0,31907,107108,45926,35572
2005,World,0,34533,144180,54468,50014
2006,Australia,0,149,1556,693,516
2006,Austria,0,27,513,211,208
2006,Belgium,0,58,862,304,433
2006,Canada,0,167,3583,1721,1870
2006,Chile,0,32,410,183,158
2006,Colombia,0,64,432,146,109
2006,Costa Rica,0,0,76,28,0
2006,Czech Republic,0,162,386,199,257
2006,Denmark,0,11,283,122,72
2006,Estonia,0,5,44,23,16
2006,Finland,0,34,357,310,37
2006,France,0,128,3345,1537,1398
2006,Germany,0,322,4358,1901,2341
2006,Greece,0,17,606,189,34
2006,Hungary,0,26,283,120,310
2006,Iceland,0,4,34,32,0
2006,Ireland,0,29,336,93,61
2006,Israel,0,0,332,158,0
2006,Italy,0,96,2641,1112,1650
2006,Japan,0,965,7941,3705,1222
2006,Korea,0,368,3291,1337,682
2006,Latvia,0,3,63,22,21
2006,Lithuania,0,10,77,30,49
2006,Luxembourg,0,4,109,24,28
2006,Mexico,0,164,2953,698,515
2006,Netherlands,0,24,1008,380,898
2006,New Zealand,0,25,252,140,56
2006,Norway,0,24,357,387,32
2006,Poland,0,557,879,398,421
2006,Portugal,0,1,471,172,56
2006,Slovak Republic,0,50,126,85,167
2006,Slovenia,0,4,109,47,32
2006,Spain,0,55,2391,886,653
2006,Sweden,0,35,526,471,22
2006,Switzerland,0,6,464,208,101
2006,Republic of Turkiye,0,540,1159,509,526
2006,United Kingdom,0,138,2637,1243,2009
2006,United States,0,1328,35123,13495,12440
2006,OECD Total,0,5632,80374,33320,29402
2006,Argentina,0,25,806,344,818
2006,Brazil,0,225,3378,1351,456
2006,People's Republic of China,0,23893,12238,8344,1458
2006,Egypt,0,18,1000,354,453
2006,India,0,1984,4758,1932,613
2006,Indonesia,0,469,2014,408,641
2006,Kenya,0,5,89,18,0
2006,Morocco,0,1,328,69,2
2006,Senegal,0,4,31,6,0
2006,Singapore,0,0,425,132,21
2006,South Africa,0,770,815,717,0
2006,Thailand,0,314,1679,460,86
2006,Ukraine,0,479,553,467,1410
2006,Non-OECD Total,0,30796,52204,23522,21302
2006,Africa,0,882,4554,1731,1108
2006,Non-OECD Americas,0,285,6737,2500,2187
2006,Non-OECD Asia (including China),0,28156,25783,13354,4322
2006,Non-OECD Europe and Eurasia,0,1432,6816,4135,9479
2006,Middle East,0,41,8314,1802,4207
2006,IEA Total,0,5525,78917,32702,29081
2006,IEA and Accession/Association countries,0,33813,108268,47815,35328
2006,World,0,36428,146720,56842,50704
2007,Australia,0,149,1583,726,536
2007,Austria,0,25,491,213,196
2007,Belgium,0,57,829,304,419
2007,Canada,0,155,3703,1761,1939
2007,Chile,0,20,465,191,96
2007,Colombia,0,68,429,152,116
2007,Costa Rica,0,1,83,30,0
2007,Czech Republic,0,134,388,199,246
2007,Denmark,0,11,286,121,69
2007,Estonia,0,7,46,24,16
2007,Finland,0,32,364,310,39
2007,France,0,139,3261,1534,1340
2007,Germany,0,297,3850,1906,2243
2007,Greece,0,22,600,199,35
2007,Hungary,0,23,284,121,271
2007,Iceland,0,4,32,39,0
2007,Ireland,0,29,320,93,61
2007,Israel,0,0,350,167,0
2007,Italy,0,99,2616,1114,1549
2007,Japan,0,989,7616,3821,1297
2007,Korea,0,375,3384,1408,704
2007,Latvia,0,4,68,24,22
2007,Lithuania,0,10,85,32,71
2007,Luxembourg,0,3,104,24,27
2007,Mexico,0,112,3078,733,509
2007,Netherlands,0,26,1014,388,847
2007,New Zealand,0,27,254,141,56
2007,Norway,0,27,365,398,34
2007,Poland,0,537,919,411,421
2007,Portugal,0,7,480,176,60
2007,Slovak Republic,0,51,133,88,160
2007,Slovenia,0,4,107,48,32
2007,Spain,0,60,2434,903,678
2007,Sweden,0,38,522,472,23
2007,Switzerland,0,7,441,207,99
2007,Republic of Turkiye,0,592,1170,550,589
2007,United Kingdom,0,142,2564,1230,1916
2007,United States,0,1298,34700,13857,13155
2007,OECD Total,0,5582,79417,34114,29868
2007,Argentina,0,25,870,360,864
2007,Brazil,0,252,3521,1421,489
2007,People's Republic of China,0,25262,13012,9649,1802
2007,Egypt,0,17,1074,384,559
2007,India,0,2200,5140,2096,677
2007,Indonesia,0,641,2036,438,462
2007,Kenya,0,5,89,19,0
2007,Morocco,0,1,346,73,2
2007,Senegal,0,6,39,8,0
2007,Singapore,0,0,463,138,23
2007,South Africa,0,773,955,752,0
2007,Thailand,0,271,1688,479,100
2007,Ukraine,0,467,576,482,1469
2007,Non-OECD Total,0,32712,55012,25567,22617
2007,Africa,0,901,4826,1826,1265
2007,Non-OECD Americas,0,318,7075,2612,2174
2007,Non-OECD Asia (including China),0,29838,27440,14972,4699
2007,Non-OECD Europe and Eurasia,0,1618,7065,4239,9660
2007,Middle East,0,37,8606,1918,4819
2007,IEA Total,0,5481,77882,33464,29602
2007,IEA and Accession/Association countries,0,35491,109004,50296,36282
2007,World,0,38294,149246,59681,52485
2008,Australia,0,153,1619,729,539
2008,Austria,0,25,477,214,203
2008,Belgium,0,68,908,305,427
2008,Canada,0,145,3642,1748,1894
2008,Chile,0,21,482,193,59
2008,Colombia,0,73,429,155,140
2008,Costa Rica,0,0,84,30,0
2008,Czech Republic,0,132,389,202,249
2008,Denmark,0,9,276,119,69
2008,Estonia,0,7,43,25,15
2008,Finland,0,31,344,297,35
2008,France,0,131,3161,1558,1384
2008,Germany,0,288,4120,1900,2293
2008,Greece,0,17,572,204,42
2008,Hungary,0,23,274,124,271
2008,Iceland,0,4,38,55,0
2008,Ireland,0,29,322,96,65
2008,Israel,0,0,363,172,0
2008,Italy,0,87,2526,1114,1563
2008,Japan,0,930,6966,3679,1244
2008,Korea,0,418,3256,1439,736
2008,Latvia,0,4,64,24,21
2008,Lithuania,0,9,86,33,63
2008,Luxembourg,0,3,105,24,28
2008,Mexico,0,147,3120,752,555
2008,Netherlands,0,21,966,390,886
2008,New Zealand,0,28,255,139,57
2008,Norway,0,28,352,403,36
2008,Poland,0,540,931,422,427
2008,Portugal,0,3,450,174,61
2008,Slovak Republic,0,55,139,89,163
2008,Slovenia,0,4,124,46,31
2008,Spain,0,55,2309,918,631
2008,Sweden,0,35,506,463,20
2008,Switzerland,0,7,454,211,106
2008,Republic of Turkiye,0,513,1149,575,554
2008,United Kingdom,0,151,2435,1233,1967
2008,United States,0,1259,32575,13787,13440
2008,OECD Total,0,5453,76312,34039,30273
2008,Argentina,0,26,925,379,833
2008,Brazil,0,254,3623,1475,491
2008,People's Republic of China,0,26676,13377,10242,2079
2008,Egypt,0,15,1108,402,537
2008,India,0,2642,5390,2210,691
2008,Indonesia,0,395,2076,464,515
2008,Kenya,0,5,90,20,0
2008,Morocco,0,2,374,78,2
2008,Senegal,0,6,41,7,0
2008,Singapore,0,0,332,140,25
2008,South Africa,0,808,956,727,0
2008,Thailand,0,326,1598,488,121
2008,Ukraine,0,422,567,486,1430
2008,Non-OECD Total,0,34829,56350,26609,23540
2008,Africa,0,940,5155,1828,1191
2008,Non-OECD Americas,0,318,7171,2699,2204
2008,Non-OECD Asia (including China),0,31621,27687,15747,5124
2008,Non-OECD Europe and Eurasia,0,1914,7343,4296,9828
2008,Middle East,0,36,8993,2039,5192
2008,IEA Total,0,5347,74726,33365,30022
2008,IEA and Accession/Association countries,0,37021,106525,51026,36965
2008,World,0,40283,147587,60648,53812
2009,Australia,0,143,1601,755,506
2009,Austria,0,21,458,206,198
2009,Belgium,0,42,844,286,399
2009,Canada,0,125,3478,1703,1806
2009,Chile,0,11,487,195,61
2009,Colombia,0,74,388,167,130
2009,Costa Rica,0,0,84,30,0
2009,Czech Republic,0,133,367,191,230
2009,Denmark,0,5,260,113,66
2009,Estonia,0,4,40,24,8
2009,Finland,0,26,323,278,30
2009,France,0,100,3041,1505,1301
2009,Germany,0,249,3909,1791,2129
2009,Greece,0,7,564,197,45
2009,Hungary,0,16,266,119,255
2009,Iceland,0,4,38,56,0
2009,Ireland,0,26,287,91,61
2009,Israel,0,0,368,164,7
2009,Italy,0,45,2335,1044,1534
2009,Japan,0,856,6962,3560,1183
2009,Korea,0,343,3337,1461,759
2009,Latvia,0,3,57,22,18
2009,Lithuania,0,7,69,30,46
2009,Luxembourg,0,3,98,22,26
2009,Mexico,0,87,3027,741,483
2009,Netherlands,0,22,952,377,887
2009,New Zealand,0,23,245,140,71
2009,Norway,0,20,344,386,32
2009,Poland,0,512,937,404,411
2009,Portugal,0,1,427,172,60
2009,Slovak Republic,0,58,121,83,136
2009,Slovenia,0,3,106,41,28
2009,Spain,0,35,2135,863,560
2009,Sweden,0,21,454,444,23
2009,Switzerland,0,6,442,207,102
2009,Republic of Turkiye,0,585,1198,558,471
2009,United Kingdom,0,124,2321,1157,1787
2009,United States,0,985,30725,13121,12775
2009,OECD Total,0,4724,73093,32703,28624
2009,Argentina,0,18,825,379,796
2009,Brazil,0,205,3582,1466,424
2009,People's Republic of China,0,28311,13855,11036,2158
2009,Egypt,0,13,1182,428,463
2009,India,0,3119,5598,2374,722
2009,Indonesia,0,435,2150,490,646
2009,Kenya,0,4,105,20,0
2009,Morocco,0,1,395,80,2
2009,Senegal,0,7,39,8,0
2009,Singapore,0,0,373,140,33
2009,South Africa,0,973,925,693,0
2009,Thailand,0,330,1689,487,182
2009,Ukraine,0,315,503,430,1072
2009,Non-OECD Total,0,36756,57489,27549,22862
2009,Africa,0,1096,5387,1824,1135
2009,Non-OECD Americas,0,265,7085,2711,2132
2009,Non-OECD Asia (including China),0,33734,28763,16812,5308
2009,Non-OECD Europe and Eurasia,0,1630,6916,4040,8730
2009,Middle East,0,31,9338,2162,5555
2009,IEA Total,0,4629,71565,32029,28381
2009,IEA and Accession/Association countries,0,38448,104086,50607,35094
2009,World,0,41479,144789,60252,51486
2010,Australia,0,106,1653,763,515
2010,Austria,0,20,463,216,214
2010,Belgium,0,49,868,308,459
2010,Canada,0,136,3669,1721,1768
2010,Chile,0,18,506,197,99
2010,Colombia,0,67,386,170,130
2010,Costa Rica,0,0,84,31,0
2010,Czech Republic,0,107,360,195,259
2010,Denmark,0,6,260,115,73
2010,Estonia,0,4,41,25,9
2010,Finland,0,34,342,301,35
2010,France,0,113,2984,1599,1382
2010,Germany,0,301,3964,1915,2361
2010,Greece,0,13,510,191,48
2010,Hungary,0,17,254,123,270
2010,Iceland,0,4,22,57,0
2010,Ireland,0,25,282,91,66
2010,Israel,0,0,396,175,3
2010,Italy,0,79,2279,1078,1636
2010,Japan,0,957,6929,3728,1213
2010,Korea,0,400,3428,1618,862
2010,Latvia,0,4,59,22,21
2010,Lithuania,0,8,72,30,46
2010,Luxembourg,0,3,103,24,28
2010,Mexico,0,169,3120,776,542
2010,Netherlands,0,19,1009,388,1033
2010,New Zealand,0,25,247,144,74
2010,Norway,0,24,365,409,33
2010,Poland,0,578,973,427,442
2010,Portugal,0,2,424,180,65
2010,Slovak Republic,0,49,129,87,155
2010,Slovenia,0,2,107,43,29
2010,Spain,0,37,2092,881,621
2010,Sweden,0,36,477,472,28
2010,Switzerland,0,6,451,215,113
2010,Republic of Turkiye,0,621,1189,612,550
2010,United Kingdom,0,127,2320,1180,1972
2010,United States,0,1124,31751,13638,13466
2010,OECD Total,0,5290,74566,34144,30617
2010,Argentina,0,25,919,398,825
2010,Brazil,0,307,3921,1576,565
2010,People's Republic of China,0,29804,15315,12423,3069
2010,Egypt,0,15,1230,451,459
2010,India,0,3645,5783,2584,781
2010,Indonesia,0,719,2154,530,664
2010,Kenya,0,7,118,21,0
2010,Morocco,0,1,404,85,2
2010,Senegal,0,7,39,9,0
2010,Singapore,0,0,445,152,43
2010,South Africa,0,645,931,730,34
2010,Thailand,0,386,1798,538,192
2010,Ukraine,0,334,525,483,1189
2010,Non-OECD Total,0,39114,61023,30234,25652
2010,Africa,0,770,5715,1953,1132
2010,Non-OECD Americas,0,371,7770,2877,2343
2010,Non-OECD Asia (including China),0,36194,30876,18696,6321
2010,Non-OECD Europe and Eurasia,0,1730,7285,4295,9744
2010,Middle East,0,49,9376,2412,6111
2010,IEA Total,0,5195,73005,33449,30336
2010,IEA and Accession/Association countries,0,41181,107932,53993,38410
2010,World,0,44404,150722,64378,56269
2011,Australia,0,104,1726,770,522
2011,Austria,0,19,438,216,204
2011,Belgium,0,42,817,300,403
2011,Canada,0,158,3721,1753,1926
2011,Chile,0,15,534,209,82
2011,Colombia,0,111,464,180,134
2011,Costa Rica,0,0,87,31,0
2011,Czech Republic,0,105,349,193,235
2011,Denmark,0,6,251,114,67
2011,Estonia,0,5,42,24,9
2011,Finland,0,31,325,288,32
2011,France,0,111,2988,1528,1303
2011,Germany,0,328,3847,1890,2115
2011,Greece,0,9,478,186,61
2011,Hungary,0,19,242,124,262
2011,Iceland,0,4,21,58,0
2011,Ireland,0,23,254,90,63
2011,Israel,0,0,362,176,5
2011,Italy,0,95,2246,1087,1506
2011,Japan,0,956,6773,3588,1249
2011,Korea,0,421,3437,1694,903
2011,Latvia,0,4,54,22,17
2011,Lithuania,0,10,72,31,66
2011,Luxembourg,0,2,106,23,25
2011,Mexico,0,208,3107,842,575
2011,Netherlands,0,21,953,388,882
2011,New Zealand,0,23,246,143,71
2011,Norway,0,23,354,389,35
2011,Poland,0,534,966,437,434
2011,Portugal,0,1,393,174,69
2011,Slovak Republic,0,50,125,89,139
2011,Slovenia,0,2,107,45,24
2011,Spain,0,46,1940,877,607
2011,Sweden,0,36,455,449,28
2011,Switzerland,0,6,409,211,101
2011,Republic of Turkiye,0,577,1182,662,740
2011,United Kingdom,0,117,2230,1141,1636
2011,United States,0,1028,30123,13606,13519
2011,OECD Total,0,5252,72220,34026,30047
2011,Argentina,0,27,908,417,870
2011,Brazil,0,349,4188,1647,564
2011,People's Republic of China,0,31716,16076,13905,3168
2011,Egypt,0,11,1245,495,492
2011,India,0,3872,6090,2786,1009
2011,Indonesia,0,758,2564,569,706
2011,Kenya,0,10,113,23,0
2011,Morocco,0,1,431,92,2
2011,Senegal,0,10,41,9,0
2011,Singapore,0,0,485,155,45
2011,South Africa,0,572,1005,737,73
2011,Thailand,0,314,1860,535,244
2011,Ukraine,0,376,524,503,1222
2011,Non-OECD Total,0,41273,62691,32381,27164
2011,Africa,0,716,5807,2030,1285
2011,Non-OECD Americas,0,422,8030,2991,2412
2011,Non-OECD Asia (including China),0,38193,32349,20488,6916
2011,Non-OECD Europe and Eurasia,0,1899,7172,4387,9666
2011,Middle East,0,44,9333,2486,6885
2011,IEA Total,0,5116,70594,33306,29786
2011,IEA and Accession/Association countries,0,43261,107536,55768,38416
2011,World,0,46525,150251,66408,57211
2012,Australia,0,101,1784,761,522
2012,Austria,0,19,437,219,204
2012,Belgium,0,40,816,299,425
2012,Canada,0,148,3778,1733,1869
2012,Chile,0,9,527,224,60
2012,Colombia,0,72,484,183,138
2012,Costa Rica,0,0,89,32,0
2012,Czech Republic,0,109,347,194,230
2012,Denmark,0,5,229,112,66
2012,Estonia,0,4,42,25,10
2012,Finland,0,26,318,291,30
2012,France,0,99,2965,1598,1383
2012,Germany,0,303,3845,1888,2192
2012,Greece,0,10,397,187,56
2012,Hungary,0,17,229,126,231
2012,Iceland,0,4,21,59,0
2012,Ireland,0,22,241,89,68
2012,Israel,0,0,377,186,7
2012,Italy,0,95,2073,1068,1500
2012,Japan,0,952,6666,3569,1229
2012,Korea,0,401,3533,1733,959
2012,Latvia,0,3,53,25,17
2012,Lithuania,0,10,72,32,68
2012,Luxembourg,0,2,103,22,26
2012,Mexico,0,128,3069,892,600
2012,Netherlands,0,25,969,375,922
2012,New Zealand,0,25,244,142,81
2012,Norway,0,25,353,398,35
2012,Poland,0,544,915,440,451
2012,Portugal,0,1,344,166,68
2012,Slovak Republic,0,41,118,86,132
2012,Slovenia,0,2,104,45,23
2012,Spain,0,31,1751,865,628
2012,Sweden,0,31,430,458,29
2012,Switzerland,0,5,419,212,112
2012,Republic of Turkiye,0,613,1249,694,759
2012,United Kingdom,0,114,2190,1142,1784
2012,United States,0,918,29602,13416,13058
2012,OECD Total,0,4954,71181,33990,29967
2012,Argentina,0,23,899,426,869
2012,Brazil,0,334,4426,1703,562
2012,People's Republic of China,0,32241,17052,14861,3580
2012,Egypt,0,10,1260,505,501
2012,India,0,3739,6427,2963,1101
2012,Indonesia,0,561,2904,627,731
2012,Kenya,0,9,109,24,0
2012,Morocco,0,0,437,98,3
2012,Senegal,0,9,39,10,0
2012,Singapore,0,1,467,159,42
2012,South Africa,0,676,998,712,72
2012,Thailand,0,328,1970,582,255
2012,Ukraine,0,365,521,496,1114
2012,Non-OECD Total,0,42005,66008,34163,27156
2012,Africa,0,829,6128,2097,1369
2012,Non-OECD Americas,0,404,8417,3086,2410
2012,Non-OECD Asia (including China),0,38347,34189,21838,7548
2012,Non-OECD Europe and Eurasia,0,2334,7247,4439,8849
2012,Middle East,0,91,10027,2703,6980
2012,IEA Total,0,4863,69526,33235,29724
2012,IEA and Accession/Association countries,0,43244,108478,57020,38774
2012,World,0,46959,151984,68153,57124
2013,Australia,0,99,1801,761,544
2013,Austria,0,20,449,220,210
2013,Belgium,0,51,849,299,448
2013,Canada,0,131,3705,1780,1975
2013,Chile,0,8,567,235,59
2013,Colombia,0,115,496,201,158
2013,Costa Rica,0,0,90,33,0
2013,Czech Republic,0,107,335,192,229
2013,Denmark,0,5,223,112,66
2013,Estonia,0,4,42,25,13
2013,Finland,0,23,330,288,30
2013,France,0,103,2944,1623,1437
2013,Germany,0,296,3940,1880,2313
2013,Greece,0,9,346,176,51
2013,Hungary,0,12,224,126,240
2013,Iceland,0,4,23,61,0
2013,Ireland,0,23,242,90,68
2013,Israel,0,0,347,186,42
2013,Italy,0,68,1948,1035,1494
2013,Japan,0,951,6742,3562,1207
2013,Korea,0,415,3543,1754,1011
2013,Latvia,0,2,54,24,14
2013,Lithuania,0,11,72,32,55
2013,Luxembourg,0,2,101,22,25
2013,Mexico,0,158,3029,869,625
2013,Netherlands,0,21,916,376,923
2013,New Zealand,0,27,248,140,94
2013,Norway,0,25,350,401,38
2013,Poland,0,526,871,445,453
2013,Portugal,0,1,339,163,66
2013,Slovak Republic,0,43,115,90,142
2013,Slovenia,0,2,97,45,23
2013,Spain,0,40,1669,828,639
2013,Sweden,0,32,426,450,25
2013,Switzerland,0,5,426,214,120
2013,Republic of Turkiye,0,480,1302,706,795
2013,United Kingdom,0,135,2160,1135,1805
2013,United States,0,939,30045,13558,14225
2013,OECD Total,0,4894,71404,34135,31663
2013,Argentina,0,25,951,435,909
2013,Brazil,0,319,4508,1754,567
2013,People's Republic of China,0,32289,18053,16199,4028
2013,Egypt,0,10,1201,517,497
2013,India,0,4026,6476,3104,1114
2013,Indonesia,0,194,2932,676,731
2013,Kenya,0,13,123,26,0
2013,Morocco,0,1,450,101,2
2013,Senegal,0,9,42,11,0
2013,Singapore,0,5,492,162,49
2013,South Africa,0,749,1056,708,71
2013,Thailand,0,307,2123,592,298
2013,Ukraine,0,361,496,495,1044
2013,Non-OECD Total,0,41844,68140,36146,27715
2013,Africa,0,899,6477,2138,1402
2013,Non-OECD Americas,0,389,8576,3205,2443
2013,Non-OECD Asia (including China),0,38244,35768,23514,8086
2013,Non-OECD Europe and Eurasia,0,2199,7311,4445,8613
2013,Middle East,0,113,10009,2843,7170
2013,IEA Total,0,4762,69732,33351,31367
2013,IEA and Accession/Association countries,0,43195,110096,58776,40952
2013,World,0,46738,154429,70281,59378
2014,Australia,0,102,1804,755,559
2014,Austria,0,19,436,217,198
2014,Belgium,0,53,844,292,384
2014,Canada,0,124,3637,1807,2050
2014,Chile,0,6,571,242,54
2014,Colombia,0,116,512,211,159
2014,Costa Rica,0,0,92,33,0
2014,Czech Republic,0,96,357,192,205
2014,Denmark,0,5,217,111,61
2014,Estonia,0,4,43,25,9
2014,Finland,0,23,314,285,29
2014,France,0,103,2898,1531,1215
2014,Germany,0,284,3856,1842,2092
2014,Greece,0,10,351,178,50
2014,Hungary,0,10,250,125,230
2014,Iceland,0,4,23,61,0
2014,Ireland,0,22,235,89,68
2014,Israel,0,0,342,185,56
2014,Italy,0,58,2003,1013,1315
2014,Japan,0,924,6482,3505,1192
2014,Korea,0,403,3623,1753,930
2014,Latvia,0,2,55,24,14
2014,Lithuania,0,9,77,33,58
2014,Luxembourg,0,2,96,22,24
2014,Mexico,0,109,3059,908,594
2014,Netherlands,0,20,865,366,785
2014,New Zealand,0,25,254,143,126
2014,Norway,0,25,349,393,39
2014,Poland,0,497,875,451,436
2014,Portugal,0,1,345,163,65
2014,Slovak Republic,0,41,112,87,115
2014,Slovenia,0,2,96,45,22
2014,Spain,0,26,1611,817,619
2014,Sweden,0,30,408,440,26
2014,Switzerland,0,6,382,207,107
2014,Republic of Turkiye,0,479,1279,740,823
2014,United Kingdom,0,133,2178,1086,1541
2014,United States,0,930,30247,13640,14734
2014,OECD Total,0,4703,71178,34015,30982
2014,Argentina,0,26,903,455,900
2014,Brazil,0,316,4571,1808,554
2014,People's Republic of China,0,32372,18836,17406,4424
2014,Egypt,0,9,1262,528,381
2014,India,0,4268,6768,3472,1102
2014,Indonesia,0,272,2944,716,729
2014,Kenya,0,20,136,27,0
2014,Morocco,0,1,443,105,4
2014,Senegal,0,12,43,12,0
2014,Singapore,0,7,525,167,51
2014,South Africa,0,777,1026,704,71
2014,Thailand,0,268,2120,608,312
2014,Ukraine,0,383,422,462,878
2014,Non-OECD Total,0,42372,70478,38126,28441
2014,Africa,0,947,6715,2182,1357
2014,Non-OECD Americas,0,390,8552,3209,2389
2014,Non-OECD Asia (including China),0,38735,37115,25274,8411
2014,Non-OECD Europe and Eurasia,0,2172,7556,4407,8819
2014,Middle East,0,127,10541,3055,7465
2014,IEA Total,0,4572,69487,33216,30678
2014,IEA and Accession/Association countries,0,43427,110967,60346,40364
2014,World,0,47075,157040,72142,59422
2015,Australia,0,98,1750,768,550
2015,Austria,0,19,442,220,205
2015,Belgium,0,53,863,293,415
2015,Canada,0,111,3694,1804,2005
2015,Chile,0,9,579,241,63
2015,Colombia,0,101,505,215,178
2015,Costa Rica,0,0,97,34,0
2015,Czech Republic,0,95,349,196,214
2015,Denmark,0,5,224,111,63
2015,Estonia,0,2,44,25,9
2015,Finland,0,23,303,283,27
2015,France,0,95,2897,1566,1247
2015,Germany,0,318,3855,1854,2164
2015,Greece,0,9,373,183,55
2015,Hungary,0,11,272,131,240
2015,Iceland,0,4,23,63,0
2015,Ireland,0,23,240,93,72
2015,Israel,0,0,352,194,56
2015,Italy,0,40,1974,1035,1405
2015,Japan,0,909,6435,3418,1202
2015,Korea,0,452,3781,1783,858
2015,Latvia,0,2,58,23,13
2015,Lithuania,0,7,82,34,61
2015,Luxembourg,0,2,92,22,25
2015,Mexico,0,163,3044,927,583
2015,Netherlands,0,21,892,373,809
2015,New Zealand,0,26,260,144,113
2015,Norway,0,24,351,402,40
2015,Poland,0,474,930,460,444
2015,Portugal,0,1,343,165,68
2015,Slovak Republic,0,37,115,88,120
2015,Slovenia,0,2,95,46,24
2015,Spain,0,22,1683,835,559
2015,Sweden,0,31,397,449,28
2015,Switzerland,0,5,378,210,112
2015,Republic of Turkiye,0,503,1469,772,897
2015,United Kingdom,0,121,2262,1087,1595
2015,United States,0,817,30884,13611,14113
2015,OECD Total,0,4637,72386,34159,30634
2015,Argentina,0,24,903,476,924
2015,Brazil,0,323,4304,1777,539
2015,People's Republic of China,0,31805,20154,17536,4406
2015,Egypt,0,8,1258,561,438
2015,India,0,4056,7520,3665,1191
2015,Indonesia,0,346,2883,731,722
2015,Kenya,0,21,166,29,0
2015,Morocco,0,1,463,108,3
2015,Senegal,0,13,49,12,0
2015,Singapore,0,7,559,171,51
2015,South Africa,0,683,1064,689,73
2015,Thailand,0,342,2147,627,300
2015,Ukraine,0,263,394,428,673
2015,Non-OECD Total,0,41204,72325,38737,28812
2015,Africa,0,857,6708,2232,1529
2015,Non-OECD Americas,0,397,8187,3267,2348
2015,Non-OECD Asia (including China),0,37865,39447,25756,8470
2015,Non-OECD Europe and Eurasia,0,1970,7609,4379,8661
2015,Middle East,0,115,10375,3103,7804
2015,IEA Total,0,4520,70677,33342,30301
2015,IEA and Accession/Association countries,0,42521,114035,60826,39929
2015,World,0,45842,160849,72896,59448
2016,Australia,0,113,1770,774,522
2016,Austria,0,20,454,224,212
2016,Belgium,0,57,847,296,428
2016,Canada,0,107,3726,1787,2051
2016,Chile,0,9,620,253,71
2016,Colombia,0,102,565,217,181
2016,Costa Rica,0,0,106,35,0
2016,Czech Republic,0,95,323,201,225
2016,Denmark,0,5,227,112,64
2016,Estonia,0,2,43,26,11
2016,Finland,0,25,326,291,26
2016,France,0,107,2835,1594,1308
2016,Germany,0,304,3861,1863,2304
2016,Greece,0,8,379,192,50
2016,Hungary,0,12,269,134,252
2016,Iceland,0,4,23,62,0
2016,Ireland,0,23,253,95,75
2016,Israel,0,0,362,200,46
2016,Italy,0,40,1931,1030,1419
2016,Japan,0,883,6301,3423,1186
2016,Korea,0,395,3939,1862,901
2016,Latvia,0,2,57,23,13
2016,Lithuania,0,8,88,35,58
2016,Luxembourg,0,2,89,23,27
2016,Mexico,0,78,3150,973,597
2016,Netherlands,0,24,932,377,828
2016,New Zealand,0,24,268,142,122
2016,Norway,0,26,344,412,36
2016,Poland,0,488,1023,478,475
2016,Portugal,0,1,337,167,68
2016,Slovak Republic,0,36,123,90,122
2016,Slovenia,0,2,100,47,25
2016,Spain,0,23,1758,837,578
2016,Sweden,0,30,403,459,23
2016,Switzerland,0,5,378,210,117
2016,Republic of Turkiye,0,529,1569,821,913
2016,United Kingdom,0,105,2324,1088,1639
2016,United States,0,733,31041,13730,14168
2016,OECD Total,0,4423,73143,34583,31140
2016,Argentina,0,19,899,475,897
2016,Brazil,0,279,4232,1772,528
2016,People's Republic of China,0,29864,20771,18573,4769
2016,Egypt,0,43,1301,548,461
2016,India,0,4026,7896,3898,1284
2016,Indonesia,0,403,2644,778,610
2016,Kenya,0,20,179,30,0
2016,Morocco,0,1,471,112,3
2016,Senegal,0,13,53,13,0
2016,Singapore,0,7,513,175,51
2016,South Africa,0,671,1020,736,71
2016,Thailand,0,255,2240,666,301
2016,Ukraine,0,264,401,423,657
2016,Non-OECD Total,0,39305,73477,40579,29917
2016,Africa,0,886,6868,2309,1529
2016,Non-OECD Americas,0,334,8064,3248,2240
2016,Non-OECD Asia (including China),0,35956,40569,27355,9046
2016,Non-OECD Europe and Eurasia,0,2007,7644,4416,9142
2016,Middle East,0,121,10332,3252,7961
2016,IEA Total,0,4304,71311,33746,30804
2016,IEA and Accession/Association countries,0,40284,115535,62637,40747
2016,World,0,43727,163315,75162,61059
2017,Australia,0,112,1789,767,516
2017,Austria,0,20,455,227,214
2017,Belgium,0,55,816,296,440
2017,Canada,0,115,3707,1857,2107
2017,Chile,0,12,637,251,71
2017,Colombia,0,107,533,222,180
2017,Costa Rica,0,0,110,36,0
2017,Czech Republic,0,100,379,207,235
2017,Denmark,0,5,225,112,67
2017,Estonia,0,5,44,26,10
2017,Finland,0,23,313,292,28
2017,France,0,85,2862,1582,1274
2017,Germany,0,300,3940,1868,2318
2017,Greece,0,8,368,194,52
2017,Hungary,0,15,292,139,262
2017,Iceland,0,4,24,64,0
2017,Ireland,0,20,248,96,76
2017,Israel,0,0,384,203,47
2017,Italy,0,30,1903,1051,1448
2017,Japan,0,909,6309,3473,1239
2017,Korea,0,363,4075,1884,928
2017,Latvia,0,2,60,23,14
2017,Lithuania,0,8,92,36,66
2017,Luxembourg,0,2,92,23,26
2017,Mexico,0,143,3056,979,634
2017,Netherlands,0,27,967,381,840
2017,New Zealand,0,24,278,141,117
2017,Norway,0,26,340,414,40
2017,Poland,0,496,1168,489,476
2017,Portugal,0,0,344,168,73
2017,Slovak Republic,0,37,140,93,131
2017,Slovenia,0,2,100,49,26
2017,Spain,0,37,1792,861,586
2017,Sweden,0,29,400,458,35
2017,Switzerland,0,5,366,211,118
2017,Republic of Turkiye,0,530,1670,885,1053
2017,United Kingdom,0,95,2351,1073,1605
2017,United States,0,712,31116,13522,14499
2017,OECD Total,0,4463,73746,34649,31852
2017,Argentina,0,21,933,464,846
2017,Brazil,0,322,4272,1796,528
2017,People's Republic of China,0,27237,21639,20281,5509
2017,Egypt,0,83,1246,567,562
2017,India,0,4256,8357,4121,1330
2017,Indonesia,0,399,2811,804,647
2017,Kenya,0,19,181,31,0
2017,Morocco,0,1,497,117,3
2017,Senegal,0,9,43,14,0
2017,Singapore,0,25,516,179,54
2017,South Africa,0,775,1122,732,77
2017,Thailand,0,314,2257,667,294
2017,Ukraine,0,221,412,423,627
2017,Non-OECD Total,0,37620,76126,42969,31336
2017,Africa,0,1024,6909,2372,1637
2017,Non-OECD Americas,0,375,8131,3199,2217
2017,Non-OECD Asia (including China),0,34142,42398,29484,10066
2017,Non-OECD Europe and Eurasia,0,1944,8008,4543,9829
2017,Middle East,0,135,10680,3371,7588
2017,IEA Total,0,4336,71898,33802,31514
2017,IEA and Accession/Association countries,0,38139,117799,64695,42303
2017,World,0,42083,167331,77618,63191
2018,Australia,0,122,1836,774,516
2018,Austria,0,18,462,228,206
2018,Belgium,0,56,831,298,441
2018,Canada,0,111,3779,1901,2212
2018,Chile,0,10,650,263,84
2018,Colombia,0,108,526,223,182
2018,Costa Rica,0,0,109,36,0
2018,Czech Republic,0,97,383,209,220
2018,Denmark,0,6,227,111,66
2018,Estonia,0,5,44,27,11
2018,Finland,0,25,312,298,27
2018,France,0,62,2758,1574,1263
2018,Germany,0,279,3734,1834,2387
2018,Greece,0,12,356,178,54
2018,Hungary,0,11,311,142,254
2018,Iceland,0,5,26,67,0
2018,Ireland,0,21,256,100,82
2018,Israel,0,1,370,207,53
2018,Italy,0,35,1921,1055,1434
2018,Japan,0,888,6129,3404,1218
2018,Korea,0,396,3963,1913,938
2018,Latvia,0,2,61,24,14
2018,Lithuania,0,8,100,37,61
2018,Luxembourg,0,2,97,23,26
2018,Mexico,0,107,2887,1079,512
2018,Netherlands,0,24,962,388,820
2018,New Zealand,0,27,281,141,104
2018,Norway,0,25,347,421,36
2018,Poland,0,471,1190,506,472
2018,Portugal,0,0,325,173,75
2018,Slovak Republic,0,39,151,93,130
2018,Slovenia,0,2,101,49,25
2018,Spain,0,31,1833,858,619
2018,Sweden,0,28,375,459,34
2018,Switzerland,0,4,355,208,113
2018,Republic of Turkiye,0,446,1639,918,1045
2018,United Kingdom,0,88,2308,1078,1641
2018,United States,0,701,31739,14043,15935
2018,OECD Total,0,4270,73731,35342,33310
2018,Argentina,0,25,931,464,849
2018,Brazil,0,333,4027,1828,569
2018,People's Republic of China,0,25268,23464,22241,6660
2018,Egypt,0,114,1245,546,589
2018,India,0,4428,8662,4425,1357
2018,Indonesia,0,616,3001,960,698
2018,Kenya,0,18,187,32,0
2018,Morocco,0,1,504,117,3
2018,Senegal,0,11,49,15,0
2018,Singapore,0,8,518,182,56
2018,South Africa,0,753,1096,734,69
2018,Thailand,0,289,2296,677,306
2018,Ukraine,0,268,434,427,626
2018,Non-OECD Total,0,36260,78600,45771,33436
2018,Africa,0,1045,7058,2414,1807
2018,Non-OECD Americas,0,391,7837,3238,2263
2018,Non-OECD Asia (including China),0,32649,44784,32098,11406
2018,Non-OECD Europe and Eurasia,0,2043,8274,4606,10638
2018,Middle East,0,132,10647,3415,7322
2018,IEA Total,0,4143,71888,34474,32952
2018,IEA and Accession/Association countries,0,36396,119909,67838,45065
2018,World,0,40530,170191,81114,66750
2019,Australia,0,120,1814,779,505
2019,Austria,0,20,470,229,215
2019,Belgium,0,54,791,294,437
2019,Canada,0,104,3846,1904,2183
2019,Chile,0,10,642,267,100
2019,Colombia,0,95,586,243,147
2019,Costa Rica,0,0,108,37,0
2019,Czech Republic,0,86,385,210,221
2019,Denmark,0,5,220,111,65
2019,Estonia,0,5,44,26,10
2019,Finland,0,24,304,293,30
2019,France,0,51,2749,1554,1234
2019,Germany,0,258,3808,1787,2336
2019,Greece,0,8,365,181,55
2019,Hungary,0,10,315,145,250
2019,Iceland,0,5,23,66,0
2019,Ireland,0,18,254,102,82
2019,Israel,0,1,365,216,65
2019,Italy,0,34,1896,1051,1410
2019,Japan,0,867,5973,3338,1224
2019,Korea,0,329,4082,1886,912
2019,Latvia,0,2,60,24,14
2019,Lithuania,0,8,102,38,65
2019,Luxembourg,0,2,99,23,26
2019,Mexico,0,105,2933,1008,515
2019,Netherlands,0,25,913,387,806
2019,New Zealand,0,25,291,143,118
2019,Norway,0,25,336,419,40
2019,Poland,0,400,1219,505,469
2019,Portugal,0,0,347,172,76
2019,Slovak Republic,0,35,143,91,123
2019,Slovenia,0,2,98,49,25
2019,Spain,0,27,1836,844,625
2019,Sweden,0,29,377,449,34
2019,Switzerland,0,4,349,206,116
2019,Republic of Turkiye,0,453,1659,912,1082
2019,United Kingdom,0,86,2236,1065,1614
2019,United States,0,645,31623,13788,16019
2019,OECD Total,0,3974,73659,34842,33249
2019,Argentina,0,15,931,452,847
2019,Brazil,0,304,4086,1850,522
2019,People's Republic of China,0,24041,23789,23483,7549
2019,Egypt,0,81,1131,533,586
2019,India,0,4237,8715,4566,1437
2019,Indonesia,0,1028,2902,973,692
2019,Kenya,0,15,197,32,0
2019,Morocco,0,1,523,121,3
2019,Senegal,0,9,51,17,0
2019,Singapore,0,8,535,186,56
2019,South Africa,0,639,1043,717,76
2019,Thailand,0,328,2307,695,296
2019,Ukraine,0,264,442,420,564
2019,Non-OECD Total,0,35329,79259,47335,35422
2019,Africa,0,900,7123,2432,1809
2019,Non-OECD Americas,0,351,7868,3236,2145
2019,Non-OECD Asia (including China),0,31804,45089,33656,12339
2019,Non-OECD Europe and Eurasia,0,2149,8510,4570,10548
2019,Middle East,0,126,10668,3441,8580
2019,IEA Total,0,3860,71776,33941,32898
2019,IEA and Accession/Association countries,0,34937,120082,68736,45852
2019,World,0,39303,170706,82177,68679
2020,Australia,0,112,1717,780,516
2020,Austria,0,19,425,222,210
2020,Belgium,0,44,725,284,427
2020,Canada,0,88,3303,1865,2091
2020,Chile,0,6,607,268,88
2020,Colombia,0,88,502,237,141
2020,Costa Rica,0,0,94,36,0
2020,Czech Republic,0,82,348,206,220
2020,Denmark,0,5,207,109,63
2020,Estonia,0,3,43,26,10
2020,Finland,0,20,294,277,30
2020,France,0,45,2455,1481,1151
2020,Germany,0,257,3616,1736,2299
2020,Greece,0,7,326,171,62
2020,Hungary,0,8,293,144,261
2020,Iceland,0,4,21,64,0
2020,Ireland,0,18,234,103,82
2020,Israel,0,1,340,216,53
2020,Italy,0,30,1600,991,1359
2020,Japan,0,787,5551,3289,1128
2020,Korea,0,307,3882,1846,884
2020,Latvia,0,1,58,23,14
2020,Lithuania,0,6,99,37,62
2020,Luxembourg,0,2,78,22,24
2020,Mexico,0,106,2359,1080,439
2020,Netherlands,0,18,899,383,768
2020,New Zealand,0,22,257,140,109
2020,Norway,0,26,323,419,36
2020,Poland,0,396,1175,494,473
2020,Portugal,0,0,307,167,73
2020,Slovak Republic,0,29,144,86,118
2020,Slovenia,0,1,84,47,24
2020,Spain,0,27,1570,791,597
2020,Sweden,0,23,328,444,35
2020,Switzerland,0,4,319,201,113
2020,Republic of Turkiye,0,513,1671,931,1116
2020,United Kingdom,0,83,1878,1010,1580
2020,United States,0,540,27963,13600,14925
2020,OECD Total,0,3730,66099,34225,31583
2020,Argentina,0,16,792,448,811
2020,Brazil,0,284,3860,1836,450
2020,People's Republic of China,0,23645,24259,24582,8220
2020,Egypt,0,59,1140,551,567
2020,India,0,4000,8089,4190,1389
2020,Indonesia,0,848,2581,992,703
2020,Kenya,0,22,186,32,0
2020,Morocco,0,1,481,118,3
2020,Senegal,0,13,49,16,0
2020,Singapore,0,8,496,183,62
2020,South Africa,0,607,937,681,74
2020,Thailand,0,356,2247,674,222
2020,Ukraine,0,244,404,409,552
2020,Non-OECD Total,0,34687,76002,47974,35906
2020,Africa,0,830,6645,2415,1731
2020,Non-OECD Americas,0,324,6913,3177,1895
2020,Non-OECD Asia (including China),0,31273,44188,34430,12857
2020,Non-OECD Europe and Eurasia,0,2128,8424,4494,10444
2020,Middle East,0,132,9832,3458,8979
2020,IEA Total,0,3629,64393,33333,31262
2020,IEA and Accession/Association countries,0,33826,111421,68791,44612
2020,World,0,38417,154525,82199,67499
2021,Australia,0,113,1710,779,527
2021,Austria,0,19,446,232,221
2021,Belgium,0,46,773,293,467
2021,Canada,0,89,3464,1889,2131
2021,Chile,0,7,643,275,92
2021,Colombia,0,93,640,253,145
2021,Costa Rica,0,1,105,37,0
2021,Czech Republic,0,87,383,216,234
2021,Denmark,0,6,209,116,68
2021,Estonia,0,3,41,28,11
2021,Finland,0,22,276,296,34
2021,France,0,125,2651,1559,1274
2021,Germany,0,257,3702,1781,2500
2021,Greece,0,8,330,177,62
2021,Hungary,0,8,320,152,277
2021,Iceland,0,5,22,66,0
2021,Ireland,0,18,245,106,81
2021,Israel,0,1,350,219,45
2021,Italy,0,38,1818,1052,1506
2021,Japan,0,843,5510,3355,1182
2021,Korea,0,297,4074,1929,913
2021,Latvia,0,1,60,24,15
2021,Lithuania,0,7,99,40,60
2021,Luxembourg,0,2,82,23,25
2021,Mexico,0,52,2321,1062,383
2021,Netherlands,0,17,892,386,829
2021,New Zealand,0,22,270,140,94
2021,Norway,0,28,328,432,35
2021,Poland,0,387,1230,517,533
2021,Portugal,0,0,322,170,80
2021,Slovak Republic,0,36,150,92,130
2021,Slovenia,0,1,91,48,26
2021,Spain,0,27,1730,820,642
2021,Sweden,0,27,349,462,34
2021,Switzerland,0,4,332,209,124
2021,Republic of Turkiye,0,538,1739,1017,1250
2021,United Kingdom,0,77,1972,1030,1694
2021,United States,0,568,30341,13818,15476
2021,OECD Total,0,3878,70019,35100,33202
2021,Argentina,0,22,964,465,815
2021,Brazil,0,327,4160,1917,518
2021,People's Republic of China,0,22704,25825,27292,9337
2021,Egypt,0,90,1176,569,597
2021,India,0,4472,8581,4344,1579
2021,Indonesia,0,881,2647,1030,689
2021,Kenya,0,25,199,35,0
2021,Morocco,0,1,525,124,3
2021,Senegal,0,15,56,19,0
2021,Singapore,0,8,519,193,65
2021,South Africa,0,611,1012,696,79
2021,Thailand,0,338,2235,686,225
2021,Ukraine,0,231,438,427,558
2021,Non-OECD Total,0,34333,80409,51857,38393
2021,Africa,0,900,7129,2506,1888
2021,Non-OECD Americas,0,371,7648,3325,2016
2021,Non-OECD Asia (including China),0,30763,46437,37548,14304
2021,Non-OECD Europe and Eurasia,0,2165,8969,4858,11092
2021,Middle East,0,134,10226,3621,9093
2021,IEA Total,0,3769,68108,34178,32879
2021,IEA and Accession/Association countries,0,33596,118137,72747,47642
2021,World,0,38210,163571,86957,71609
2022 Provisional,Australia,..,..,..,..,..
2022 Provisional,Austria,..,..,..,..,..
2022 Provisional,Belgium,..,..,..,..,..
2022 Provisional,Canada,..,..,..,..,..
2022 Provisional,Chile,..,..,..,..,..
2022 Provisional,Colombia,..,..,..,..,..
2022 Provisional,Costa Rica,..,..,..,..,..
2022 Provisional,Czech Republic,..,..,..,..,..
2022 Provisional,Denmark,..,..,..,..,..
2022 Provisional,Estonia,..,..,..,..,..
2022 Provisional,Finland,..,..,..,..,..
2022 Provisional,France,..,..,..,..,..
2022 Provisional,Germany,..,..,..,..,..
2022 Provisional,Greece,..,..,..,..,..
2022 Provisional,Hungary,..,..,..,..,..
2022 Provisional,Iceland,..,..,..,..,..
2022 Provisional,Ireland,..,..,..,..,..
2022 Provisional,Israel,..,..,..,..,..
2022 Provisional,Italy,..,..,..,..,..
2022 Provisional,Japan,..,..,..,..,..
2022 Provisional,Korea,..,..,..,..,..
2022 Provisional,Latvia,..,..,..,..,..
2022 Provisional,Lithuania,..,..,..,..,..
2022 Provisional,Luxembourg,..,..,..,..,..
2022 Provisional,Mexico,..,..,..,..,..
2022 Provisional,Netherlands,..,..,..,..,..
2022 Provisional,New Zealand,..,..,..,..,..
2022 Provisional,Norway,..,..,..,..,..
2022 Provisional,Poland,..,..,..,..,..
2022 Provisional,Portugal,..,..,..,..,..
2022 Provisional,Slovak Republic,..,..,..,..,..
2022 Provisional,Slovenia,..,..,..,..,..
2022 Provisional,Spain,..,..,..,..,..
2022 Provisional,Sweden,..,..,..,..,..
2022 Provisional,Switzerland,..,..,..,..,..
2022 Provisional,Republic of Turkiye,..,..,..,..,..
2022 Provisional,United Kingdom,..,..,..,..,..
2022 Provisional,United States,..,..,..,..,..
2022 Provisional,OECD Total,..,..,..,..,..
2022 Provisional,Argentina,0,26,966,448,865
2022 Provisional,Brazil,0,338,4401,1983,569
2022 Provisional,People's Republic of China,..,..,..,..,..
2022 Provisional,Egypt,..,..,..,..,..
2022 Provisional,India,..,..,..,..,..
2022 Provisional,Indonesia,..,..,..,..,..
2022 Provisional,Kenya,..,..,..,..,..
2022 Provisional,Morocco,..,..,..,..,..
2022 Provisional,Senegal,..,..,..,..,..
2022 Provisional,Singapore,..,..,..,..,..
2022 Provisional,South Africa,..,..,..,..,..
2022 Provisional,Thailand,..,..,..,..,..
2022 Provisional,Ukraine,..,..,..,..,..
2022 Provisional,Non-OECD Total,..,..,..,..,..
2022 Provisional,Africa,..,..,..,..,..
2022 Provisional,Non-OECD Americas,..,..,..,..,..
2022 Provisional,Non-OECD Asia (including China),..,..,..,..,..
2022 Provisional,Non-OECD Europe and Eurasia,..,..,..,..,..
2022 Provisional,Middle East,..,..,..,..,..
2022 Provisional,IEA Total,..,..,..,..,..
2022 Provisional,IEA and Accession/Association countries,..,..,..,..,..
2022 Provisional,World,..,..,..,..,..
