,,,,,,,,,Contents,,,,,,,,,,,,,,,,,,,,,,,,,,,,,,,,,,,,,,,,,,,,,,,,,,,,,,,,,,,,,,,,,,,,,,,,,,,,,,,,,,,,,,,,,,,,,,,,,,,,,
,Canada,Mexico,US,Total North America,,Argentina,Brazil,Chile,Colombia,Ecuador,Peru,Trinidad & Tobago,Venezuela,Central America,Other Caribbean,Other South America,Total S. & Cent. America,,Austria,Belgium,Bulgaria,Croatia,Cyprus,Czech Republic,Denmark,Estonia,Finland,France,Germany,Greece,Hungary,Iceland,Ireland,Italy,Latvia,Lithuania,Luxembourg,Netherlands,North Macedonia,Norway,Poland,Portugal,Romania,Slovakia,Slovenia,Spain,Sweden,Switzerland,Turkey,Ukraine,United Kingdom,Other Europe,Total Europe,,Azerbaijan,Belarus,Kazakhstan,Russian Federation,Turkmenistan,USSR,Uzbekistan,Other CIS,Total CIS,,Iran,Iraq,Israel,Kuwait,Oman,Qatar,Saudi Arabia,United Arab Emirates,Other Middle East,Total Middle East,,Algeria,Egypt,Morocco,South Africa,Eastern Africa,Middle Africa,Western Africa,Other Northern Africa,Other Southern Africa,Total Africa,,Australia,Bangladesh,China,China Hong Kong SAR,India,Indonesia,Japan,Malaysia,New Zealand,Pakistan,Philippines,Singapore,South Korea,Sri Lanka,Taiwan,Thailand,Vietnam,Other Asia Pacific,Total Asia Pacific,,Total World,of which: OECD,                 Non-OECD,                 European Union#
,254,24.7,274,230.2,,53.6,11.7,29,19.2,5.8,16.8,130.4,71.2,10.2,35.4,14.9,23.5,,93.8,157.9,52.4,0,27.3,173.9,125.8,0,91,97.9,140.6,33.4,65.7,142,85.4,65,0,0,456.3,121.4,0,208.3,89.5,20.2,52.5,88.1,0,37.8,182.4,112.2,10.5,0,153.6,30,94,,0,0,0,0,0,108.1,0,0,108.1,,14.2,10,42.1,555,0.6,78.3,170,17.7,14.7,33.7,,7.2,10.7,4.8,66.5,3.7,3.8,2.2,12.7,1.7,8,,134.9,0,7.6,26.3,4.5,3,66,13.1,116.3,2.7,6,92.7,9.2,3.4,19.4,3.6,2.8,10,10.5,,46.7,129.1,18.5,94.7
1965,265.4,25.3,286.1,239.5,,54.5,12.4,30.5,21,6,19.9,136.6,69.5,10.3,35.9,15.8,24.3,,97.5,151.3,55.7,0,30.9,174.7,141.9,0,103.2,99.2,139.9,36.6,66.4,146.4,95.2,70,0,0,432.9,128.4,0,211.4,90.4,22.1,55.7,90.5,0,42.3,192.9,119.3,11.7,0,153.4,31.2,96,,0,0,0,0,0,113.7,0,0,113.7,,15,10.7,42.5,527.7,0.7,70,165.8,18,14.7,33.9,,8.5,11,6.1,64.8,4,3.8,2.2,13.2,2.1,8.2,,138.5,0,8.1,27.9,4.5,2.9,72.2,14.8,121.4,2.6,6.3,103.4,11,3.4,20.1,4.1,4.8,10.4,11.2,,48.2,133.8,19.2,97.1
1966,272.8,25,293.1,244.4,,55.2,12.5,30.6,21.6,6.3,19.7,143.7,71,10.5,36.6,15.9,24.6,,97.8,158,64.2,0,33.2,171.6,141.6,0,108,104.5,138.5,40.3,63.1,142.7,102.6,75.2,0,0,423.2,134.2,0,225.2,92.3,23.7,61.7,90.3,0,45.1,196,125.8,11.8,0,152.6,31.3,97.9,,0,0,0,0,0,118.1,0,0,118.1,,16.1,10.4,50.2,488.8,3.1,88.8,161.7,101.7,14.6,34.7,,7.9,9.2,6.3,65.5,4,3.7,2.3,13.6,2.2,8.1,,144.2,0,7.1,32.2,4.5,2.8,81.7,15.4,120.7,2.8,6.9,121.4,12.3,3.4,21.3,4.6,6.5,10.9,11.4,,49,137.4,19.4,99.8
1967,285.7,26.3,307.5,255.5,,56.2,13.9,29.9,21.8,7.2,19.5,146.3,74.2,10.6,36.7,16,25.4,,104,175.3,71.2,0,36.6,178.7,146.9,0,116.7,109.2,147,41.9,65.2,148.9,119,80.7,0,0,455.7,148.3,0,250.1,98.5,24.2,65.1,98.9,0,47,207.9,130.5,13.4,0,157.2,34.1,103.6,,0,0,0,0,0,121.3,0,0,121.3,,17.2,10.7,49.8,469.2,3.7,249.2,157.7,117.1,15.2,35.5,,8.3,9.7,6.6,67,4,3.7,2.3,14.7,2.4,8.3,,150.2,0,7,34.2,4.8,2.9,90,15.6,122.1,3.1,7.6,147.8,13.8,3.5,23.8,5.7,6.6,11.4,12,,51,144.8,19.8,106.1
1968,298.7,28,319.9,265.1,,57.2,14.8,31.7,21.5,7.4,19.1,149.1,72.7,10.8,37,16.8,25.9,,107.4,191.7,78.7,0,42.9,186,167.7,0,128.4,119.3,157.8,44.2,69.6,147.3,118.7,86.3,0,0,488.7,163.4,0,248.5,104.5,26.4,74.1,102.7,0,52.7,206.7,133.5,14.3,0,162.2,36,110.2,,0,0,0,0,0,125.4,0,0,125.4,,18.3,12,54.8,440.6,5.1,348.5,153.8,99.1,15.4,36.4,,8.9,7.8,7,66.9,4.2,3.8,2.5,15.3,2.5,8.3,,153.3,0,8.3,39.5,5.2,3.2,101.2,16.7,122.8,3,7.9,142.6,16.3,3.5,24.4,5.8,7.6,11.8,13.3,,53.3,152.6,20.7,114.2
1969,313.8,28.9,327.2,271,,53.4,16.9,32.9,23,8.6,19.2,162.7,71.2,11,41.6,17.3,27.1,,122.6,201.7,87.8,0,45,193.6,177.7,0,142,128.5,166,49,74.7,177.9,92.9,94.7,0,0,505.8,182.2,0,258.1,109.5,31.9,78.1,112.8,0,56.3,218.2,145.1,14.9,0,164.9,39.3,116.5,,0,0,0,0,0,130.8,0,0,130.8,,21,14.4,56.8,329.2,5,351.6,155,116,16.5,37.6,,9.6,9.5,7.2,67.8,4.6,3.9,2.6,16.8,2.8,8.8,,163,0,10.3,41.9,4.9,3.3,111.7,15.5,134.9,2.9,8.8,152.3,18.5,5.7,25.9,6.8,7.8,12.3,14.8,,55.5,159.2,21.9,121.9
1970,317,29.5,329.8,272.5,,55.7,18.4,35,22.2,9.2,19.6,162.6,70.2,11.2,42.3,18,28,,121.5,197.1,90.8,0,53.3,203.1,167,0,145.6,132.4,167.1,58.2,76.9,192,95.5,99.1,0,0,482.6,189.9,0,269.7,112.2,35,81.9,120,0,61.4,220.9,147.7,16.1,0,161.2,45.4,118.8,,0,0,0,0,0,136.1,0,0,136.1,,22.4,15.2,62.5,306.7,80.9,310.5,148.2,153,17.2,39.2,,10.1,9.5,7.4,71,4.5,4.3,3.1,14.6,2.9,9.1,,165.9,0.7,12,43.4,5,3.1,117.4,16.9,139,5.7,9.8,130,19.6,5.7,31.8,7.3,6.8,13.2,15.8,,56.6,161.6,23,125
1971,336,31.6,342.3,282.6,,55.5,20.5,35.1,25,9.3,17.1,221.2,72,11.5,44.3,18.2,29.5,,125,208.8,92.8,0,59.7,203.5,175.1,0,152.6,140.3,172.6,65,79.2,205.8,99.3,103.2,0,0,491.8,218.3,0,283.8,117.3,37.5,85.4,125.1,0,65.7,226.3,144.4,17.6,0,163,46.9,123.5,,0,0,0,0,0,141.7,0,0,141.7,,24.7,17.2,57.4,318.9,89.9,308.2,151.1,143.6,16.5,40.8,,11.1,10.3,7.8,71.2,4.5,4.4,3.3,17.7,3,9.4,,169.5,0.8,12.6,48.1,5.2,3.2,121.4,18.4,145.7,5.2,9.5,160.1,19.9,5.9,33.3,8.6,6.4,13.6,16.4,,58.5,167.8,23.8,130.9
1972,360.4,33,353.2,291.7,,57,23.6,33.4,23.7,9.7,18.9,216.5,80,12.3,48.3,18.7,31.7,,133.6,211.1,95.9,0,63.7,203.7,168.5,0,167.2,151.2,182.5,74.3,85.5,245.2,102.7,107,0,0,516.7,230.1,0,298.6,118.5,40.9,91.8,128.9,0,71.1,238.3,158.5,19.5,0,170.8,48.5,129.7,,0,0,0,0,0,147.6,0,0,147.6,,28.6,16.3,59.5,299.2,76,396.2,152.9,165.5,18.6,43.5,,13,9.6,8.5,74.5,4.6,4.8,3.6,22.8,3.3,9.9,,178.3,1,13,48.6,5.2,3.5,132.9,18.9,148.5,5.4,10.8,148.3,24.1,6,38.1,8.9,6.6,13.7,17.3,,60.8,175.3,24.7,137.5
1973,366.7,35.3,341.3,283,,58.3,25.7,33,25.9,11,21.2,205.8,80.3,12.7,47.2,18,32.8,,134.1,203.4,98.1,0,56.7,204.6,152.6,0,159.6,147.5,179.4,72.1,87.7,235.9,102.9,106.2,0,0,521.4,216.6,0,299.5,121.3,42.2,91.3,134.3,0,73.1,219.5,150.7,19.4,0,162,53.3,127,,0,0,0,0,0,154.4,0,0,154.4,,31.5,15.5,58.1,270.4,67.4,315.5,153.6,163.2,20.3,44.8,,14,10.6,8.8,74.5,4.7,4.8,3.7,23.9,3.8,10.2,,186.9,1,13.2,48.5,5.3,3.7,131.8,18.7,147.5,5.6,9.8,143.9,24.6,5,35.8,9,4.8,14.4,17.3,,60,171.3,25.4,135.3
1974,356.2,36.5,329.2,272.7,,56,26.5,29.4,23.9,10.9,21.8,163.7,81.1,13.7,45.2,19.1,32.4,,133.5,191,107.8,0,47.6,211.6,149.6,0,161.4,138.2,172.6,81.1,92.3,223.5,94.8,103.3,0,0,430.3,216.8,0,302.2,129.6,41.4,98.2,139.1,0,74.2,231.8,156.5,21.2,0,152.6,53.1,125,,0,0,0,0,0,160.5,0,0,160.5,,35.7,16.4,58.2,226.7,59,432.7,115.4,158.1,21.1,43,,16.1,11.5,8.7,77.3,4.5,4.4,3.9,25.7,4,10.5,,187.7,1,14.5,44.6,5.6,4.4,124.5,18.8,147.3,5.7,10.4,138.7,26.6,5.2,38.7,9.7,5.2,14.3,17.6,,59.2,166,26.3,133.8
1975,368.1,37.7,344,283.6,,57.9,28.3,30,24.4,11.6,21.7,181.6,86.2,14.1,45.5,19.3,33.8,,138.5,202.4,113.6,0,48.1,216.2,164.1,0,170.7,146.4,184.5,88.7,98.1,228.8,95.3,108.5,0,0,428.3,234.8,0,321.7,135.2,40.4,104.5,142.9,0,78.4,245.7,150.3,23.4,0,155.8,56,131.2,,0,0,0,0,0,165.2,0,0,165.2,,39,19.9,58.2,253.5,64.9,257,126.7,177,22.2,46.7,,17.9,13.5,9.3,78.5,4.7,4.2,4.2,29.4,4.9,11.1,,192.1,1.2,15,51.4,5.8,4.5,127.6,20.5,150.6,5.7,10.5,162.3,29.3,5,46.3,10,3,14.9,18.1,,61.2,173.1,27.2,141.5
1976,384.9,38.7,349.2,287.8,,59.5,29.5,31,24.7,13.5,21.4,186.5,93.3,14.6,47,19.7,35.1,,138.7,202.5,119.3,0,53.7,222,166.9,0,180,147.7,184.4,91,102.6,240.3,100.1,108.3,0,0,397.1,229,0,295,139.6,45.2,109.6,148.6,0,80.5,241.9,167.6,25.1,0,158.7,59.4,132.7,,0,0,0,0,0,171,0,0,171,,42.8,20.2,59.7,242.9,59.5,332.5,142.2,252.8,23.5,51.2,,19,14.3,10.1,78.3,4.6,4.3,4.6,32.3,5.1,11.3,,199.4,1.2,16.1,54.2,6,5.8,127.3,23.3,153.1,5.9,11,160.8,33.3,5.3,49.9,10.7,3.1,15.4,18.8,,62.4,175.4,28.3,142.9
1977,388.2,42.2,352.9,290.6,,58.6,31.9,31.7,25.4,13.7,20.8,185.3,92.6,14.9,47.7,21.4,36.2,,144.8,211.1,123.2,0,54.5,224,168.8,0,186.3,153.6,191.5,91.6,109.4,248.9,102.5,110.5,0,0,410,232.1,0,329.8,145.3,47,117.1,154.4,0,80,280.8,165,25.9,0,159.7,64,137,,0,0,0,0,0,176.8,0,0,176.8,,40.6,20.7,63.8,250.3,65.6,297.4,150.6,257.1,25.3,52.6,,23.1,14.8,10.5,75.5,4.4,4.7,4.7,34.8,9.2,11.4,,203.4,1.2,17.5,55.1,6.1,6.3,131.4,30.2,151.5,6.2,11.2,163.3,36.9,5.4,57.9,11.2,3.1,16,19.8,,63.8,179.1,29.4,148.1
1978,395.4,45.4,352.5,290.6,,61.9,34,33,25.8,13.9,21.1,161.4,99.2,15,48.6,21.9,37.8,,153.7,216.9,127.7,0,54.6,225.4,168.2,0,200.9,157.4,202.5,79.5,108,257.1,111.5,113.6,0,0,419.2,238.2,0,352,146.1,49.3,118.6,157.3,0,85.5,295.6,164.1,23.9,0,167.1,68.6,141.4,,0,0,0,0,0,180.1,0,0,180.1,,42.4,25.1,64.6,287.4,71.6,696.4,173.6,267.7,28.2,59.6,,29.4,15.7,11.4,75.9,4.4,4.6,5.1,44,9.4,12.1,,208.6,1.3,17.7,55.2,6.3,7,135.4,33.9,153.5,6.5,11.3,171.5,42.1,5.6,60.4,11.7,3.3,16.9,20.3,,64.8,182.2,30.2,152.8
1979,398.3,48.2,334.8,278.2,,60.6,33.9,33.6,26.2,17.2,22,153.1,108,14.2,48.6,22.5,38.3,,153,207.3,134.7,0,54.5,217.6,163.6,0,199.4,154.6,196.2,77.8,108.3,258,106.6,110.2,0,0,385.6,222.2,0,333.9,151.6,47.4,119.1,158.5,0,85.2,277.6,175,24.4,0,152,66.2,137.1,,0,0,0,0,0,182.7,0,0,182.7,,37.9,26.7,64.1,204.2,60.4,692.5,148.6,384,27.7,55.5,,34,17.4,11.1,78.9,4.2,4.7,5.3,44.9,9.4,12.7,,206.7,1.5,17.7,55.2,6.3,7.4,130.5,34.5,153.6,6.9,10.9,167.3,42.8,5.5,62.6,11.4,3.7,17.8,20,,63.1,175.7,30.3,149.6
1980,391.1,52.1,321.3,268.4,,57.9,32.5,33.3,26,18.6,22.5,159.5,109,13.8,49.1,21.4,37.5,,148.2,196.9,132.7,0,51.6,215.7,146.9,0,200.4,152.3,190.3,75.1,107.4,260.1,103,107.5,0,0,329.1,209.4,0,351.4,135.4,46.2,118.8,156.1,0,85.3,275,173.9,24.1,0,147.6,65.2,132.9,,0,0,0,0,0,185.1,0,0,185.1,,36.2,24.2,63.8,248.8,60.3,623.3,169,412.1,28.2,57.9,,40,19.3,10.5,89.5,4,4.8,5.8,46.5,9.2,13.8,,206.8,1.5,17.2,57.7,6.8,7.7,127.9,34.7,153.4,7.1,10.6,188.5,44.2,5.7,57.7,11.3,3.6,18.2,19.8,,61.8,170.3,30.4,144.7
1981,375,53.2,305,255.5,,58.1,33.4,30.7,26.1,19.9,22.2,185,108.1,13.4,42.8,19.9,37.1,,143.3,188,136.1,0,61.1,213,140.4,0,196.8,145.8,183.8,75.3,108.1,263.4,101.5,105.2,0,0,307.9,192.5,0,346,136.6,49.7,117.2,153.3,0,84.7,261.1,169.4,25.8,0,145.6,67.2,129.8,,0,0,0,0,0,188.1,0,0,188.1,,39,24.4,67.3,232.9,61.6,683.3,177.4,419.1,31.8,61.3,,44.7,21,10.5,93.8,3.8,4.6,5.8,45.5,9,14.3,,201.7,1.7,17.7,62.3,6.6,7.7,122.2,36.2,157.3,7.5,10,179.3,43.4,6.1,63.4,11.3,3.8,18.9,19.6,,60.3,163.9,30.8,140.8
1982,369.1,51.6,300.8,251.3,,59.5,33,31.4,26.9,19,18.9,178.3,104.9,13.1,41.3,19,36.6,,143.1,182.1,137.2,0,63.3,213.2,133.6,0,193.8,148.7,186.5,74.8,106.6,268.5,99.4,103,0,0,287.5,192.4,0,379.1,135.9,51.3,116,152.7,0,86.3,259.1,175.4,26,0,146,71.9,130.4,,0,0,0,0,0,190.3,0,0,190.3,,44.7,27.2,65.6,244.8,67,673.8,183.3,379.7,33,65,,47.2,22.1,10.5,92.6,3.8,4.9,5.2,47.3,8.2,14.3,,192.1,1.6,18.5,64.9,6.8,8,123.2,40.5,161.7,7.8,10.6,185.7,46.5,5.9,69,12.1,3.8,19.2,20.1,,60.2,163,31.2,141.1
1983,389,52.9,313,261.2,,58.8,34.4,32.2,26.7,20.6,19.5,173.8,104.1,13.4,42.9,18.6,37.3,,141.7,190.1,136.7,0,63.1,220.3,135.9,0,200.8,153,193.4,77.3,109.9,279.5,97.8,104.6,0,0,309.5,198.8,0,382.8,140,53.3,114.9,163.5,0,87.3,273.8,169.4,26.8,0,145.8,74.4,133.2,,0,0,0,0,0,195.6,0,0,195.6,,46.6,29.2,66.3,249.6,78.6,727.9,209.2,447.3,34.4,70.8,,43.8,23.5,10.4,98.4,3.7,4.5,4.7,45,8.3,14.3,,197,1.7,19.6,65.5,7.1,8.6,132.9,42.5,169.7,7.9,9.4,190.8,50,6.2,71,13.2,3.8,19.4,21.1,,61.9,169,32.1,145
1984,398,54.5,309,259.1,,57.2,36.1,32.1,26.9,23.7,18.7,177.3,104.2,13.6,39.5,20.5,37.7,,150.3,198.3,136,0,66.7,220.7,153.2,279.5,209.8,157.2,198.9,80.8,113.8,274.3,102.2,104,144.1,177.1,317.2,204.1,0,377.5,142,54.2,114.3,167.6,0,86.3,296.8,180.2,28.3,196.6,151.8,78.8,141.7,,122.7,145,185.9,240.7,158.7,0,92.9,84,202.6,,49,32.7,59.8,229.8,87.5,650.5,203.8,526.2,34.9,72.4,,42.7,23.7,10.5,97.5,3.7,4.9,4.9,49.3,8.7,14.5,,200.1,1.8,20.9,67,7.3,8.9,133.2,41,170.1,8.1,8.9,190.2,54.5,5.7,73.3,13.5,3.7,19.9,21.7,,62.4,170.3,32.4,149
1985,397.7,52,308.8,258,,59.6,37.3,32.8,27.6,24.2,19.7,181.9,109.1,13.7,40,26.5,39.1,,150.5,204.5,139.1,0,68.5,223.1,156.6,276.3,211.6,160.4,196.9,80.2,113.7,284.8,110.1,106.8,133.2,162.1,308.6,213.1,0,367,145,57.3,116.4,165.3,0,87.8,306.8,188.1,30.2,196.9,155.8,82.2,143.4,,129.9,164.4,186.5,243,192.2,0,88.7,78.7,204.8,,44.4,36.8,61.3,252.5,88.4,678.6,209.5,599,34.2,73.3,,43.7,23.5,10.7,96.2,3.7,4.7,4.7,49.1,8.9,14.4,,201.2,1.9,21.5,69.2,7.7,9.3,132.7,43.7,182.5,8.3,8.8,215.7,60.3,6,78.8,14.1,3.9,19.9,22.2,,62.7,171.1,32.9,150.7
1986,405.5,52.8,316,263.5,,61.3,37.6,33.9,29.6,24.4,21,169.6,106.2,14.2,41,30.8,39.8,,158.8,210.4,140.6,0,82.4,228.3,150.9,278.3,222.1,162.5,197.8,86.9,119.2,290.5,111.4,110,121,168.5,289.8,216.2,0,383.8,148.8,58.6,120.3,168.2,0,90.8,299.4,185.9,33.7,200.4,155.2,82.8,145.7,,123.7,165.7,186.5,248.8,185.9,0,89.9,80.3,208.3,,46.1,42.2,63.6,224.1,86.8,632.8,212.5,623.8,34.4,75.4,,43.5,24.3,10.8,94.3,3.6,4.7,4.8,52.9,8.9,14.4,,204,2.1,22.8,74.9,8,9.7,134.8,43.7,183.6,9,9.3,221.6,65.9,6.1,84.3,15.9,4.3,19,23,,63.7,174.5,33.7,153.4
1987,415.8,52.3,327.1,271.6,,61.4,38,37.3,28.9,27.5,20,184.4,107.9,13.8,40.9,31.9,40.2,,156.2,214.2,144.4,0,83.8,229.2,149.1,271.5,220,163.9,197.5,90.9,116.8,301.7,111.4,112.7,113.8,175.7,294.7,215.7,0,393.5,145.4,65,122.2,168.2,0,94.7,291.6,185.9,36.3,200.1,156.9,84.8,146.6,,121.6,167,189.1,251.2,182.2,0,88.1,88.3,210.1,,45.6,47.8,65.8,243.5,84.2,642.4,212.9,645.5,34.4,77.2,,45.4,24,11.2,100.3,3.8,4.8,5,52.4,9.3,15,,209.9,2.3,24.1,84.9,8.5,10,142.7,44.6,190.2,9.2,10,250.5,72.6,5.9,92.1,17.5,4.2,18.9,24.2,,64.9,178.9,34.4,154.2
1988,413.2,54.3,331.4,274.6,,58.4,38.3,40.5,29.8,27.7,18,179.7,106.1,14.3,41.9,34.6,40.3,,156.4,215.4,143.6,0,84.8,222.2,137.3,278.3,220.2,165.2,194.3,97.7,114.2,308.4,115.2,115.8,113.7,189.5,335.4,215.4,0,417.5,139.4,70.2,122,170,0,99,283.9,172.3,35,191,156.8,82.1,145.4,,122.5,160.7,183.1,250.6,182.2,0,88.9,83,208.3,,48.4,52.8,66.7,252.6,83.5,655.6,200.8,683.4,33.8,78.6,,43,24.6,12.1,92.7,3.7,4.9,5.1,55.1,9.7,14.6,,216.9,2.4,24.9,89.4,9.1,10.9,147.1,48.4,193.6,9.4,10.6,279.3,77.9,5.7,96.8,20,3.9,18.1,25,,65.1,180.6,34.4,154.1
1989,391.6,58.1,328,271.3,,56.6,37.4,42,27.9,27.9,17.4,197.8,110,14.5,40.7,36.9,39.9,,157.1,224.6,133.5,74.5,88,191.1,141.3,292.4,233.4,169.6,190.2,100.4,112.2,306.2,121.8,117.7,115.7,192,350.8,219.4,52.2,420.5,114.5,71.4,115.9,169.9,125.6,98.9,287.3,177.9,37.2,222.9,157.7,79.1,146.3,,126.3,160.9,183.4,245.1,147,0,91.1,83.2,204.1,,52.3,48.5,96.8,196.6,92.9,642.6,208.8,653.5,32.6,79.4,,44.4,24.6,12.1,93,4,4.4,4.8,52.5,16.9,14.7,,218.1,2.5,24.8,85.9,9.5,11.8,151.9,49.5,197.6,9.5,11,325.3,87,6.3,102.2,23.1,4.1,17.4,25.6,,64.7,180.2,34.5,150.5
1990,388.2,58.6,323.1,267.4,,56.7,38,46.4,28,30.1,16.9,195.7,108.2,14.9,39.3,38.9,40.2,,163.2,231.7,108.6,62.3,87.9,173.9,162.5,268.4,237.5,179.5,184.5,101,104.8,295.7,125.8,121.3,107.1,202.6,372,222,52.1,385.9,111.7,74.2,98.4,151.5,125.6,102.1,271.1,180.4,37.3,208.6,160.6,70,144,,119.6,160,181.9,241,146.9,0,87.9,68.5,199.2,,54.6,30.3,95.6,124,115.5,716.2,210.2,754.3,33.5,79.6,,43,24.3,12.1,90,3.7,4,5,51,16.8,14.3,,213.7,2.3,25.6,87.8,9.8,12.6,154.8,60.3,196.7,9.8,10.5,321.1,97.6,6.2,107.1,25.1,4.1,16.5,26.3,,64.1,180,34.1,149.3
1991,393.9,58.6,323.2,267.6,,60,37.9,50.7,28.5,29.3,16.1,205.7,114.4,16,36.7,38.9,40.8,,158.8,230.6,102.8,60.4,101.3,168.6,151.7,190.2,235.4,180.4,180,101.9,100.6,302.2,125.5,120.7,77.1,124,368.2,223.1,53.9,404,106.6,75.1,86.9,145.1,117.3,106.4,271.6,181.3,38.6,175.9,159.1,62.1,138.8,,101,138.5,179,231.6,136.6,0,81.4,57.7,189.2,,59,46.6,108.6,181.4,109.3,1102.1,204.5,691.8,33.7,84.7,,43.1,23.6,13.3,88.5,3.6,4,5.3,49.6,17.6,14.2,,214.9,2.5,26.7,101.8,10.1,13.6,156,66.2,194.1,10,11,333,109.5,6.5,112.8,27,4.4,14.6,27,,63.5,180,33.5,146.1
1992,399.3,57.6,325.4,269,,61.1,39,52.8,30.4,29.8,17.3,215.4,110.6,16.8,36.4,41.4,41.7,,160.4,226.2,110.4,63.1,103.3,167.1,160.3,161.7,236.3,179.8,178.3,102.4,96.9,310.8,127.5,118.1,67.1,97.2,368.2,223.5,54.6,414.5,106.3,77.2,84.8,142,120.5,102.4,267.4,179.3,41.2,154.2,160.6,54.5,136,,86.5,115.8,158.6,215.6,109.2,0,85.5,46.3,174.5,,54.3,59,114.9,218.1,101,1142.8,202.3,685.7,33.6,84.9,,39.2,23,13.2,86.8,3.8,3.9,5.2,51.5,17.2,13.9,,217.3,2.7,28.5,109.7,10.2,14.3,157.9,64.7,197.7,10.8,11.8,352.2,119.5,7,118.4,30.2,5,13.5,28,,63,181,32.9,144.6
1993,410.1,59.7,327,271.1,,63.5,40.2,54.6,32.3,31.8,18.4,227,117.5,17.4,37.5,44.7,43.5,,158.8,237.4,107,63.4,101.2,162.7,171.3,167.2,246.9,177,176,103.3,98.7,311.6,132.4,117.8,65.8,84.3,349.3,219.7,51.6,398,101.6,79.7,80.3,139.5,128.3,106.7,266.2,186.9,39.2,132.6,158.3,47.4,132.9,,78.6,96.8,143.3,196.9,113.6,0,82.1,38.9,158.9,,60.5,63.7,116.9,256.5,91.9,1125.5,227.3,718.3,34.1,92.3,,38.9,23.7,14.4,89,3.7,3.6,5,55.2,17.2,14,,223.5,2.8,30,98.1,10.5,14.7,163.4,66.8,205.9,10.8,12,390.6,128.2,7.6,124.6,33.5,5.4,12.6,29.1,,62.9,182.6,32.6,143.7
1994,415.7,57.6,329.8,272.7,,64.7,42.1,58,32.4,29.5,19.6,244.9,118.5,18.3,37.2,49.4,44.9,,166.3,239.7,116,65.8,105.3,169.7,167.5,154,234.5,180.6,176.4,106.3,100,319.8,134.4,122.5,62.4,94.8,299.7,227.2,52,420.2,103.9,87.1,88.6,141.1,134.7,110.3,268.2,175.9,43.1,130.4,158.4,48.7,135.3,,73.3,86.3,131.2,186.6,91.5,0,79.5,33.8,149.4,,62.6,61.3,128.3,327.4,105.8,1090.1,215.4,717.2,34.5,92.9,,39.6,24.6,13.9,91.5,3.6,3.6,5,57.2,18.4,14.2,,230.8,3.3,30.6,104.2,11.1,15.7,171.3,71.1,210.6,11.1,13.4,395.1,139.3,8.1,131.5,37.3,6.2,12.1,30.2,,63.4,185.9,32.6,147
1995,422.6,58.1,336.8,277.8,,66.8,43.9,60.6,33.1,33,19.9,276.3,113.1,18.2,38.1,51,46,,166.2,253.9,116.6,71.3,104.7,175.9,198.6,165.6,244.1,186.7,181.8,108.2,102.1,336.7,140.8,122.5,58.9,103.8,304.1,235.6,60.1,383.5,109.1,89.5,88.5,141.9,141.3,114,259.8,169.2,46.3,122.6,165.7,53.2,138.3,,59.7,88.7,116.2,180,130.9,0,80.5,36.1,144.5,,67.3,59.4,129.8,315,106.7,781.5,216.7,699.2,34.5,93.6,,38.5,25.3,14.3,91.9,3.5,3.5,5.3,57.6,17,14.2,,234.9,3.4,32,102.6,11.3,16.6,174.2,77.3,210.5,11.5,14.1,386.9,153,8.4,135.9,41.6,7,11.1,31.1,,64.3,190.6,32.8,151.3
1996,420.6,58.4,335,276.3,,66.8,46,68.3,33,36.1,19.1,275.2,117.1,18.8,39.9,54.2,47.8,,169.6,255.7,111.3,71.3,103.7,168.9,179.4,164.7,246.8,183.5,179.2,110.6,99.8,350.3,144.1,124.5,60.2,96.4,293.9,230.1,53.9,401,108.1,90.4,84.5,139.1,144.6,119.7,268.3,180.5,47.6,119.3,162.3,57,137.6,,56.8,90,104.6,170.6,98.8,0,78.2,34,136.3,,68.3,68.2,138.7,316.9,108.2,819.7,214.9,683.6,35.7,96.1,,36.4,25.8,14.6,92.7,3.6,3.4,5.1,59,17.4,14.1,,238,3.5,31.9,102.1,11.7,17.7,177.1,87.3,207.9,10.8,15,395.2,166.9,8.6,142.9,43.3,7.9,10.8,31.6,,64,191.1,32.6,150.5
1997,411,59.8,333,274.2,,68.4,46.9,67.6,32.9,35.7,19.4,278.4,121.7,20.4,40.9,55.4,48.8,,172.1,259.8,108.1,76.3,108,164.2,172.4,148.8,254.4,186.9,177.5,116.7,101.6,375,153.5,127.4,66.5,104.3,280.4,230.3,60.7,414.5,103.6,98.1,77.8,140.4,145.1,124.9,289.6,181,48.1,116.1,163.2,58.4,138.5,,56.7,88.4,100.7,170.6,121.2,0,76.9,33.7,136.2,,70.1,49.6,142.8,377.9,109.2,836.4,220.3,658.2,37.9,96.4,,37.1,26.3,14.8,89.9,3.7,3.2,5.1,60.6,19,14,,241.2,3.6,31.8,102.4,12.2,17.2,173.2,81.8,206,11.2,14.6,389.7,151.7,9.1,150.5,39.4,8.5,10.2,31.1,,63.6,190.3,32.5,151.9
1998,420.5,59.7,334.8,275.9,,68.4,46.8,69.5,30.1,32,19.6,308.4,119.5,20.7,39.3,54.8,48.3,,175.7,257.1,95.8,79.8,111.6,157.7,166.5,137.8,248.9,189.3,175,116.2,101.8,405.9,160.2,131,57.3,87,292.3,226.3,57.8,422.6,101.6,99.8,68.8,141.5,143.8,128.2,280.6,188.2,46.1,115.4,161.9,54,137.4,,56.1,86.4,96,173.2,113.9,0,85.9,32.4,138,,74.3,34.7,144.9,380.2,122.4,882,218.5,625.7,37.5,95.9,,36.9,27.6,15.1,91.9,3.7,3.2,5,59.1,20.2,14.1,,248.4,3.6,32.6,102.2,12.3,18.5,175.7,85.2,206.5,11.4,14.4,376,164.3,9.8,156.4,41.3,8.7,10.5,31.9,,63.8,191.6,32.7,151
1999,428,62.3,338.4,279.3,,67.9,48.2,72.1,28.8,29.7,19.9,321.1,120.6,21.1,44.8,53.7,49.3,,175.9,260.7,96.7,76.4,114.9,166.9,159.4,143,249.8,190.7,176.1,121.7,99.1,425,165.6,132.7,56.8,78,307.5,228,54.5,465.3,95.1,102.5,69,146.1,142.6,135,259.5,182.6,48.6,116.8,162.8,58.3,138.8,,58,89.5,87.4,176.9,94.4,0,86.6,31.3,139.4,,76.7,47.2,133.8,394.3,170.3,747.9,223,588.9,36.9,98.5,,35.1,28.7,14.8,91.2,3.6,3.5,5.2,62.8,20.3,14,,247.1,3.8,33.6,105.6,12.7,19.5,177.2,95.9,214.4,11.3,14.2,393.4,172.8,10.3,165.3,42.4,9.8,11.1,32.7,,64.6,193.9,33.3,151.9
2000,414.8,60.8,326.8,269.8,,65.6,46.4,72.7,28.6,29.6,19.5,344.8,123,21.4,46.5,48.7,48.5,,181.5,257.3,100.7,81.1,114.2,170.8,159.3,150,254.6,191.9,179.4,122.3,101.7,424.1,172.2,132.5,62.1,92.3,325.3,235.5,50.9,418.7,94.1,103.3,70.2,150.4,149.3,140.4,277.5,193.9,43.5,116.2,163.8,61.2,140,,55.3,87.5,98,180.4,117.5,0,85.8,30.5,142.2,,80.6,51,131.1,387.4,186.7,684,231.8,564.4,37,101.3,,35.9,29.3,15.8,90.8,3.8,3.4,5.5,63.2,20.4,14.2,,246,4.3,35.3,132,12.5,20.6,175.2,95.7,210.5,11.2,13.6,437.4,175.9,9.9,169.4,44.3,10.9,11.3,33.3,,64.4,191.1,34,154.6
2001,424.5,61.4,328.3,271.4,,62.2,46.9,73.6,28.2,28.7,19.7,372.2,122.2,21.5,46.4,49.7,48.4,,180.9,255,98.4,81.6,110.6,171.2,158.5,150.4,255.3,188.8,177.3,122.1,99.6,436.7,167.7,131.3,63.5,99.7,351.9,234.5,49.5,433.3,93.1,102,73.4,151.6,148.4,140.2,258.9,179.2,46.9,116.5,159.6,64.1,139,,54,91.1,99.5,180.5,97.7,0,86.8,30.3,141.9,,87,47,131.3,398.8,199.2,716.9,235.7,586.2,37.4,104.9,,36.6,29.5,16,87.7,3.7,3.5,5.8,61.7,20.1,14,,248,4.2,38.2,128,12.7,20.8,175.1,98.3,214.5,11.3,13.4,415.6,183,10.1,175.7,47.5,11.8,10.8,34.5,,64.9,191.5,34.7,153.2
2002,422.5,61.2,326.2,269.5,,66,47.2,73.2,28.3,28.9,19.2,414.9,112.2,22,46.7,50.8,48.5,,181.9,263.6,102.5,85.8,115.5,180.8,170.3,165,272.7,189.6,177.5,129.1,101.2,435.9,160.8,134.8,63.6,106,364.5,235.1,55.6,380.1,96.4,104.3,73.9,147.3,145.2,145.5,247.1,176,49,120.4,161.1,68,141,,57.9,91.1,108.5,185,133.2,0,78.6,31.7,145.1,,87.7,40.4,132.8,464.4,204.3,783.6,244,595.8,38,107,,37.8,30.6,15.8,94.1,3.7,3.7,5.6,62.9,20,14.3,,248.7,4.3,44.2,131.4,12.9,22.4,174.2,103.9,204.2,12.1,13.5,386.9,188.1,10.3,182.6,50.7,12.6,11.2,36.9,,66.4,191.7,36.7,155.8
2003,425.1,63.8,329.4,272.3,,69.3,48.9,77.4,29.3,30.3,20.3,453.7,119.8,22.4,46.8,49.3,50.4,,184.1,263.3,99.8,89.6,110.4,185.2,160.6,169.4,270.8,189.9,177.6,129,103,440.6,161,136.7,72.5,108.2,407.2,242,54.8,384.9,97.1,102,77.3,144,153.6,148.3,264.9,172.2,51.8,120.8,161.5,74.3,142.6,,64.8,102.6,114.5,187.4,130.3,0,77.3,33.9,147.5,,95.5,42.1,132.9,506.3,186.9,911,259,608.6,38.3,113.3,,38.7,31.7,17.8,101.8,3.8,4.3,5.6,67,19.9,15,,253.8,4.5,51.4,146.5,13.8,21.9,176,109.7,207,13.1,13.6,429.3,191.7,9.9,189.4,54.6,15.2,11.2,40,,68.8,193.9,39.3,157.4
2004,423.9,69,326.4,271.1,,72.8,49.7,79.5,28.5,31.6,20.9,483.7,121.5,22.2,46.6,49.4,51.2,,186.2,258.8,108.8,88.8,121.5,182,150.7,171.3,245.4,187.5,175.7,129.4,110.1,435.2,164.4,136.1,75.7,100.1,407,246.2,56.6,436.6,99.3,101.6,78.2,151.5,153,146.8,270.4,164.2,52.2,123.2,161.8,73.8,142.8,,69.4,103,116.7,187.9,130.1,0,76.2,35.1,147.8,,99.5,38.7,131.3,538,221.9,945.3,267.2,592.5,41,117.4,,40,31.8,19.1,95.4,3.9,4.1,5.7,67.3,21.3,14.7,,251.7,4.8,58,140.2,14.4,22.3,176.4,116,199.3,13.3,13.4,444.8,197.5,11.3,191.1,55.9,16,11.6,42.7,,70.2,193.7,41.3,156.9
2005,417.4,69,320.6,266.6,,75.7,50.5,81.5,32.5,32.8,21,561.7,126.1,23,47.5,49.2,53,,183.3,257.9,111.6,88,117.4,185,165.9,170.2,262.2,184.8,180.2,133.3,108.1,466.3,165.2,134.9,72.8,97.1,393.4,240.3,57.4,396.6,104.3,100.6,80.5,147.4,153.7,146.5,253,169.8,57.2,125.5,158.6,76,143.5,,67.4,110.2,124.3,196.8,129.7,0,70.4,35.1,153.2,,107.1,37.3,129.7,489.2,239.4,830.9,269.5,544.7,40.6,120.1,,40.8,32.9,19.2,96.5,3.9,4.4,5,67.1,20.7,14.6,,258.7,5.2,63.2,147.8,14.9,22.4,175.9,114.6,198.3,13.8,12.5,474.2,200.1,12,195.5,56.6,14.5,11.9,44.6,,71.2,192.6,43,157.6
2006,429,68.8,321.8,268,,78.2,53.2,80.6,32.6,33.9,22.7,575.9,131.2,23.6,44.9,52.5,54.7,,178.8,258,108.6,88.6,117.3,182.4,156.8,198.1,260.2,180.3,172.6,136.1,106.9,519.7,162.9,131.6,76,107.9,376,243.2,57,421.4,104.1,101.2,78.3,138.3,152.1,146.9,255.1,166.4,60,125.8,153.1,73.9,141.7,,61.3,108,136.1,198.2,124.1,0,74.4,37.4,154.8,,112.2,38,132.2,448,238.4,746.2,265.1,501.7,39.7,121.8,,42.3,34.4,18.8,98.1,4,4.4,5.2,64.5,21.2,14.8,,260.3,5.2,68.2,156.3,15.9,23.7,173.9,119.6,195.7,14.3,12.7,490.5,205.3,12.1,203.1,58.1,15.7,11.5,46.9,,72.5,192.3,44.8,155.1
2007,419.3,70.7,311,260.2,,78.4,54.9,79.8,33.6,35.6,24.3,564.2,126.8,23.9,43,53.7,55.3,,181.7,260.3,108,88.4,118.2,178.2,148.3,182.7,249.7,179.8,174.4,133.8,105.6,639.6,158.8,128.4,77.4,108.4,366.6,239.3,55.1,426.2,105.9,97.6,79.1,142,165.7,140.6,249.7,169.8,59.5,122.1,149.2,76.5,140.4,,61,109.8,141.8,199.1,100.3,0,68.7,35.7,154.2,,114.1,42.6,133.7,458.3,272.7,705.6,279.3,483.4,40.4,127.5,,44.1,35.7,20.5,103.9,3.9,4.7,5.4,66,21.8,15.3,,259.5,5.5,70.4,144.4,16.6,23.6,170.7,121.4,194.4,14.1,12.9,504.2,208,11.3,195.9,57.7,19.2,11.9,47.7,,72.4,188.9,45.7,153.9
2008,398.4,68.6,293,245.8,,75.4,54,75.8,32.8,34.1,24.6,556.2,124.8,23.1,40,53.6,54,,175.6,238.6,95.4,87.5,113.4,170.2,139.8,158.4,230.1,168.7,163.6,129.1,98.1,636.4,141.3,119.2,74.2,101.9,344.1,235,54.2,388.6,102.1,98.3,69.5,128.5,152.2,129.3,227.1,167.2,59.5,104.4,140.5,78.2,131.6,,51.7,104.2,125.7,189.2,160.9,0,67.1,34.3,147.1,,115.2,40.4,127.7,449.9,265.8,641.7,278.7,416.9,39.8,126,,45.9,36.3,19.7,102.2,4,4.8,4.9,69.4,22.3,15.1,,250.9,6,73,156.7,17.6,24,155.7,115.2,192,14,12.8,523.3,208.3,11.3,190.3,58.8,19.5,10.7,48.2,,70.4,178.4,45.7,144.3
2009,397.7,67.9,300.2,250.4,,77.4,58.4,77.1,34.1,37.3,27.7,597,118.6,23.7,39,54.2,56.1,,180.9,253.1,100.3,89.2,108.5,176.7,147.8,197.8,249.2,172.8,170.3,123.5,100.1,637.7,141.9,122.6,85.1,75.4,355.8,253.6,58.7,368.4,108.8,103.7,70.6,137.1,151.6,132.2,239.3,161,62,112.4,142.3,84.2,136.2,,50.3,113.3,133,196.4,170.5,0,66.8,34.7,152.3,,115.7,43.8,130.4,480.6,296,701.4,300,412.8,39,131.2,,44.1,36.9,21.6,101.7,4.2,5.1,5.1,70.6,20.1,15.2,,246.7,6.1,77.6,162.1,18.1,25.6,166,117,194.8,13.7,13,539.1,224,12.1,203.7,62.3,22.2,11.7,50.8,,72.8,183.6,47.7,149.8
2010,408.4,70,295.1,247.9,,78.8,59.9,80.9,35.3,38.9,30.4,582.3,120,23.9,38.9,56.2,57.4,,169.9,234.5,107.3,78.1,106,172.2,138.3,197.9,233.8,165.3,164.1,121.5,97.5,635.7,134.9,119.8,76.8,79.6,339.2,240.4,58.5,368.8,109.3,99.2,72.8,131.7,146.6,129.2,233.7,151.1,65.3,116.6,133.2,82.6,132.6,,56.4,111.5,148.8,202.9,186,0,69.3,36.9,158.2,,119.3,43.5,130.5,462.1,291.5,779,305.3,428.6,36,133.5,,45.8,37.9,22.4,99.2,4.3,5.2,5.4,51.3,22.4,14.9,,251,6.5,83.1,165.2,18.9,26.7,157.4,117.1,194,13.4,13,547.1,232.7,13,202.2,63.5,24.3,11.5,52.8,,73.6,180.5,49.5,145
2011,405.3,69.7,284.8,240.4,,81,61.1,83.6,37.1,40.4,31.1,569.1,124,24.5,38.1,56.4,58.7,,177,223.5,102.7,72.8,98.4,171.1,128,200,226.4,164.5,166.1,114.7,91.1,638.2,132.1,116.3,80.6,80.6,325.4,235,54.2,403.1,106.2,90.9,70.3,126.4,142.2,128.5,245.8,158,68.4,114.4,134.3,77.8,131.9,,57.4,120.8,154.3,203.7,199.1,0,66.3,38.1,159.3,,119.1,45.4,134.2,440,288.5,836.3,317,446.3,33.6,135.8,,49,38.5,22.5,96.4,4.3,5.5,5.5,61.9,24.4,15.1,,243.3,7,85.9,157.5,19.6,27.3,156.3,126,194.1,12.2,13.2,538.1,233.3,13.4,199.6,67.7,25.2,12,53.9,,73.7,177.7,50.5,143.3
2012,410.6,68.8,290,244,,83.3,62,85.1,37.8,41.1,31.5,575.5,123.5,24.5,36.8,57.8,59.3,,174.6,227.6,96,80.3,87.2,167.8,133,211.6,226.2,165.3,170.5,108.3,86.6,652.4,129.4,110.9,78.4,75.4,302.9,226.9,51.8,373.4,106.5,100.4,65.8,129.4,140.5,122.4,228.1,160.3,66.7,108.8,132.8,82.9,130.2,,57.9,109.5,152.8,200.9,173.7,0,65.5,36,155.9,,121.5,48.1,124.8,419.2,299.5,850.3,312.3,466.2,32.1,136.9,,50.9,37.3,22.8,95.5,4.6,6,5.4,65.6,24,15.1,,242.3,7.2,88.6,160.4,20,26,155.4,129.8,193.8,13.2,13.9,533.9,232,13.5,203,67.7,26.3,11.7,54.8,,74.1,178.3,51,142
2013,407.5,67.5,290.6,243.7,,82.4,63.1,83.4,39.4,42.5,31.9,568.6,117.2,24.9,36.6,55.9,59.4,,166.3,209.6,103.3,80.7,86.5,164.3,127.4,203.1,217.4,157.7,163.2,102,86.9,644.2,128.2,105.2,72.9,73.5,286.6,215.8,47.8,380.3,102.7,103,68.5,120.3,144,120.5,224.7,151.1,67.4,96.4,124.5,76.2,124.9,,58.1,109.5,158.2,201,176.7,0,66.7,36.5,156.4,,124.1,46.2,119.6,413.3,283.6,844.3,328.5,460.7,31.3,138.9,,54.4,36,22.8,95.1,4.9,6.1,5.4,63.7,25.7,15.2,,240.3,7.3,90.3,155.3,21.1,26,151.7,129.1,199.9,13.4,14.4,535.3,231.9,14.4,206.7,69.5,28.7,12.4,55.7,,74,175.7,51.6,137
2014,406.4,66,285.5,239.6,,83,61.7,83.4,36.9,41.8,33,548.1,114.3,27,37.7,55.9,58.7,,164.5,210.4,110.7,77,88.5,161,123.5,187.9,216.1,158.1,165.8,103.8,91.8,665.6,134.2,108.5,75.4,77.6,272.1,218.5,50.4,380.1,103.9,101.1,69.2,121.4,129.5,122.1,230,146.1,72.6,80.3,125.6,81.5,125.7,,62.8,99.1,129.6,197.3,207.8,0,62.6,35.9,151.7,,120.8,44.8,123.9,413.3,289.2,883,336,496.4,28.7,140.3,,56.2,35.8,22.9,91.3,5,5.9,6,62.4,25.4,15.1,,242,8.8,90.8,158.8,21.6,26.2,149.8,129.2,197.8,13.9,15.5,559.7,234,16.1,205.7,70.8,32.4,12.8,56.1,,73.7,175,51.5,138.7
2015,396.7,66.7,283,237.3,,81.8,59.7,86.4,41.2,41,34.6,483.2,98.9,27.8,38.8,59.9,57.6,,168.1,225.7,105.9,80.7,95.4,158.8,124.8,193.6,218.9,155,168,102.8,93.7,658.9,138.7,109.1,81.2,79.9,262,219.4,52.2,382.3,108.4,108.5,69.6,122.5,137.8,123.2,223.5,135.9,75,84.3,123.5,86.7,126.9,,61.5,101.2,143.7,200.8,202.2,0,58.9,35.8,154,,124.4,49.5,124.1,394.2,276.5,803.7,342.6,511.6,27.8,142.5,,55.1,37,22.9,94.5,4.8,5.7,6,63.3,24.5,15.1,,239.1,8.7,90.6,162.2,22.3,26,148.2,133.9,196.6,15,16.7,584.1,239.4,17.6,206.4,71.9,34.8,13.6,56.4,,73.7,174.8,51.8,140
2016,397.8,67.3,281.8,236.6,,81,59.8,88.3,40.9,42,34.6,509.6,100.2,28.4,37.2,58.7,57.6,,170.7,226.4,109.4,81.4,97.1,167.7,124.8,214.4,213.9,153.5,169.6,108.5,99,673.1,137.6,110.6,90.2,85.1,267.8,220,50.2,381.2,112.7,105.4,71.1,128.8,138.7,124.3,228.3,135,78.4,78.6,122.8,86.6,128,,59.8,103,152.7,201.5,196.7,0,59.9,36.9,154.9,,127.2,54.3,124.3,393.5,280.1,744.8,335,488.2,28.5,142.2,,54.6,37.7,23.7,93.7,4.9,5.4,6.3,61.8,25.7,15.1,,234.5,9,93.6,173.4,22.8,26.6,150.4,133.8,197.1,15.7,18,593.3,240.9,17,205.5,73,37.1,16.1,57.9,,74.4,175.5,52.6,141.9
2017,396.2,65.8,290.1,241.7,,79.8,59.5,90.1,40.8,43.6,35.6,473.9,86.7,28.5,37.9,58.7,56.6,,166.3,224.6,110.7,84.9,95.9,167.1,122.6,212,217.9,156,164.8,109.7,99.9,677.9,138.9,111.4,81,88.6,275,213.7,50.1,372.8,114,107.6,72.8,126.4,141,126,221.4,136.1,76.8,82,121.6,91.1,127.8,,60.8,114.1,156,208.6,215.5,0,59.2,39.8,160.2,,129.8,53.6,124.2,385,294,729.3,318.9,478,27.4,140.2,,57.5,37,24.2,89.1,5,5.5,6.8,61.6,25.9,15.1,,234.3,9.5,97.6,175,23.9,28.9,150.1,134.4,192.3,15.9,18.1,588.7,244.2,17.6,207.7,75,41.2,16.7,59.8,,75.6,177.1,53.9,141.5
2018,388.7,64.5,286.2,238.1,,74.6,60.1,89.6,40.4,43.8,35.8,445.4,76.4,29.6,38.7,55,55.6,,173.9,230.9,108,83.5,95.2,163.3,119.3,170.3,213.2,152.4,160.1,107.9,101.3,631.9,137.8,109.7,84.2,89.5,274.6,211.8,52.9,347,110.8,102.5,71.4,122,136.5,121.6,227.8,141,79.1,78,118.4,89.4,125.6,,63.2,114.9,156.3,207,208.7,0,58.4,38,158.6,,135.5,55.5,126.3,340.6,291.9,748.9,298.8,485.6,26.8,138.9,,58.5,35.7,26.2,91.8,4.9,5.4,7,59.8,24.4,15.1,,238.5,10.5,101.8,165.6,24.2,30.5,147.1,136.2,191.7,15.8,18.4,571.2,240.8,17.9,203.6,74.9,45.3,17.2,61.2,,75.6,174.6,54.6,139
2019,361.8,59,263.7,219.5,,69.5,57.3,82.5,36.2,37.3,30.1,391.7,63.8,26.7,35,47.4,51,,162.1,206.8,100.8,80.3,82.3,151.3,105.8,159.2,203.9,137,149,94.8,99.8,560.7,128.3,99.9,77.5,89.7,231.3,204.1,46.2,374,106.3,92.8,68.4,119.5,131.6,109.4,213.8,128.8,77.2,75.3,105.9,87.1,117.1,,64.1,107.2,142.5,199.6,243.5,0,57.1,37.5,153.3,,139.3,46.8,117.3,328.1,284.5,662.7,289.1,453.9,25,133.5,,53.8,33,23.6,84.8,4.6,5.1,6.8,53.9,21.8,13.9,,222.6,9.8,104.9,123.9,22.7,28,136.9,129.6,170.6,15.5,16.4,555.3,231.5,17.5,197.5,69.5,44.9,17.4,60.5,,72.2,161.8,53.3,128.6
2020,362.7,63.1,277.2,229.6,,76.8,60,88.1,40.1,42.9,33.9,399.8,74.5,29.7,35.1,49.8,54.7,,162.9,228.9,116,87.2,86.3,159.8,115.7,167,208,145.7,153.2,104.3,105.3,564.9,129.6,107,81.5,90.6,243.7,208.8,48.4,379.2,115.2,93.2,72.1,129,130.2,117,216.7,123.7,82.1,77.3,107,91.1,122.6,,68.3,114.9,152.8,217,255.1,0,59.6,37.7,165,,137.6,47.8,117.3,353,313.8,717.9,299.2,503.4,25.5,136.5,,57.3,34.7,26.1,84.2,4.9,5.1,7.1,65.9,23.2,14.5,,221.2,10.2,110.8,116.9,24.5,28.3,144,136.4,165.3,16.9,17.3,551.9,242.4,17.6,208.8,69.9,44.6,18,63.4,,75.5,169.1,55.9,135.4
2021,367.8,68.4,283.5,235.6,,79.2,62.3,91.2,42.3,43.7,35.4,386.2,78.1,30.5,35.4,50.9,56.5,,153.7,210.2,123,84.5,91.3,159.3,115.9,167.4,212.3,129.8,147.5,109.5,96,597.1,135.9,104.1,77.2,83.3,217.2,201.6,50,348.9,108.2,90.3,66,122,123.8,121,215.7,120.1,82.2,58.7,108.4,90.2,118,,67.5,112.1,160.9,199.7,256.9,0,60.9,36,154.9,,137.3,51.8,121.1,374,326.7,699.2,315.7,534.9,25.9,140.4,,54.9,35.9,24.7,80.5,4.9,4.8,7.1,67,24.6,14.2,,228.5,10.5,111.8,104.9,25.7,35.5,143.9,142.5,161.8,15.3,18.2,529.5,245.3,15.7,200.2,70.6,46.7,18,64.4,,75.7,169.9,56,130.1
,,,,,,,,,,,,,,,,,,,,,,,,,,,,,,,,,,,,,,,,,,,,,,,,,,,,,,,,,,,,,,,,,,,,,,,,,,,,,,,,,,,,,,,,,,,,,,,,,,,,,,,,,,,,,,
,,,,,,,,,,,,,,,,,,,,,,,,,,,,,,,,,,,,,,,,,,,,,,,,,,,,,,,,,,,,,,,,,,,,,,,,,,,,,,,,,,,,,,,,,,,,,,,,,,,,,,,,,,,,,,
,,,,,,,,,,,,,,,,,,,,,,,,,,,,,,,,,,,,,,,,,,,,,,,,,,,,,,,,,,,,,,,,,,,,,,,,,,,,,,,,,,,,,,,,,,,,,,,,,,,,,,,,,,,,,,
,,,,,,,,,,,,,,,,,,,,,,,,,,,,,,,,,,,,,,,,,,,,,,,,,,,,,,,,,,,,,,,,,,,,,,,,,,,,,,,,,,,,,,,,,,,,,,,,,,,,,,,,,,,,,,
,,,,,,,,,,,,,,,,,,,,,,,,,,,,,,,,,,,,,,,,,,,,,,,,,,,,,,,,,,,,,,,,,,,,,,,,,,,,,,,,,,,,,,,,,,,,,,,,,,,,,,,,,,,,,,
,,,,,,,,,,,,,,,,,,,,,,,,,,,,,,,,,,,,,,,,,,,,,,,,,,,,,,,,,,,,,,,,,,,,,,,,,,,,,,,,,,,,,,,,,,,,,,,,,,,,,,,,,,,,,,
,,,,,,,,,,,,,,,,,,,,,,,,,,,,,,,,,,,,,,,,,,,,,,,,,,,,,,,,,,,,,,,,,,,,,,,,,,,,,,,,,,,,,,,,,,,,,,,,,,,,,,,,,,,,,,
,,,,,,,,,,,,,,,,,,,,,,,,,,,,,,,,,,,,,,,,,,,,,,,,,,,,,,,,,,,,,,,,,,,,,,,,,,,,,,,,,,,,,,,,,,,,,,,,,,,,,,,,,,,,,,
,,,,,,,,,,,,,,,,,,,,,,,,,,,,,,,,,,,,,,,,,,,,,,,,,,,,,,,,,,,,,,,,,,,,,,,,,,,,,,,,,,,,,,,,,,,,,,,,,,,,,,,,,,,,,,
,,,,,,,,,,,,,,,,,,,,,,,,,,,,,,,,,,,,,,,,,,,,,,,,,,,,,,,,,,,,,,,,,,,,,,,,,,,,,,,,,,,,,,,,,,,,,,,,,,,,,,,,,,,,,,
,,,,,,,,,,,,,,,,,,,,,,,,,,,,,,,,,,,,,,,,,,,,,,,,,,,,,,,,,,,,,,,,,,,,,,,,,,,,,,,,,,,,,,,,,,,,,,,,,,,,,,,,,,,,,,
,,,,,,,,,,,,,,,,,,,,,,,,,,,,,,,,,,,,,,,,,,,,,,,,,,,,,,,,,,,,,,,,,,,,,,,,,,,,,,,,,,,,,,,,,,,,,,,,,,,,,,,,,,,,,,
,,,,,,,,,,,,,,,,,,,,,,,,,,,,,,,,,,,,,,,,,,,,,,,,,,,,,,,,,,,,,,,,,,,,,,,,,,,,,,,,,,,,,,,,,,,,,,,,,,,,,,,,,,,,,,
,,,,,,,,,,,,,,,,,,,,,,,,,,,,,,,,,,,,,,,,,,,,,,,,,,,,,,,,,,,,,,,,,,,,,,,,,,,,,,,,,,,,,,,,,,,,,,,,,,,,,,,,,,,,,,
,,,,,,,,,,,,,,,,,,,,,,,,,,,,,,,,,,,,,,,,,,,,,,,,,,,,,,,,,,,,,,,,,,,,,,,,,,,,,,,,,,,,,,,,,,,,,,,,,,,,,,,,,,,,,,
,,,,,,,,,,,,,,,,,,,,,,,,,,,,,,,,,,,,,,,,,,,,,,,,,,,,,,,,,,,,,,,,,,,,,,,,,,,,,,,,,,,,,,,,,,,,,,,,,,,,,,,,,,,,,,
,,,,,,,,,,,,,,,,,,,,,,,,,,,,,,,,,,,,,,,,,,,,,,,,,,,,,,,,,,,,,,,,,,,,,,,,,,,,,,,,,,,,,,,,,,,,,,,,,,,,,,,,,,,,,,
,,,,,,,,,,,,,,,,,,,,,,,,,,,,,,,,,,,,,,,,,,,,,,,,,,,,,,,,,,,,,,,,,,,,,,,,,,,,,,,,,,,,,,,,,,,,,,,,,,,,,,,,,,,,,,
,,,,,,,,,,,,,,,,,,,,,,,,,,,,,,,,,,,,,,,,,,,,,,,,,,,,,,,,,,,,,,,,,,,,,,,,,,,,,,,,,,,,,,,,,,,,,,,,,,,,,,,,,,,,,,
,,,,,,,,,,,,,,,,,,,,,,,,,,,,,,,,,,,,,,,,,,,,,,,,,,,,,,,,,,,,,,,,,,,,,,,,,,,,,,,,,,,,,,,,,,,,,,,,,,,,,,,,,,,,,,
,,,,,,,,,,,,,,,,,,,,,,,,,,,,,,,,,,,,,,,,,,,,,,,,,,,,,,,,,,,,,,,,,,,,,,,,,,,,,,,,,,,,,,,,,,,,,,,,,,,,,,,,,,,,,,
,,,,,,,,,,,,,,,,,,,,,,,,,,,,,,,,,,,,,,,,,,,,,,,,,,,,,,,,,,,,,,,,,,,,,,,,,,,,,,,,,,,,,,,,,,,,,,,,,,,,,,,,,,,,,,
,,,,,,,,,,,,,,,,,,,,,,,,,,,,,,,,,,,,,,,,,,,,,,,,,,,,,,,,,,,,,,,,,,,,,,,,,,,,,,,,,,,,,,,,,,,,,,,,,,,,,,,,,,,,,,
,,,,,,,,,,,,,,,,,,,,,,,,,,,,,,,,,,,,,,,,,,,,,,,,,,,,,,,,,,,,,,,,,,,,,,,,,,,,,,,,,,,,,,,,,,,,,,,,,,,,,,,,,,,,,,
,,,,,,,,,,,,,,,,,,,,,,,,,,,,,,,,,,,,,,,,,,,,,,,,,,,,,,,,,,,,,,,,,,,,,,,,,,,,,,,,,,,,,,,,,,,,,,,,,,,,,,,,,,,,,,
,,,,,,,,,,,,,,,,,,,,,,,,,,,,,,,,,,,,,,,,,,,,,,,,,,,,,,,,,,,,,,,,,,,,,,,,,,,,,,,,,,,,,,,,,,,,,,,,,,,,,,,,,,,,,,
,,,,,,,,,,,,,,,,,,,,,,,,,,,,,,,,,,,,,,,,,,,,,,,,,,,,,,,,,,,,,,,,,,,,,,,,,,,,,,,,,,,,,,,,,,,,,,,,,,,,,,,,,,,,,,
,,,,,,,,,,,,,,,,,,,,,,,,,,,,,,,,,,,,,,,,,,,,,,,,,,,,,,,,,,,,,,,,,,,,,,,,,,,,,,,,,,,,,,,,,,,,,,,,,,,,,,,,,,,,,,
,,,,,,,,,,,,,,,,,,,,,,,,,,,,,,,,,,,,,,,,,,,,,,,,,,,,,,,,,,,,,,,,,,,,,,,,,,,,,,,,,,,,,,,,,,,,,,,,,,,,,,,,,,,,,,
,,,,,,,,,,,,,,,,,,,,,,,,,,,,,,,,,,,,,,,,,,,,,,,,,,,,,,,,,,,,,,,,,,,,,,,,,,,,,,,,,,,,,,,,,,,,,,,,,,,,,,,,,,,,,,
,,,,,,,,,,,,,,,,,,,,,,,,,,,,,,,,,,,,,,,,,,,,,,,,,,,,,,,,,,,,,,,,,,,,,,,,,,,,,,,,,,,,,,,,,,,,,,,,,,,,,,,,,,,,,,
,,,,,,,,,,,,,,,,,,,,,,,,,,,,,,,,,,,,,,,,,,,,,,,,,,,,,,,,,,,,,,,,,,,,,,,,,,,,,,,,,,,,,,,,,,,,,,,,,,,,,,,,,,,,,,
,,,,,,,,,,,,,,,,,,,,,,,,,,,,,,,,,,,,,,,,,,,,,,,,,,,,,,,,,,,,,,,,,,,,,,,,,,,,,,,,,,,,,,,,,,,,,,,,,,,,,,,,,,,,,,
,,,,,,,,,,,,,,,,,,,,,,,,,,,,,,,,,,,,,,,,,,,,,,,,,,,,,,,,,,,,,,,,,,,,,,,,,,,,,,,,,,,,,,,,,,,,,,,,,,,,,,,,,,,,,,
,,,,,,,,,,,,,,,,,,,,,,,,,,,,,,,,,,,,,,,,,,,,,,,,,,,,,,,,,,,,,,,,,,,,,,,,,,,,,,,,,,,,,,,,,,,,,,,,,,,,,,,,,,,,,,
,,,,,,,,,,,,,,,,,,,,,,,,,,,,,,,,,,,,,,,,,,,,,,,,,,,,,,,,,,,,,,,,,,,,,,,,,,,,,,,,,,,,,,,,,,,,,,,,,,,,,,,,,,,,,,
,,,,,,,,,,,,,,,,,,,,,,,,,,,,,,,,,,,,,,,,,,,,,,,,,,,,,,,,,,,,,,,,,,,,,,,,,,,,,,,,,,,,,,,,,,,,,,,,,,,,,,,,,,,,,,
,,,,,,,,,,,,,,,,,,,,,,,,,,,,,,,,,,,,,,,,,,,,,,,,,,,,,,,,,,,,,,,,,,,,,,,,,,,,,,,,,,,,,,,,,,,,,,,,,,,,,,,,,,,,,,
,,,,,,,,,,,,,,,,,,,,,,,,,,,,,,,,,,,,,,,,,,,,,,,,,,,,,,,,,,,,,,,,,,,,,,,,,,,,,,,,,,,,,,,,,,,,,,,,,,,,,,,,,,,,,,
,,,,,,,,,,,,,,,,,,,,,,,,,,,,,,,,,,,,,,,,,,,,,,,,,,,,,,,,,,,,,,,,,,,,,,,,,,,,,,,,,,,,,,,,,,,,,,,,,,,,,,,,,,,,,,
,,,,,,,,,,,,,,,,,,,,,,,,,,,,,,,,,,,,,,,,,,,,,,,,,,,,,,,,,,,,,,,,,,,,,,,,,,,,,,,,,,,,,,,,,,,,,,,,,,,,,,,,,,,,,,
,,,,,,,,,,,,,,,,,,,,,,,,,,,,,,,,,,,,,,,,,,,,,,,,,,,,,,,,,,,,,,,,,,,,,,,,,,,,,,,,,,,,,,,,,,,,,,,,,,,,,,,,,,,,,,
,,,,,,,,,,,,,,,,,,,,,,,,,,,,,,,,,,,,,,,,,,,,,,,,,,,,,,,,,,,,,,,,,,,,,,,,,,,,,,,,,,,,,,,,,,,,,,,,,,,,,,,,,,,,,,
,,,,,,,,,,,,,,,,,,,,,,,,,,,,,,,,,,,,,,,,,,,,,,,,,,,,,,,,,,,,,,,,,,,,,,,,,,,,,,,,,,,,,,,,,,,,,,,,,,,,,,,,,,,,,,
,,,,,,,,,,,,,,,,,,,,,,,,,,,,,,,,,,,,,,,,,,,,,,,,,,,,,,,,,,,,,,,,,,,,,,,,,,,,,,,,,,,,,,,,,,,,,,,,,,,,,,,,,,,,,,
,,,,,,,,,,,,,,,,,,,,,,,,,,,,,,,,,,,,,,,,,,,,,,,,,,,,,,,,,,,,,,,,,,,,,,,,,,,,,,,,,,,,,,,,,,,,,,,,,,,,,,,,,,,,,,
,,,,,,,,,,,,,,,,,,,,,,,,,,,,,,,,,,,,,,,,,,,,,,,,,,,,,,,,,,,,,,,,,,,,,,,,,,,,,,,,,,,,,,,,,,,,,,,,,,,,,,,,,,,,,,
,,,,,,,,,,,,,,,,,,,,,,,,,,,,,,,,,,,,,,,,,,,,,,,,,,,,,,,,,,,,,,,,,,,,,,,,,,,,,,,,,,,,,,,,,,,,,,,,,,,,,,,,,,,,,,
,,,,,,,,,,,,,,,,,,,,,,,,,,,,,,,,,,,,,,,,,,,,,,,,,,,,,,,,,,,,,,,,,,,,,,,,,,,,,,,,,,,,,,,,,,,,,,,,,,,,,,,,,,,,,,
,,,,,,,,,,,,,,,,,,,,,,,,,,,,,,,,,,,,,,,,,,,,,,,,,,,,,,,,,,,,,,,,,,,,,,,,,,,,,,,,,,,,,,,,,,,,,,,,,,,,,,,,,,,,,,
,,,,,,,,,,,,,,,,,,,,,,,,,,,,,,,,,,,,,,,,,,,,,,,,,,,,,,,,,,,,,,,,,,,,,,,,,,,,,,,,,,,,,,,,,,,,,,,,,,,,,,,,,,,,,,
,,,,,,,,,,,,,,,,,,,,,,,,,,,,,,,,,,,,,,,,,,,,,,,,,,,,,,,,,,,,,,,,,,,,,,,,,,,,,,,,,,,,,,,,,,,,,,,,,,,,,,,,,,,,,,
,,,,,,,,,,,,,,,,,,,,,,,,,,,,,,,,,,,,,,,,,,,,,,,,,,,,,,,,,,,,,,,,,,,,,,,,,,,,,,,,,,,,,,,,,,,,,,,,,,,,,,,,,,,,,,
,,,,,,,,,,,,,,,,,,,,,,,,,,,,,,,,,,,,,,,,,,,,,,,,,,,,,,,,,,,,,,,,,,,,,,,,,,,,,,,,,,,,,,,,,,,,,,,,,,,,,,,,,,,,,,
,,,,,,,,,,,,,,,,,,,,,,,,,,,,,,,,,,,,,,,,,,,,,,,,,,,,,,,,,,,,,,,,,,,,,,,,,,,,,,,,,,,,,,,,,,,,,,,,,,,,,,,,,,,,,,
,,,,,,,,,,,,,,,,,,,,,,,,,,,,,,,,,,,,,,,,,,,,,,,,,,,,,,,,,,,,,,,,,,,,,,,,,,,,,,,,,,,,,,,,,,,,,,,,,,,,,,,,,,,,,,
,,,,,,,,,,,,,,,,,,,,,,,,,,,,,,,,,,,,,,,,,,,,,,,,,,,,,,,,,,,,,,,,,,,,,,,,,,,,,,,,,,,,,,,,,,,,,,,,,,,,,,,,,,,,,,
,,,,,,,,,,,,,,,,,,,,,,,,,,,,,,,,,,,,,,,,,,,,,,,,,,,,,,,,,,,,,,,,,,,,,,,,,,,,,,,,,,,,,,,,,,,,,,,,,,,,,,,,,,,,,,
,,,,,,,,,,,,,,,,,,,,,,,,,,,,,,,,,,,,,,,,,,,,,,,,,,,,,,,,,,,,,,,,,,,,,,,,,,,,,,,,,,,,,,,,,,,,,,,,,,,,,,,,,,,,,,
,,,,,,,,,,,,,,,,,,,,,,,,,,,,,,,,,,,,,,,,,,,,,,,,,,,,,,,,,,,,,,,,,,,,,,,,,,,,,,,,,,,,,,,,,,,,,,,,,,,,,,,,,,,,,,
,,,,,,,,,,,,,,,,,,,,,,,,,,,,,,,,,,,,,,,,,,,,,,,,,,,,,,,,,,,,,,,,,,,,,,,,,,,,,,,,,,,,,,,,,,,,,,,,,,,,,,,,,,,,,,
,,,,,,,,,,,,,,,,,,,,,,,,,,,,,,,,,,,,,,,,,,,,,,,,,,,,,,,,,,,,,,,,,,,,,,,,,,,,,,,,,,,,,,,,,,,,,,,,,,,,,,,,,,,,,,
,,,,,,,,,,,,,,,,,,,,,,,,,,,,,,,,,,,,,,,,,,,,,,,,,,,,,,,,,,,,,,,,,,,,,,,,,,,,,,,,,,,,,,,,,,,,,,,,,,,,,,,,,,,,,,
,,,,,,,,,,,,,,,,,,,,,,,,,,,,,,,,,,,,,,,,,,,,,,,,,,,,,,,,,,,,,,,,,,,,,,,,,,,,,,,,,,,,,,,,,,,,,,,,,,,,,,,,,,,,,,
,,,,,,,,,,,,,,,,,,,,,,,,,,,,,,,,,,,,,,,,,,,,,,,,,,,,,,,,,,,,,,,,,,,,,,,,,,,,,,,,,,,,,,,,,,,,,,,,,,,,,,,,,,,,,,
,,,,,,,,,,,,,,,,,,,,,,,,,,,,,,,,,,,,,,,,,,,,,,,,,,,,,,,,,,,,,,,,,,,,,,,,,,,,,,,,,,,,,,,,,,,,,,,,,,,,,,,,,,,,,,
,,,,,,,,,,,,,,,,,,,,,,,,,,,,,,,,,,,,,,,,,,,,,,,,,,,,,,,,,,,,,,,,,,,,,,,,,,,,,,,,,,,,,,,,,,,,,,,,,,,,,,,,,,,,,,
,,,,,,,,,,,,,,,,,,,,,,,,,,,,,,,,,,,,,,,,,,,,,,,,,,,,,,,,,,,,,,,,,,,,,,,,,,,,,,,,,,,,,,,,,,,,,,,,,,,,,,,,,,,,,,
,,,,,,,,,,,,,,,,,,,,,,,,,,,,,,,,,,,,,,,,,,,,,,,,,,,,,,,,,,,,,,,,,,,,,,,,,,,,,,,,,,,,,,,,,,,,,,,,,,,,,,,,,,,,,,
,,,,,,,,,,,,,,,,,,,,,,,,,,,,,,,,,,,,,,,,,,,,,,,,,,,,,,,,,,,,,,,,,,,,,,,,,,,,,,,,,,,,,,,,,,,,,,,,,,,,,,,,,,,,,,
,,,,,,,,,,,,,,,,,,,,,,,,,,,,,,,,,,,,,,,,,,,,,,,,,,,,,,,,,,,,,,,,,,,,,,,,,,,,,,,,,,,,,,,,,,,,,,,,,,,,,,,,,,,,,,
,,,,,,,,,,,,,,,,,,,,,,,,,,,,,,,,,,,,,,,,,,,,,,,,,,,,,,,,,,,,,,,,,,,,,,,,,,,,,,,,,,,,,,,,,,,,,,,,,,,,,,,,,,,,,,
,,,,,,,,,,,,,,,,,,,,,,,,,,,,,,,,,,,,,,,,,,,,,,,,,,,,,,,,,,,,,,,,,,,,,,,,,,,,,,,,,,,,,,,,,,,,,,,,,,,,,,,,,,,,,,
,,,,,,,,,,,,,,,,,,,,,,,,,,,,,,,,,,,,,,,,,,,,,,,,,,,,,,,,,,,,,,,,,,,,,,,,,,,,,,,,,,,,,,,,,,,,,,,,,,,,,,,,,,,,,,
,,,,,,,,,,,,,,,,,,,,,,,,,,,,,,,,,,,,,,,,,,,,,,,,,,,,,,,,,,,,,,,,,,,,,,,,,,,,,,,,,,,,,,,,,,,,,,,,,,,,,,,,,,,,,,
,,,,,,,,,,,,,,,,,,,,,,,,,,,,,,,,,,,,,,,,,,,,,,,,,,,,,,,,,,,,,,,,,,,,,,,,,,,,,,,,,,,,,,,,,,,,,,,,,,,,,,,,,,,,,,
,,,,,,,,,,,,,,,,,,,,,,,,,,,,,,,,,,,,,,,,,,,,,,,,,,,,,,,,,,,,,,,,,,,,,,,,,,,,,,,,,,,,,,,,,,,,,,,,,,,,,,,,,,,,,,
,,,,,,,,,,,,,,,,,,,,,,,,,,,,,,,,,,,,,,,,,,,,,,,,,,,,,,,,,,,,,,,,,,,,,,,,,,,,,,,,,,,,,,,,,,,,,,,,,,,,,,,,,,,,,,
,,,,,,,,,,,,,,,,,,,,,,,,,,,,,,,,,,,,,,,,,,,,,,,,,,,,,,,,,,,,,,,,,,,,,,,,,,,,,,,,,,,,,,,,,,,,,,,,,,,,,,,,,,,,,,
,,,,,,,,,,,,,,,,,,,,,,,,,,,,,,,,,,,,,,,,,,,,,,,,,,,,,,,,,,,,,,,,,,,,,,,,,,,,,,,,,,,,,,,,,,,,,,,,,,,,,,,,,,,,,,
,,,,,,,,,,,,,,,,,,,,,,,,,,,,,,,,,,,,,,,,,,,,,,,,,,,,,,,,,,,,,,,,,,,,,,,,,,,,,,,,,,,,,,,,,,,,,,,,,,,,,,,,,,,,,,
,,,,,,,,,,,,,,,,,,,,,,,,,,,,,,,,,,,,,,,,,,,,,,,,,,,,,,,,,,,,,,,,,,,,,,,,,,,,,,,,,,,,,,,,,,,,,,,,,,,,,,,,,,,,,,
,,,,,,,,,,,,,,,,,,,,,,,,,,,,,,,,,,,,,,,,,,,,,,,,,,,,,,,,,,,,,,,,,,,,,,,,,,,,,,,,,,,,,,,,,,,,,,,,,,,,,,,,,,,,,,
,,,,,,,,,,,,,,,,,,,,,,,,,,,,,,,,,,,,,,,,,,,,,,,,,,,,,,,,,,,,,,,,,,,,,,,,,,,,,,,,,,,,,,,,,,,,,,,,,,,,,,,,,,,,,,
,,,,,,,,,,,,,,,,,,,,,,,,,,,,,,,,,,,,,,,,,,,,,,,,,,,,,,,,,,,,,,,,,,,,,,,,,,,,,,,,,,,,,,,,,,,,,,,,,,,,,,,,,,,,,,
,,,,,,,,,,,,,,,,,,,,,,,,,,,,,,,,,,,,,,,,,,,,,,,,,,,,,,,,,,,,,,,,,,,,,,,,,,,,,,,,,,,,,,,,,,,,,,,,,,,,,,,,,,,,,,
,,,,,,,,,,,,,,,,,,,,,,,,,,,,,,,,,,,,,,,,,,,,,,,,,,,,,,,,,,,,,,,,,,,,,,,,,,,,,,,,,,,,,,,,,,,,,,,,,,,,,,,,,,,,,,
,,,,,,,,,,,,,,,,,,,,,,,,,,,,,,,,,,,,,,,,,,,,,,,,,,,,,,,,,,,,,,,,,,,,,,,,,,,,,,,,,,,,,,,,,,,,,,,,,,,,,,,,,,,,,,
,,,,,,,,,,,,,,,,,,,,,,,,,,,,,,,,,,,,,,,,,,,,,,,,,,,,,,,,,,,,,,,,,,,,,,,,,,,,,,,,,,,,,,,,,,,,,,,,,,,,,,,,,,,,,,
,,,,,,,,,,,,,,,,,,,,,,,,,,,,,,,,,,,,,,,,,,,,,,,,,,,,,,,,,,,,,,,,,,,,,,,,,,,,,,,,,,,,,,,,,,,,,,,,,,,,,,,,,,,,,,
,,,,,,,,,,,,,,,,,,,,,,,,,,,,,,,,,,,,,,,,,,,,,,,,,,,,,,,,,,,,,,,,,,,,,,,,,,,,,,,,,,,,,,,,,,,,,,,,,,,,,,,,,,,,,,
,,,,,,,,,,,,,,,,,,,,,,,,,,,,,,,,,,,,,,,,,,,,,,,,,,,,,,,,,,,,,,,,,,,,,,,,,,,,,,,,,,,,,,,,,,,,,,,,,,,,,,,,,,,,,,
,,,,,,,,,,,,,,,,,,,,,,,,,,,,,,,,,,,,,,,,,,,,,,,,,,,,,,,,,,,,,,,,,,,,,,,,,,,,,,,,,,,,,,,,,,,,,,,,,,,,,,,,,,,,,,
,,,,,,,,,,,,,,,,,,,,,,,,,,,,,,,,,,,,,,,,,,,,,,,,,,,,,,,,,,,,,,,,,,,,,,,,,,,,,,,,,,,,,,,,,,,,,,,,,,,,,,,,,,,,,,
,,,,,,,,,,,,,,,,,,,,,,,,,,,,,,,,,,,,,,,,,,,,,,,,,,,,,,,,,,,,,,,,,,,,,,,,,,,,,,,,,,,,,,,,,,,,,,,,,,,,,,,,,,,,,,
,,,,,,,,,,,,,,,,,,,,,,,,,,,,,,,,,,,,,,,,,,,,,,,,,,,,,,,,,,,,,,,,,,,,,,,,,,,,,,,,,,,,,,,,,,,,,,,,,,,,,,,,,,,,,,
,,,,,,,,,,,,,,,,,,,,,,,,,,,,,,,,,,,,,,,,,,,,,,,,,,,,,,,,,,,,,,,,,,,,,,,,,,,,,,,,,,,,,,,,,,,,,,,,,,,,,,,,,,,,,,
,,,,,,,,,,,,,,,,,,,,,,,,,,,,,,,,,,,,,,,,,,,,,,,,,,,,,,,,,,,,,,,,,,,,,,,,,,,,,,,,,,,,,,,,,,,,,,,,,,,,,,,,,,,,,,
,,,,,,,,,,,,,,,,,,,,,,,,,,,,,,,,,,,,,,,,,,,,,,,,,,,,,,,,,,,,,,,,,,,,,,,,,,,,,,,,,,,,,,,,,,,,,,,,,,,,,,,,,,,,,,
,,,,,,,,,,,,,,,,,,,,,,,,,,,,,,,,,,,,,,,,,,,,,,,,,,,,,,,,,,,,,,,,,,,,,,,,,,,,,,,,,,,,,,,,,,,,,,,,,,,,,,,,,,,,,,
,,,,,,,,,,,,,,,,,,,,,,,,,,,,,,,,,,,,,,,,,,,,,,,,,,,,,,,,,,,,,,,,,,,,,,,,,,,,,,,,,,,,,,,,,,,,,,,,,,,,,,,,,,,,,,
,,,,,,,,,,,,,,,,,,,,,,,,,,,,,,,,,,,,,,,,,,,,,,,,,,,,,,,,,,,,,,,,,,,,,,,,,,,,,,,,,,,,,,,,,,,,,,,,,,,,,,,,,,,,,,
,,,,,,,,,,,,,,,,,,,,,,,,,,,,,,,,,,,,,,,,,,,,,,,,,,,,,,,,,,,,,,,,,,,,,,,,,,,,,,,,,,,,,,,,,,,,,,,,,,,,,,,,,,,,,,
,,,,,,,,,,,,,,,,,,,,,,,,,,,,,,,,,,,,,,,,,,,,,,,,,,,,,,,,,,,,,,,,,,,,,,,,,,,,,,,,,,,,,,,,,,,,,,,,,,,,,,,,,,,,,,
,,,,,,,,,,,,,,,,,,,,,,,,,,,,,,,,,,,,,,,,,,,,,,,,,,,,,,,,,,,,,,,,,,,,,,,,,,,,,,,,,,,,,,,,,,,,,,,,,,,,,,,,,,,,,,
,,,,,,,,,,,,,,,,,,,,,,,,,,,,,,,,,,,,,,,,,,,,,,,,,,,,,,,,,,,,,,,,,,,,,,,,,,,,,,,,,,,,,,,,,,,,,,,,,,,,,,,,,,,,,,
,,,,,,,,,,,,,,,,,,,,,,,,,,,,,,,,,,,,,,,,,,,,,,,,,,,,,,,,,,,,,,,,,,,,,,,,,,,,,,,,,,,,,,,,,,,,,,,,,,,,,,,,,,,,,,
,,,,,,,,,,,,,,,,,,,,,,,,,,,,,,,,,,,,,,,,,,,,,,,,,,,,,,,,,,,,,,,,,,,,,,,,,,,,,,,,,,,,,,,,,,,,,,,,,,,,,,,,,,,,,,
,,,,,,,,,,,,,,,,,,,,,,,,,,,,,,,,,,,,,,,,,,,,,,,,,,,,,,,,,,,,,,,,,,,,,,,,,,,,,,,,,,,,,,,,,,,,,,,,,,,,,,,,,,,,,,
,,,,,,,,,,,,,,,,,,,,,,,,,,,,,,,,,,,,,,,,,,,,,,,,,,,,,,,,,,,,,,,,,,,,,,,,,,,,,,,,,,,,,,,,,,,,,,,,,,,,,,,,,,,,,,
,,,,,,,,,,,,,,,,,,,,,,,,,,,,,,,,,,,,,,,,,,,,,,,,,,,,,,,,,,,,,,,,,,,,,,,,,,,,,,,,,,,,,,,,,,,,,,,,,,,,,,,,,,,,,,
,,,,,,,,,,,,,,,,,,,,,,,,,,,,,,,,,,,,,,,,,,,,,,,,,,,,,,,,,,,,,,,,,,,,,,,,,,,,,,,,,,,,,,,,,,,,,,,,,,,,,,,,,,,,,,
,,,,,,,,,,,,,,,,,,,,,,,,,,,,,,,,,,,,,,,,,,,,,,,,,,,,,,,,,,,,,,,,,,,,,,,,,,,,,,,,,,,,,,,,,,,,,,,,,,,,,,,,,,,,,,
,,,,,,,,,,,,,,,,,,,,,,,,,,,,,,,,,,,,,,,,,,,,,,,,,,,,,,,,,,,,,,,,,,,,,,,,,,,,,,,,,,,,,,,,,,,,,,,,,,,,,,,,,,,,,,
,,,,,,,,,,,,,,,,,,,,,,,,,,,,,,,,,,,,,,,,,,,,,,,,,,,,,,,,,,,,,,,,,,,,,,,,,,,,,,,,,,,,,,,,,,,,,,,,,,,,,,,,,,,,,,
,,,,,,,,,,,,,,,,,,,,,,,,,,,,,,,,,,,,,,,,,,,,,,,,,,,,,,,,,,,,,,,,,,,,,,,,,,,,,,,,,,,,,,,,,,,,,,,,,,,,,,,,,,,,,,
,,,,,,,,,,,,,,,,,,,,,,,,,,,,,,,,,,,,,,,,,,,,,,,,,,,,,,,,,,,,,,,,,,,,,,,,,,,,,,,,,,,,,,,,,,,,,,,,,,,,,,,,,,,,,,
,,,,,,,,,,,,,,,,,,,,,,,,,,,,,,,,,,,,,,,,,,,,,,,,,,,,,,,,,,,,,,,,,,,,,,,,,,,,,,,,,,,,,,,,,,,,,,,,,,,,,,,,,,,,,,
,,,,,,,,,,,,,,,,,,,,,,,,,,,,,,,,,,,,,,,,,,,,,,,,,,,,,,,,,,,,,,,,,,,,,,,,,,,,,,,,,,,,,,,,,,,,,,,,,,,,,,,,,,,,,,
,,,,,,,,,,,,,,,,,,,,,,,,,,,,,,,,,,,,,,,,,,,,,,,,,,,,,,,,,,,,,,,,,,,,,,,,,,,,,,,,,,,,,,,,,,,,,,,,,,,,,,,,,,,,,,
,,,,,,,,,,,,,,,,,,,,,,,,,,,,,,,,,,,,,,,,,,,,,,,,,,,,,,,,,,,,,,,,,,,,,,,,,,,,,,,,,,,,,,,,,,,,,,,,,,,,,,,,,,,,,,
,,,,,,,,,,,,,,,,,,,,,,,,,,,,,,,,,,,,,,,,,,,,,,,,,,,,,,,,,,,,,,,,,,,,,,,,,,,,,,,,,,,,,,,,,,,,,,,,,,,,,,,,,,,,,,
,,,,,,,,,,,,,,,,,,,,,,,,,,,,,,,,,,,,,,,,,,,,,,,,,,,,,,,,,,,,,,,,,,,,,,,,,,,,,,,,,,,,,,,,,,,,,,,,,,,,,,,,,,,,,,
,,,,,,,,,,,,,,,,,,,,,,,,,,,,,,,,,,,,,,,,,,,,,,,,,,,,,,,,,,,,,,,,,,,,,,,,,,,,,,,,,,,,,,,,,,,,,,,,,,,,,,,,,,,,,,
,,,,,,,,,,,,,,,,,,,,,,,,,,,,,,,,,,,,,,,,,,,,,,,,,,,,,,,,,,,,,,,,,,,,,,,,,,,,,,,,,,,,,,,,,,,,,,,,,,,,,,,,,,,,,,
,,,,,,,,,,,,,,,,,,,,,,,,,,,,,,,,,,,,,,,,,,,,,,,,,,,,,,,,,,,,,,,,,,,,,,,,,,,,,,,,,,,,,,,,,,,,,,,,,,,,,,,,,,,,,,
,,,,,,,,,,,,,,,,,,,,,,,,,,,,,,,,,,,,,,,,,,,,,,,,,,,,,,,,,,,,,,,,,,,,,,,,,,,,,,,,,,,,,,,,,,,,,,,,,,,,,,,,,,,,,,
,,,,,,,,,,,,,,,,,,,,,,,,,,,,,,,,,,,,,,,,,,,,,,,,,,,,,,,,,,,,,,,,,,,,,,,,,,,,,,,,,,,,,,,,,,,,,,,,,,,,,,,,,,,,,,
,,,,,,,,,,,,,,,,,,,,,,,,,,,,,,,,,,,,,,,,,,,,,,,,,,,,,,,,,,,,,,,,,,,,,,,,,,,,,,,,,,,,,,,,,,,,,,,,,,,,,,,,,,,,,,
,,,,,,,,,,,,,,,,,,,,,,,,,,,,,,,,,,,,,,,,,,,,,,,,,,,,,,,,,,,,,,,,,,,,,,,,,,,,,,,,,,,,,,,,,,,,,,,,,,,,,,,,,,,,,,
,,,,,,,,,,,,,,,,,,,,,,,,,,,,,,,,,,,,,,,,,,,,,,,,,,,,,,,,,,,,,,,,,,,,,,,,,,,,,,,,,,,,,,,,,,,,,,,,,,,,,,,,,,,,,,
,,,,,,,,,,,,,,,,,,,,,,,,,,,,,,,,,,,,,,,,,,,,,,,,,,,,,,,,,,,,,,,,,,,,,,,,,,,,,,,,,,,,,,,,,,,,,,,,,,,,,,,,,,,,,,
,,,,,,,,,,,,,,,,,,,,,,,,,,,,,,,,,,,,,,,,,,,,,,,,,,,,,,,,,,,,,,,,,,,,,,,,,,,,,,,,,,,,,,,,,,,,,,,,,,,,,,,,,,,,,,
,,,,,,,,,,,,,,,,,,,,,,,,,,,,,,,,,,,,,,,,,,,,,,,,,,,,,,,,,,,,,,,,,,,,,,,,,,,,,,,,,,,,,,,,,,,,,,,,,,,,,,,,,,,,,,
,,,,,,,,,,,,,,,,,,,,,,,,,,,,,,,,,,,,,,,,,,,,,,,,,,,,,,,,,,,,,,,,,,,,,,,,,,,,,,,,,,,,,,,,,,,,,,,,,,,,,,,,,,,,,,
,,,,,,,,,,,,,,,,,,,,,,,,,,,,,,,,,,,,,,,,,,,,,,,,,,,,,,,,,,,,,,,,,,,,,,,,,,,,,,,,,,,,,,,,,,,,,,,,,,,,,,,,,,,,,,
,,,,,,,,,,,,,,,,,,,,,,,,,,,,,,,,,,,,,,,,,,,,,,,,,,,,,,,,,,,,,,,,,,,,,,,,,,,,,,,,,,,,,,,,,,,,,,,,,,,,,,,,,,,,,,
,,,,,,,,,,,,,,,,,,,,,,,,,,,,,,,,,,,,,,,,,,,,,,,,,,,,,,,,,,,,,,,,,,,,,,,,,,,,,,,,,,,,,,,,,,,,,,,,,,,,,,,,,,,,,,
,,,,,,,,,,,,,,,,,,,,,,,,,,,,,,,,,,,,,,,,,,,,,,,,,,,,,,,,,,,,,,,,,,,,,,,,,,,,,,,,,,,,,,,,,,,,,,,,,,,,,,,,,,,,,,
,,,,,,,,,,,,,,,,,,,,,,,,,,,,,,,,,,,,,,,,,,,,,,,,,,,,,,,,,,,,,,,,,,,,,,,,,,,,,,,,,,,,,,,,,,,,,,,,,,,,,,,,,,,,,,
,,,,,,,,,,,,,,,,,,,,,,,,,,,,,,,,,,,,,,,,,,,,,,,,,,,,,,,,,,,,,,,,,,,,,,,,,,,,,,,,,,,,,,,,,,,,,,,,,,,,,,,,,,,,,,
,,,,,,,,,,,,,,,,,,,,,,,,,,,,,,,,,,,,,,,,,,,,,,,,,,,,,,,,,,,,,,,,,,,,,,,,,,,,,,,,,,,,,,,,,,,,,,,,,,,,,,,,,,,,,,
,,,,,,,,,,,,,,,,,,,,,,,,,,,,,,,,,,,,,,,,,,,,,,,,,,,,,,,,,,,,,,,,,,,,,,,,,,,,,,,,,,,,,,,,,,,,,,,,,,,,,,,,,,,,,,
,,,,,,,,,,,,,,,,,,,,,,,,,,,,,,,,,,,,,,,,,,,,,,,,,,,,,,,,,,,,,,,,,,,,,,,,,,,,,,,,,,,,,,,,,,,,,,,,,,,,,,,,,,,,,,
,,,,,,,,,,,,,,,,,,,,,,,,,,,,,,,,,,,,,,,,,,,,,,,,,,,,,,,,,,,,,,,,,,,,,,,,,,,,,,,,,,,,,,,,,,,,,,,,,,,,,,,,,,,,,,
,,,,,,,,,,,,,,,,,,,,,,,,,,,,,,,,,,,,,,,,,,,,,,,,,,,,,,,,,,,,,,,,,,,,,,,,,,,,,,,,,,,,,,,,,,,,,,,,,,,,,,,,,,,,,,
,,,,,,,,,,,,,,,,,,,,,,,,,,,,,,,,,,,,,,,,,,,,,,,,,,,,,,,,,,,,,,,,,,,,,,,,,,,,,,,,,,,,,,,,,,,,,,,,,,,,,,,,,,,,,,
,,,,,,,,,,,,,,,,,,,,,,,,,,,,,,,,,,,,,,,,,,,,,,,,,,,,,,,,,,,,,,,,,,,,,,,,,,,,,,,,,,,,,,,,,,,,,,,,,,,,,,,,,,,,,,
,,,,,,,,,,,,,,,,,,,,,,,,,,,,,,,,,,,,,,,,,,,,,,,,,,,,,,,,,,,,,,,,,,,,,,,,,,,,,,,,,,,,,,,,,,,,,,,,,,,,,,,,,,,,,,
,,,,,,,,,,,,,,,,,,,,,,,,,,,,,,,,,,,,,,,,,,,,,,,,,,,,,,,,,,,,,,,,,,,,,,,,,,,,,,,,,,,,,,,,,,,,,,,,,,,,,,,,,,,,,,
,,,,,,,,,,,,,,,,,,,,,,,,,,,,,,,,,,,,,,,,,,,,,,,,,,,,,,,,,,,,,,,,,,,,,,,,,,,,,,,,,,,,,,,,,,,,,,,,,,,,,,,,,,,,,,
,,,,,,,,,,,,,,,,,,,,,,,,,,,,,,,,,,,,,,,,,,,,,,,,,,,,,,,,,,,,,,,,,,,,,,,,,,,,,,,,,,,,,,,,,,,,,,,,,,,,,,,,,,,,,,
,,,,,,,,,,,,,,,,,,,,,,,,,,,,,,,,,,,,,,,,,,,,,,,,,,,,,,,,,,,,,,,,,,,,,,,,,,,,,,,,,,,,,,,,,,,,,,,,,,,,,,,,,,,,,,
,,,,,,,,,,,,,,,,,,,,,,,,,,,,,,,,,,,,,,,,,,,,,,,,,,,,,,,,,,,,,,,,,,,,,,,,,,,,,,,,,,,,,,,,,,,,,,,,,,,,,,,,,,,,,,
,,,,,,,,,,,,,,,,,,,,,,,,,,,,,,,,,,,,,,,,,,,,,,,,,,,,,,,,,,,,,,,,,,,,,,,,,,,,,,,,,,,,,,,,,,,,,,,,,,,,,,,,,,,,,,
,,,,,,,,,,,,,,,,,,,,,,,,,,,,,,,,,,,,,,,,,,,,,,,,,,,,,,,,,,,,,,,,,,,,,,,,,,,,,,,,,,,,,,,,,,,,,,,,,,,,,,,,,,,,,,
,,,,,,,,,,,,,,,,,,,,,,,,,,,,,,,,,,,,,,,,,,,,,,,,,,,,,,,,,,,,,,,,,,,,,,,,,,,,,,,,,,,,,,,,,,,,,,,,,,,,,,,,,,,,,,
,,,,,,,,,,,,,,,,,,,,,,,,,,,,,,,,,,,,,,,,,,,,,,,,,,,,,,,,,,,,,,,,,,,,,,,,,,,,,,,,,,,,,,,,,,,,,,,,,,,,,,,,,,,,,,
,,,,,,,,,,,,,,,,,,,,,,,,,,,,,,,,,,,,,,,,,,,,,,,,,,,,,,,,,,,,,,,,,,,,,,,,,,,,,,,,,,,,,,,,,,,,,,,,,,,,,,,,,,,,,,
,,,,,,,,,,,,,,,,,,,,,,,,,,,,,,,,,,,,,,,,,,,,,,,,,,,,,,,,,,,,,,,,,,,,,,,,,,,,,,,,,,,,,,,,,,,,,,,,,,,,,,,,,,,,,,
,,,,,,,,,,,,,,,,,,,,,,,,,,,,,,,,,,,,,,,,,,,,,,,,,,,,,,,,,,,,,,,,,,,,,,,,,,,,,,,,,,,,,,,,,,,,,,,,,,,,,,,,,,,,,,
,,,,,,,,,,,,,,,,,,,,,,,,,,,,,,,,,,,,,,,,,,,,,,,,,,,,,,,,,,,,,,,,,,,,,,,,,,,,,,,,,,,,,,,,,,,,,,,,,,,,,,,,,,,,,,
,,,,,,,,,,,,,,,,,,,,,,,,,,,,,,,,,,,,,,,,,,,,,,,,,,,,,,,,,,,,,,,,,,,,,,,,,,,,,,,,,,,,,,,,,,,,,,,,,,,,,,,,,,,,,,
,,,,,,,,,,,,,,,,,,,,,,,,,,,,,,,,,,,,,,,,,,,,,,,,,,,,,,,,,,,,,,,,,,,,,,,,,,,,,,,,,,,,,,,,,,,,,,,,,,,,,,,,,,,,,,
,,,,,,,,,,,,,,,,,,,,,,,,,,,,,,,,,,,,,,,,,,,,,,,,,,,,,,,,,,,,,,,,,,,,,,,,,,,,,,,,,,,,,,,,,,,,,,,,,,,,,,,,,,,,,,