,Canada,Mexico,US,Total North America,,Argentina,Brazil,Chile,Colombia,Ecuador,Peru,Trinidad & Tobago,Venezuela,Central America,Other Caribbean,Other South America,Total S. & Cent. America,,Austria,Belgium,Bulgaria,Croatia,Cyprus,Czech Republic,Denmark,Estonia,Finland,France,Germany,Greece,Hungary,Iceland,Ireland,Italy,Latvia,Lithuania,Luxembourg,Netherlands,North Macedonia,Norway,Poland,Portugal,Romania,Slovakia,Slovenia,Spain,Sweden,Switzerland,Turkey,Ukraine,United Kingdom,Other Europe,Total Europe,,Azerbaijan,Belarus,Kazakhstan,Russian Federation,Turkmenistan,,Uzbekistan,Other CIS,Total CIS,,Iran,Iraq,Israel,Kuwait,Oman,Qatar,Saudi Arabia,United Arab Emirates,Other Middle East,Total Middle East,,Algeria,Egypt,Morocco,South Africa,Eastern Africa,Middle Africa,Western Africa,Other Northern Africa,Other Southern Africa,Total Africa,,Australia,Bangladesh,China,China Hong Kong SAR,India,Indonesia,Japan,Malaysia,New Zealand,Pakistan,Philippines,Singapore,South Korea,Sri Lanka,Taiwan,Thailand,Vietnam,Other Asia Pacific,Total Asia Pacific,,Total World,of which: OECD,                 Non-OECD,                 European Union#
1985,10.29,4.08,72.66,87.03,,1.73,4.94,0.4,0.79,0.22,0.37,0.21,1.81,0.35,1.21,0.29,12.33,,1.14,1.96,1.21,-,0.05,2.27,0.78,0.43,1.03,8.66,15.45,0.8,1.2,0.07,0.36,5.89,0.38,0.65,0.12,2.96,-,1.57,5.28,0.54,2.57,0.86,-,3.32,2.49,1.17,1.39,10.01,8.61,2.57,85.78,,0.85,1.47,2.87,34.4,0.52,,1.68,1.37,43.14,,2.32,0.52,0.35,0.43,0.12,0.24,2.63,0.73,0.98,8.31,,0.94,1.18,0.24,3.29,0.71,0.3,0.78,0.56,0.04,8.05,,3.16,0.17,22.14,0.36,5.7,1.49,16.13,0.62,0.56,0.79,0.49,0.51,2.25,0.09,1.43,0.69,0.22,2.07,58.86,,303.5,180.09,123.41,60.42
1986,10.39,3.96,73.34,87.69,,1.83,5.21,0.41,0.83,0.23,0.4,0.22,1.95,0.37,1.25,0.38,13.07,,1.14,2.02,1.24,-,0.05,2.3,0.8,0.42,1.04,8.88,15.32,0.8,1.19,0.07,0.39,6.05,0.36,0.6,0.11,3.11,-,1.53,5.43,0.57,2.63,0.86,-,3.39,2.58,1.22,1.51,10.05,8.85,2.7,87.21,,0.91,1.68,2.93,35.01,0.64,,1.65,1.31,44.12,,2.17,0.59,0.37,0.5,0.13,0.26,2.82,0.88,0.99,8.72,,1,1.21,0.24,3.35,0.72,0.3,0.77,0.57,0.04,8.21,,3.22,0.19,23.2,0.38,6.1,1.59,16.15,0.68,0.6,0.83,0.49,0.59,2.52,0.1,1.56,0.73,0.24,2.11,61.29,,310.31,182.4,127.91,61.3
1987,10.72,4.09,75.8,90.61,,1.91,5.35,0.43,0.9,0.24,0.43,0.21,1.95,0.39,1.3,0.45,13.57,,1.2,2.08,1.25,-,0.06,2.35,0.77,0.43,1.1,9.04,15.45,0.87,1.25,0.07,0.39,6.23,0.32,0.63,0.11,3.17,-,1.61,5.6,0.59,2.73,0.87,-,3.51,2.53,1.22,1.73,10.27,8.83,2.73,89,,0.88,1.7,3,36.15,0.64,,1.72,1.36,45.44,,2.33,0.7,0.4,0.46,0.13,0.25,2.99,0.98,1.03,9.28,,1.03,1.28,0.25,3.41,0.72,0.31,0.81,0.63,0.04,8.48,,3.32,0.21,25.02,0.42,6.49,1.68,16.48,0.7,0.61,0.93,0.53,0.62,2.8,0.1,1.69,0.83,0.27,2.05,64.74,,321.13,187.58,133.55,62.57
1988,11.15,4.12,79.25,94.53,,1.95,5.52,0.48,0.9,0.27,0.42,0.23,2.03,0.39,1.31,0.48,13.98,,1.18,2.12,1.28,-,0.06,2.36,0.76,0.42,1.09,9.16,15.5,0.92,1.22,0.08,0.39,6.39,0.31,0.66,0.11,3.18,-,1.66,5.5,0.65,2.78,0.88,-,3.67,2.47,1.23,1.9,10.28,8.95,2.81,89.97,,0.88,1.73,3.11,36.79,0.64,,1.73,1.52,46.39,,2.37,0.81,0.43,0.52,0.14,0.26,3.13,1.09,1.07,9.82,,1.1,1.3,0.26,3.75,0.78,0.32,0.86,0.64,0.05,9.07,,3.47,0.23,26.88,0.48,7.06,1.77,17.52,0.74,0.63,0.99,0.59,0.72,3.12,0.1,1.86,0.94,0.27,2.08,69.46,,333.22,193.91,139.31,63.09
1989,11.26,4.36,81.17,96.79,,1.88,5.67,0.53,0.95,0.28,0.39,0.23,2.05,0.41,1.36,0.53,14.28,,1.19,2.14,1.26,-,0.07,2.29,0.7,0.44,1.09,9.28,15.34,1,1.19,0.08,0.4,6.57,0.31,0.71,0.13,3.2,-,1.76,5.29,0.7,2.78,0.89,-,3.85,2.41,1.15,1.86,9.84,8.96,2.73,89.61,,0.9,1.67,3.06,36.92,0.66,,1.79,1.45,46.45,,2.6,0.92,0.45,0.56,0.14,0.28,3.08,1.22,1.09,10.34,,1.07,1.37,0.29,3.58,0.78,0.34,0.91,0.69,0.05,9.09,,3.64,0.25,28.21,0.51,7.72,1.96,18.13,0.82,0.65,1.05,0.64,0.82,3.39,0.1,1.98,1.08,0.26,2.03,73.24,,339.79,197.53,142.26,63.26
1990,10.83,4.75,81.38,96.96,,1.85,5.64,0.56,0.91,0.29,0.39,0.25,2.17,0.43,1.34,0.57,14.4,,1.21,2.24,1.17,0.36,0.07,1.97,0.73,0.46,1.16,9.57,15.09,1.03,1.16,0.08,0.42,6.68,0.31,0.73,0.13,3.28,0.11,1.78,4.36,0.71,2.65,0.89,0.25,3.85,2.46,1.19,2.02,11.5,9.03,1.93,90.59,,0.94,1.68,3.09,36.27,0.55,,1.88,1.49,45.89,,2.92,0.86,0.46,0.33,0.17,0.28,3.34,1.24,1.16,10.76,,1.13,1.41,0.3,3.71,0.87,0.32,0.89,0.67,0.09,9.39,,3.72,0.27,28.58,0.5,8.28,2.16,18.79,0.87,0.67,1.1,0.68,0.98,3.84,0.11,2.1,1.27,0.28,1.99,76.18,,344.18,198.79,145.39,62.97
1991,10.87,4.89,81.27,97.04,,1.88,5.82,0.63,0.93,0.32,0.38,0.25,2.19,0.45,1.31,0.62,14.78,,1.27,2.31,0.95,0.3,0.07,1.79,0.84,0.42,1.19,10.17,14.73,1.05,1.09,0.08,0.44,6.89,0.29,0.77,0.14,3.34,0.11,1.64,4.26,0.74,2.25,0.8,0.25,3.98,2.33,1.23,2.07,10.78,9.22,1.71,89.48,,0.9,1.67,3.09,35.78,0.56,,1.85,1.24,45.1,,3.17,0.54,0.47,0.17,0.22,0.33,3.5,1.52,1.23,11.14,,1.12,1.43,0.3,3.68,0.84,0.3,0.94,0.67,0.09,9.38,,3.69,0.26,30.02,0.52,8.74,2.35,19.21,1.09,0.68,1.17,0.66,1,4.34,0.11,2.23,1.41,0.28,1.92,79.67,,346.59,200.4,146.19,62.69
1992,11.17,4.98,82.47,98.62,,2.01,5.9,0.7,0.97,0.32,0.37,0.26,2.37,0.49,1.24,0.63,15.27,,1.25,2.31,0.89,0.29,0.08,1.74,0.79,0.29,1.19,10.26,14.43,1.07,1.04,0.08,0.44,6.86,0.21,0.47,0.14,3.38,0.11,1.73,4.08,0.75,1.98,0.77,0.23,4.17,2.35,1.25,2.17,9.11,9.16,1.5,86.56,,0.77,1.45,3.05,34.44,0.54,,1.76,1.05,43.06,,3.5,0.86,0.55,0.29,0.22,0.52,3.53,1.46,1.28,12.22,,1.15,1.41,0.34,3.7,0.82,0.31,1.02,0.67,0.1,9.52,,3.75,0.28,31.59,0.61,9.19,2.58,19.41,1.23,0.69,1.22,0.71,1.07,4.89,0.12,2.36,1.54,0.31,1.75,83.3,,348.56,202.27,146.29,61.49
1993,11.45,4.99,84.2,100.64,,2.08,6.17,0.74,1.05,0.33,0.41,0.28,2.34,0.53,1.25,0.68,15.86,,1.27,2.27,0.95,0.3,0.09,1.72,0.83,0.24,1.2,10.26,14.37,1.08,1,0.08,0.45,6.71,0.18,0.37,0.15,3.41,0.11,1.79,4.07,0.77,1.93,0.76,0.24,4.04,2.32,1.24,2.36,7.99,9.27,1.29,85.11,,0.67,1.21,2.69,32.11,0.44,,1.89,0.84,39.86,,3.24,1.14,0.6,0.36,0.21,0.56,3.61,1.52,1.32,12.57,,1.07,1.41,0.34,3.69,0.89,0.3,1.03,0.71,0.1,9.54,,3.83,0.31,34.05,0.67,9.42,2.75,19.7,1.23,0.71,1.35,0.78,1.17,5.37,0.13,2.5,1.75,0.35,1.67,87.74,,351.33,205.2,146.13,61.02
1994,11.88,5.27,85.75,102.91,,2.19,6.48,0.78,1.14,0.36,0.44,0.3,2.54,0.56,1.3,0.75,16.83,,1.26,2.39,0.91,0.31,0.09,1.68,0.89,0.25,1.26,10.13,14.24,1.1,1.02,0.08,0.47,6.7,0.17,0.32,0.14,3.37,0.1,1.73,3.9,0.8,1.82,0.74,0.26,4.23,2.32,1.31,2.29,6.83,9.16,1.11,83.35,,0.62,1.01,2.4,29.3,0.47,,1.85,0.71,36.36,,3.63,1.29,0.62,0.42,0.2,0.56,4.17,1.67,1.39,13.96,,1.09,1.49,0.38,3.85,0.89,0.29,1.01,0.77,0.1,9.87,,3.98,0.33,36.18,0.61,9.93,2.88,20.44,1.31,0.75,1.4,0.81,1.34,5.79,0.14,2.65,1.96,0.39,1.61,92.49,,355.77,208.71,147.06,60.8
1995,12.17,5.18,87.63,104.98,,2.26,6.89,0.84,1.17,0.34,0.48,0.32,2.62,0.61,1.3,0.84,17.66,,1.32,2.42,0.98,0.32,0.09,1.75,0.88,0.22,1.2,10.37,14.31,1.14,1.03,0.09,0.48,6.97,0.16,0.36,0.12,3.51,0.1,1.83,3.99,0.88,2,0.76,0.27,4.39,2.35,1.24,2.56,6.66,9.19,1.14,85.06,,0.58,0.9,2.16,27.73,0.39,,1.83,0.62,34.2,,3.81,1.28,0.7,0.54,0.23,0.56,4.07,1.75,1.45,14.39,,1.13,1.58,0.37,4.02,0.9,0.31,1.04,0.81,0.11,10.27,,4.16,0.39,37.27,0.65,10.67,3.13,21.49,1.43,0.77,1.48,0.93,1.4,6.32,0.15,2.82,2.22,0.46,1.59,97.32,,363.88,214.31,149.57,62.3
1996,12.51,5.32,90.58,108.4,,2.37,7.29,0.89,1.21,0.39,0.49,0.36,2.55,0.62,1.35,0.88,18.4,,1.32,2.57,0.98,0.34,0.09,1.81,1.04,0.24,1.25,10.76,14.78,1.17,1.05,0.09,0.51,6.97,0.15,0.39,0.13,3.66,0.12,1.68,4.19,0.9,1.99,0.76,0.28,4.56,2.28,1.2,2.79,6.21,9.63,1.24,87.13,,0.47,0.93,1.88,26.69,0.56,,1.89,0.67,33.08,,4.14,1.29,0.73,0.54,0.24,0.41,4.21,1.8,1.49,14.84,,1.12,1.66,0.39,4.1,0.89,0.31,1.13,0.83,0.1,10.53,,4.28,0.4,39.27,0.65,11.09,3.36,21.9,1.6,0.78,1.57,1,1.41,6.99,0.15,2.94,2.51,0.52,1.48,101.91,,374.3,221.45,152.85,64.2
1997,12.57,5.45,91.26,109.28,,2.39,7.75,1.01,1.23,0.43,0.49,0.36,2.7,0.65,1.43,0.95,19.4,,1.35,2.6,0.93,0.34,0.09,1.74,0.95,0.23,1.27,10.61,14.59,1.2,1.03,0.1,0.52,7.09,0.15,0.36,0.12,3.6,0.11,1.77,4.15,0.92,1.88,0.75,0.29,4.81,2.36,1.28,2.92,5.99,9.47,1.34,86.87,,0.45,0.94,1.65,25.24,0.43,,1.87,0.63,31.21,,4.27,1.52,0.8,0.56,0.24,0.45,4.28,1.88,1.59,15.6,,1.07,1.73,0.4,4.2,0.94,0.31,1.13,0.87,0.11,10.75,,4.38,0.42,39.53,0.66,11.71,3.65,22.32,1.86,0.78,1.52,1.09,1.49,7.67,0.16,3.11,2.64,0.6,1.47,105.06,,378.17,223.8,154.37,63.95
1998,12.39,5.67,91.84,109.9,,2.48,8.02,1.01,1.25,0.44,0.5,0.37,2.86,0.72,1.48,0.99,20.12,,1.37,2.65,0.89,0.36,0.1,1.69,0.91,0.21,1.31,10.85,14.47,1.28,1.04,0.1,0.56,7.25,0.16,0.38,0.12,3.62,0.12,1.84,3.98,1,1.72,0.75,0.29,5.04,2.56,1.29,2.99,5.78,9.55,1.36,87.6,,0.46,0.92,1.56,25.19,0.54,,1.86,0.63,31.15,,4.45,1.14,0.84,0.69,0.25,0.49,4.51,1.92,1.73,16.02,,1.11,1.8,0.41,4.12,1.01,0.29,1.15,0.9,0.12,10.92,,4.49,0.45,39.6,0.67,12.42,3.58,21.88,1.78,0.78,1.63,1.08,1.51,7.02,0.17,3.3,2.43,0.65,1.41,104.86,,380.56,224.56,156,64.61
1999,12.78,5.75,93.47,112.01,,2.51,8.12,1.06,1.16,0.4,0.51,0.41,2.86,0.75,1.44,0.99,20.2,,1.4,2.63,0.78,0.37,0.1,1.62,0.89,0.19,1.29,11.05,14.27,1.28,1.04,0.11,0.6,7.46,0.14,0.32,0.13,3.58,0.12,1.89,3.9,1.02,1.52,0.76,0.29,5.2,2.48,1.34,2.91,5.69,9.5,1.24,87.08,,0.45,0.89,1.47,25.51,0.51,,2.11,0.6,31.55,,4.79,0.83,0.87,0.71,0.28,0.54,4.59,1.94,1.76,16.31,,1.12,1.93,0.43,4.26,1.03,0.31,1.15,0.89,0.13,11.25,,4.67,0.46,40.99,0.68,12.78,3.91,22.23,1.91,0.79,1.71,1.1,1.49,7.64,0.18,3.45,2.58,0.68,1.49,108.73,,387.14,227.83,159.3,64.31
2000,13.13,6.1,95.56,114.79,,2.52,8.48,1.11,1.13,0.37,0.53,0.43,2.95,0.77,1.66,0.99,20.94,,1.41,2.68,0.78,0.35,0.11,1.71,0.85,0.2,1.29,11.19,14.36,1.34,1.01,0.12,0.62,7.56,0.14,0.28,0.13,3.62,0.11,2.09,3.66,1.06,1.51,0.79,0.28,5.5,2.3,1.31,3.11,5.71,9.59,1.32,88.1,,0.48,0.92,1.33,25.97,0.43,,2.16,0.58,31.87,,5.03,1.16,0.82,0.76,0.4,0.48,4.81,1.93,1.78,17.16,,1.08,2.05,0.42,4.27,1.02,0.34,1.23,0.96,0.13,11.5,,4.7,0.49,42.48,0.71,13.42,4.19,22.47,2.2,0.83,1.74,1.11,1.59,8.09,0.19,3.67,2.67,0.77,1.59,112.92,,397.28,232.28,165,64.8
2001,12.86,6.05,93.29,112.19,,2.46,8.27,1.13,1.14,0.38,0.53,0.46,3.06,0.8,1.74,0.91,20.87,,1.46,2.65,0.81,0.37,0.11,1.75,0.85,0.21,1.32,11.32,14.63,1.35,1.04,0.12,0.66,7.55,0.15,0.33,0.14,3.76,0.1,1.89,3.64,1.07,1.53,0.81,0.3,5.75,2.47,1.4,2.83,5.63,9.69,1.38,89.07,,0.46,0.89,1.5,26.38,0.54,,2.17,0.57,32.51,,5.37,1.3,0.82,0.77,0.44,0.46,5.12,1.95,1.83,18.06,,1.12,2.14,0.46,4.29,1.11,0.35,1.34,0.98,0.14,11.92,,4.74,0.56,44.89,0.9,13.48,4.49,22.26,2.25,0.82,1.78,1.08,1.8,8.28,0.19,3.78,2.82,0.87,1.63,116.62,,401.25,230.66,170.59,66.09
2002,13.3,6.19,94.67,114.16,,2.36,8.46,1.15,1.14,0.37,0.54,0.5,3.1,0.82,1.75,0.94,21.13,,1.46,2.64,0.79,0.37,0.11,1.75,0.85,0.21,1.33,11.21,14.44,1.35,1.01,0.13,0.65,7.5,0.15,0.35,0.16,3.77,0.1,1.97,3.6,1.06,1.59,0.82,0.29,5.81,2.31,1.3,3.09,5.59,9.47,1.45,88.68,,0.45,0.92,1.53,26.27,0.46,,2.22,0.57,32.43,,5.85,1.23,0.83,0.82,0.48,0.51,5.33,2.13,1.89,19.09,,1.16,2.2,0.47,4.18,1.13,0.37,1.46,0.97,0.14,12.07,,4.83,0.56,48.89,0.88,13.92,4.61,22.29,2.37,0.85,1.85,1.09,1.74,8.66,0.19,3.95,3.05,0.95,1.6,122.28,,409.83,232.77,177.07,65.64
2003,13.36,6.27,94.97,114.6,,2.53,8.62,1.16,1.16,0.38,0.53,0.56,2.89,0.85,1.77,0.97,21.44,,1.48,2.74,0.81,0.38,0.12,1.85,0.92,0.23,1.42,11.32,14.44,1.43,1.02,0.13,0.64,7.74,0.15,0.37,0.16,3.79,0.12,1.74,3.72,1.09,1.59,0.79,0.29,6.14,2.21,1.29,3.28,5.73,9.61,1.53,90.27,,0.49,0.92,1.67,26.81,0.63,,2.04,0.6,33.16,,5.96,1.09,0.86,0.98,0.5,0.59,5.65,2.27,1.97,19.87,,1.21,2.33,0.47,4.53,1.14,0.39,1.44,1.01,0.14,12.65,,4.9,0.59,56.95,0.91,14.41,5,22.21,2.57,0.82,2.02,1.12,1.64,8.94,0.2,4.13,3.28,1.03,1.7,132.41,,424.4,234.8,189.6,66.93
2004,13.57,6.64,96.83,117.03,,2.68,9.04,1.24,1.22,0.41,0.57,0.62,3.14,0.88,1.79,0.96,22.55,,1.5,2.75,0.78,0.4,0.11,1.9,0.87,0.23,1.42,11.42,14.44,1.43,1.04,0.13,0.65,7.91,0.16,0.37,0.19,3.92,0.11,1.77,3.75,1.07,1.65,0.77,0.31,6.37,2.39,1.27,3.51,5.71,9.69,1.66,91.64,,0.55,1.03,1.78,27.05,0.63,,2.03,0.65,33.71,,6.6,1.17,0.88,1.09,0.46,0.71,6.13,2.43,2.04,21.5,,1.26,2.46,0.53,4.94,1.21,0.47,1.49,1.09,0.14,13.59,,5.06,0.63,66.63,1.01,15.65,4.95,22.47,2.78,0.84,2.24,1.15,1.83,9.15,0.19,4.3,3.56,1.25,1.73,145.44,,445.47,239.27,206.2,67.88
2005,13.66,7.27,96.88,117.8,,2.85,9.28,1.29,1.2,0.43,0.59,0.66,3.24,0.89,1.8,0.97,23.19,,1.53,2.72,0.85,0.39,0.13,1.87,0.82,0.23,1.29,11.35,14.27,1.44,1.11,0.13,0.68,7.92,0.17,0.34,0.19,4,0.12,2.02,3.83,1.07,1.65,0.81,0.31,6.41,2.45,1.22,3.59,5.78,9.77,1.64,92.08,,0.6,1.02,1.83,27.01,0.64,,2.03,0.67,33.8,,6.99,1.11,0.88,1.2,0.56,0.8,6.52,2.54,2.24,22.84,,1.32,2.52,0.58,4.68,1.27,0.46,1.54,1.11,0.15,13.63,,5.08,0.68,75.7,0.97,16.57,5.1,22.55,3.01,0.82,2.33,1.15,1.93,9.46,0.22,4.36,3.68,1.33,1.81,156.74,,460.08,240.78,219.31,67.9
2006,13.58,7.38,96.11,117.07,,2.99,9.53,1.33,1.39,0.46,0.6,0.77,3.42,0.94,1.85,0.98,24.25,,1.52,2.73,0.87,0.39,0.12,1.91,0.91,0.23,1.38,11.26,14.62,1.48,1.09,0.14,0.7,7.88,0.16,0.32,0.19,3.92,0.12,1.85,4.02,1.06,1.68,0.79,0.31,6.51,2.3,1.27,3.98,5.85,9.64,1.68,92.88,,0.59,1.09,1.97,28.21,0.64,,1.9,0.68,35.07,,7.63,1.08,0.89,1.16,0.61,0.84,6.84,2.67,2.31,24.03,,1.37,2.65,0.59,4.77,1.31,0.52,1.4,1.13,0.14,13.89,,5.3,0.74,82.97,1.03,17.46,5.18,22.5,3.04,0.83,2.45,1.1,2.13,9.61,0.24,4.47,3.76,1.22,1.89,165.91,,473.1,241.25,231.84,68.42
2007,14.1,7.45,97.43,118.97,,3.12,10.14,1.33,1.41,0.48,0.65,0.8,3.61,0.98,1.76,1.06,25.34,,1.48,2.75,0.84,0.39,0.13,1.89,0.86,0.27,1.38,11.06,14.02,1.51,1.07,0.16,0.71,7.73,0.17,0.35,0.18,3.99,0.12,1.98,4.01,1.07,1.62,0.74,0.31,6.65,2.34,1.25,4.23,5.82,9.38,1.62,92.07,,0.54,1.06,2.18,28.36,0.62,,2.03,0.72,35.52,,8.11,1.09,0.92,1.12,0.62,0.92,7,2.95,2.36,25.09,,1.44,2.82,0.59,4.9,1.38,0.53,1.5,1.1,0.15,14.42,,5.42,0.76,90.18,1.09,18.95,5.56,22.25,3.24,0.83,2.61,1.14,2.29,9.9,0.24,4.66,3.89,1.33,1.85,176.19,,487.61,242.75,244.86,67.58
2008,13.93,7.75,95.06,116.74,,3.16,10.58,1.33,1.47,0.52,0.7,0.79,3.54,1.01,1.7,1.09,25.88,,1.51,2.79,0.83,0.39,0.13,1.85,0.82,0.24,1.33,11.09,14.16,1.48,1.06,0.2,0.71,7.6,0.17,0.35,0.18,3.94,0.11,2.03,4.08,1.03,1.63,0.76,0.34,6.46,2.3,1.3,4.24,5.62,9.21,1.66,91.63,,0.55,1.08,2.3,28.49,0.51,,1.91,0.69,35.52,,8.36,1.25,0.95,1.21,0.72,1.02,7.66,3.38,2.48,27.03,,1.52,2.99,0.65,5.25,1.37,0.59,1.61,1.14,0.16,15.28,,5.51,0.8,93.67,1.02,20.05,5.63,21.86,3.36,0.83,2.62,1.18,2.44,10.07,0.23,4.51,3.88,1.65,1.93,181.23,,493.33,240.19,253.14,67.32
2009,13.38,7.62,90.38,111.39,,3.07,10.51,1.28,1.45,0.5,0.71,0.78,3.53,0.99,1.59,1.11,25.52,,1.46,2.58,0.73,0.38,0.13,1.77,0.77,0.21,1.23,10.48,13.29,1.43,0.98,0.2,0.64,7.1,0.16,0.32,0.17,3.89,0.11,1.88,3.94,1.04,1.42,0.69,0.31,5.99,2.11,1.29,4.3,4.79,8.75,1.69,86.24,,0.47,1.02,2.06,27.08,0.83,,1.89,0.67,34.03,,8.57,1.22,0.92,1.26,0.72,1.03,7.94,3.33,2.49,27.48,,1.62,3.1,0.63,5.23,1.46,0.62,1.5,1.22,0.16,15.54,,5.43,0.88,97.77,1.11,21.55,5.78,19.95,3.25,0.83,2.66,1.19,2.62,10.12,0.23,4.39,3.99,1.68,1.76,185.2,,485.38,228.53,256.86,63.31
2010,13.51,7.64,93.43,114.58,,3.18,11.47,1.31,1.53,0.56,0.81,0.84,3.41,1.03,1.56,1.13,26.83,,1.51,2.75,0.76,0.39,0.12,1.85,0.82,0.26,1.34,10.79,13.85,1.36,1,0.2,0.64,7.33,0.18,0.24,0.18,4.21,0.12,1.8,4.2,1.1,1.44,0.74,0.31,6.16,2.25,1.26,4.54,5.14,8.93,1.81,89.58,,0.46,1.1,2.21,28.13,0.9,,1.91,0.68,35.41,,8.72,1.37,0.96,1.41,0.85,1.2,8.82,3.5,2.5,29.34,,1.58,3.22,0.7,5.27,1.58,0.68,1.58,1.26,0.15,16.02,,5.43,0.9,104.6,1.16,22.48,6.26,21.27,3.36,0.85,2.67,1.23,2.78,10.93,0.25,4.7,4.25,1.94,1.95,197.01,,508.77,236.84,271.93,65.88
2011,14.02,7.99,92.61,114.62,,3.27,11.86,1.39,1.6,0.59,0.89,0.83,3.49,1.06,1.57,1.19,27.74,,1.43,2.57,0.81,0.34,0.12,1.81,0.77,0.26,1.26,10.38,13.36,1.34,0.97,0.2,0.61,7.19,0.16,0.25,0.18,4.01,0.12,1.83,4.22,1.05,1.47,0.71,0.3,6.04,2.21,1.2,4.85,5.31,8.43,1.76,87.51,,0.53,1.08,2.51,29.09,1,,2.01,0.73,36.95,,9.11,1.41,0.97,1.45,0.93,1.41,9.21,3.68,2.37,30.53,,1.67,3.38,0.74,5.2,1.65,0.72,1.72,0.91,0.17,16.15,,5.61,0.98,112.81,1.19,23.71,6.61,20.14,3.42,0.85,2.66,1.25,2.89,11.44,0.27,4.68,4.36,2.15,1.94,206.97,,520.48,234.39,286.1,63.91
2012,14.06,8.06,90.17,112.3,,3.4,12.21,1.45,1.7,0.63,0.92,0.81,3.65,1.1,1.55,1.21,28.63,,1.49,2.47,0.77,0.32,0.11,1.8,0.72,0.26,1.23,10.37,13.54,1.26,0.9,0.2,0.6,7,0.17,0.25,0.17,3.94,0.11,2.02,4.1,0.96,1.41,0.68,0.29,6.01,2.35,1.26,5.15,5.19,8.57,1.65,87.34,,0.54,1.17,2.64,29.26,1.09,,1.96,0.76,37.42,,9.21,1.54,1.02,1.49,1.02,1.59,9.77,3.87,2.24,31.75,,1.83,3.51,0.75,5.12,1.73,0.78,1.81,1.08,0.18,16.8,,5.53,1.06,117.45,1.14,24.99,6.82,19.99,3.74,0.86,2.48,1.29,2.9,11.58,0.28,4.64,4.68,2.25,2.05,213.72,,527.96,232.37,295.59,63.27
2013,14.4,8.07,92.62,115.09,,3.53,12.51,1.49,1.75,0.65,0.95,0.83,3.69,1.12,1.5,1.25,29.26,,1.48,2.53,0.71,0.35,0.1,1.76,0.75,0.28,1.23,10.47,13.93,1.18,0.86,0.21,0.59,6.69,0.16,0.23,0.16,3.83,0.11,1.9,4.11,1.05,1.32,0.7,0.29,5.71,2.2,1.3,5.11,4.93,8.54,1.75,86.51,,0.56,1.06,2.65,28.92,0.97,,1.96,0.73,36.84,,9.53,1.71,0.96,1.53,1.14,1.73,9.83,4.08,2.16,32.68,,1.93,3.49,0.77,5.14,1.87,0.88,1.83,1.17,0.18,17.27,,5.6,1.1,121.87,1.17,25.82,6.59,19.84,3.91,0.86,2.71,1.39,2.92,11.62,0.29,4.74,4.71,2.37,2.03,219.55,,537.19,234.63,302.56,62.76
2014,14.43,8.02,93.59,116.03,,3.53,12.83,1.47,1.84,0.68,0.97,0.82,3.54,1.15,1.5,1.23,29.57,,1.42,2.34,0.76,0.35,0.1,1.73,0.72,0.27,1.19,10.03,13.36,1.11,0.86,0.21,0.59,6.34,0.15,0.22,0.16,3.66,0.1,1.95,3.96,1.07,1.37,0.65,0.3,5.6,2.19,1.24,5.26,4.35,8.06,1.6,83.28,,0.57,1.06,2.78,29.01,1,,2.03,0.74,37.19,,9.92,1.7,0.94,1.55,1.14,1.87,10.55,4.07,2.14,33.89,,2.11,3.44,0.78,5.2,2.05,0.93,1.88,1.15,0.2,17.74,,5.64,1.15,125.03,1.14,27.56,6.67,19.34,3.95,0.9,2.79,1.46,2.98,11.72,0.31,4.84,4.86,2.62,2.19,225.17,,542.87,232.73,310.15,60.59
2015,14.52,7.93,92.69,115.14,,3.59,12.66,1.49,1.74,0.68,1.01,0.8,3.49,1.27,1.56,1.24,29.53,,1.42,2.37,0.81,0.33,0.11,1.69,0.7,0.25,1.18,10.09,13.61,1.12,0.9,0.22,0.63,6.53,0.15,0.23,0.15,3.72,0.11,1.97,4,1.05,1.38,0.66,0.27,5.67,2.26,1.21,5.78,3.61,8.19,1.71,84.1,,0.62,0.96,2.31,28.55,1.2,,1.94,0.74,36.32,,9.88,1.69,0.99,1.62,1.21,2.13,11,4.43,2,34.96,,2.22,3.5,0.8,5.1,2.14,0.93,2.16,1.14,0.2,18.18,,5.77,1.39,126.49,1.18,28.52,6.78,19.07,4.01,0.91,2.94,1.6,3.16,11.93,0.34,4.84,4.98,2.99,2.29,229.17,,547.39,233.3,314.1,61.39
2016,14.32,8.11,92.6,115.04,,3.57,12.36,1.56,1.96,0.67,1.08,0.71,3.04,1.33,1.61,1.35,29.24,,1.47,2.55,0.77,0.34,0.11,1.67,0.71,0.25,1.2,9.92,13.83,1.11,0.92,0.22,0.65,6.56,0.16,0.23,0.15,3.76,0.11,2,4.18,1.12,1.38,0.67,0.29,5.72,2.22,1.14,6.07,3.78,8.11,1.81,85.2,,0.61,0.98,2.6,29.13,1.19,,1.85,0.75,37.11,,10.36,1.92,1.01,1.6,1.22,2.09,11.45,4.6,1.96,36.2,,2.22,3.69,0.8,5.33,2.11,0.93,2.21,1.17,0.2,18.66,,5.78,1.39,127,1.21,29.8,6.8,18.82,4.22,0.92,3.2,1.75,3.34,12.29,0.38,4.87,5.08,3.24,2.46,232.54,,553.98,234.5,319.49,62.06
2017,14.54,8.26,92.95,115.76,,3.57,12.47,1.62,1.98,0.7,1.09,0.75,3.06,1.38,1.55,1.34,29.52,,1.5,2.58,0.79,0.34,0.12,1.77,0.72,0.28,1.18,9.84,14.01,1.16,0.97,0.23,0.66,6.64,0.18,0.25,0.16,3.78,0.11,2.01,4.34,1.09,1.4,0.7,0.29,5.79,2.3,1.14,6.43,3.51,8.11,1.8,86.17,,0.6,1,2.8,29.31,1.17,,1.91,0.78,37.57,,10.75,2.15,1.03,1.62,1.27,2.02,11.45,4.43,2.04,36.77,,2.25,3.84,0.84,5.31,2.25,0.91,2.38,1.16,0.21,19.14,,5.77,1.45,131.94,1.29,30.94,7.04,19.05,4.28,0.94,3.39,1.92,3.42,12.41,0.37,4.86,5.17,3.48,2.96,240.67,,565.6,236.88,328.72,62.95
2018,14.67,8.16,96.35,119.18,,3.54,12.51,1.69,2.01,0.74,1.15,0.71,2.59,1.4,1.59,1.36,29.29,,1.47,2.57,0.79,0.35,0.12,1.76,0.71,0.28,1.2,10.03,13.66,1.17,0.98,0.24,0.67,6.67,0.16,0.25,0.17,3.69,0.11,1.98,4.39,1.11,1.43,0.69,0.3,5.89,2.25,1.16,6.36,3.64,8.08,1.89,86.21,,0.62,1.11,2.89,30.39,1.31,,1.92,0.85,39.08,,11.11,2.18,1.05,1.66,1.35,2.02,11.17,4.37,2,36.91,,2.41,3.84,0.87,5.11,2.35,0.95,2.65,1.17,0.21,19.56,,5.85,1.55,138.3,1.31,32.69,7.72,18.95,4.35,0.93,3.5,1.97,3.42,12.62,0.38,4.93,5.33,3.91,3.1,250.82,,581.05,240.39,340.66,62.88
2019,14.59,8.06,95.67,118.32,,3.34,12.72,1.71,2.03,0.76,1.18,0.68,2.21,1.47,1.63,1.29,29.01,,1.54,2.66,0.76,0.34,0.12,1.72,0.69,0.23,1.18,9.81,13.31,1.14,0.99,0.23,0.67,6.55,0.16,0.26,0.17,3.68,0.11,1.86,4.27,1.05,1.39,0.67,0.29,5.73,2.34,1.21,6.6,3.45,7.91,1.84,84.93,,0.65,1.11,2.93,30.16,1.29,,1.92,0.82,38.88,,11.73,2.31,1.09,1.51,1.34,2.1,10.7,4.47,2,37.25,,2.5,3.77,0.95,5.33,2.38,0.97,2.77,1.15,0.2,20.02,,6.05,1.74,144.74,1.24,33.52,8.22,18.51,4.47,0.95,3.54,2.03,3.35,12.48,0.39,4.84,5.34,4.34,3.24,258.98,,587.39,238.25,349.14,61.86
2020,13.71,7.43,88.57,109.71,,3.13,12.22,1.59,1.85,0.66,1,0.59,1.82,1.34,1.49,1.12,26.81,,1.44,2.39,0.7,0.33,0.1,1.59,0.62,0.21,1.13,8.84,12.41,1,0.97,0.21,0.63,5.95,0.15,0.25,0.15,3.56,0.1,2.01,4.08,0.96,1.33,0.65,0.28,5.18,2.22,1.11,6.49,3.31,7.1,1.79,79.24,,0.66,1.03,2.71,29.07,1.52,,1.91,0.82,37.72,,12.16,1.99,1.03,1.43,1.29,1.83,10.41,4.22,1.91,36.26,,2.34,3.54,0.87,4.99,2.29,0.94,2.78,1.04,0.18,18.96,,5.71,1.65,149.45,0.93,31.76,7.61,17.15,4.3,0.86,3.52,1.84,3.28,12,0.38,4.7,4.97,4.34,3.33,257.78,,566.49,221.69,344.8,57.25
2021,13.84,7.99,93.4,115.23,,3.48,12.85,1.72,2.07,0.76,1.14,0.61,2.1,1.51,1.5,1.19,28.93,,1.45,2.66,0.8,0.35,0.11,1.68,0.68,0.22,1.15,9.4,12.78,1.09,1.02,0.21,0.65,6.34,0.15,0.25,0.16,3.65,0.1,2.05,4.41,0.96,1.39,0.7,0.28,5.55,2.27,1.08,6.96,3.36,7.2,1.86,82.98,,0.7,1.1,2.93,31.48,1.62,,2.03,0.83,40.7,,12.1,2.08,1.04,1.5,1.42,1.93,10.76,4.71,1.98,37.52,,2.53,3.79,0.97,5,2.47,0.98,2.98,1.29,0.2,20.2,,5.73,1.73,157.94,0.88,34.51,7.76,17.94,4.58,0.85,3.9,1.96,3.28,12.56,0.38,4.98,5.01,4.34,3.5,271.84,,597.41,232.38,365.03,60.28
2022,14.14,8.73,95.91,118.78,,3.6,13.41,1.79,2.19,0.79,1.21,0.59,2.21,1.57,1.52,1.23,30.11,,1.37,2.45,0.83,0.34,0.11,1.67,0.68,0.22,1.18,8.39,12.3,1.14,0.96,0.22,0.68,6.14,0.14,0.23,0.14,3.54,0.1,1.9,4.31,0.93,1.3,0.69,0.26,5.76,2.28,1.05,7.01,2.33,7.31,1.83,79.81,,0.7,1.07,3.12,28.89,1.65,,2.11,0.81,38.36,,12.16,2.31,1.09,1.6,1.5,1.88,11.5,5.05,2.05,39.13,,2.47,3.98,0.92,4.82,2.55,0.93,3.05,1.32,0.21,20.26,,5.98,1.79,159.39,0.79,36.44,9.77,17.84,4.84,0.84,3.6,2.11,3.16,12.71,0.34,4.78,5.06,4.59,3.55,277.6,,604.04,234.42,369.62,58.18
,,,,,,,,,,,,,,,,,,,,,,,,,,,,,,,,,,,,,,,,,,,,,,,,,,,,,,,,,,,,,,,,,,,,,,,,,,,,,,,,,,,,,,,,,,,,,,,,,,,,,,,,,,,,,,
,,,,,,,,,,,,,,,,,,,,,,,,,,,,,,,,,,,,,,,,,,,,,,,,,,,,,,,,,,,,,,,,,,,,,,,,,,,,,,,,,,,,,,,,,,,,,,,,,,,,,,,,,,,,,,
,,,,,,,,,,,,,,,,,,,,,,,,,,,,,,,,,,,,,,,,,,,,,,,,,,,,,,,,,,,,,,,,,,,,,,,,,,,,,,,,,,,,,,,,,,,,,,,,,,,,,,,,,,,,,,
,,,,,,,,,,,,,,,,,,,,,,,,,,,,,,,,,,,,,,,,,,,,,,,,,,,,,,,,,,,,,,,,,,,,,,,,,,,,,,,,,,,,,,,,,,,,,,,,,,,,,,,,,,,,,,
,,,,,,,,,,,,,,,,,,,,,,,,,,,,,,,,,,,,,,,,,,,,,,,,,,,,,,,,,,,,,,,,,,,,,,,,,,,,,,,,,,,,,,,,,,,,,,,,,,,,,,,,,,,,,,
,,,,,,,,,,,,,,,,,,,,,,,,,,,,,,,,,,,,,,,,,,,,,,,,,,,,,,,,,,,,,,,,,,,,,,,,,,,,,,,,,,,,,,,,,,,,,,,,,,,,,,,,,,,,,,
,,,,,,,,,,,,,,,,,,,,,,,,,,,,,,,,,,,,,,,,,,,,,,,,,,,,,,,,,,,,,,,,,,,,,,,,,,,,,,,,,,,,,,,,,,,,,,,,,,,,,,,,,,,,,,
,,,,,,,,,,,,,,,,,,,,,,,,,,,,,,,,,,,,,,,,,,,,,,,,,,,,,,,,,,,,,,,,,,,,,,,,,,,,,,,,,,,,,,,,,,,,,,,,,,,,,,,,,,,,,,
,,,,,,,,,,,,,,,,,,,,,,,,,,,,,,,,,,,,,,,,,,,,,,,,,,,,,,,,,,,,,,,,,,,,,,,,,,,,,,,,,,,,,,,,,,,,,,,,,,,,,,,,,,,,,,
,,,,,,,,,,,,,,,,,,,,,,,,,,,,,,,,,,,,,,,,,,,,,,,,,,,,,,,,,,,,,,,,,,,,,,,,,,,,,,,,,,,,,,,,,,,,,,,,,,,,,,,,,,,,,,
,,,,,,,,,,,,,,,,,,,,,,,,,,,,,,,,,,,,,,,,,,,,,,,,,,,,,,,,,,,,,,,,,,,,,,,,,,,,,,,,,,,,,,,,,,,,,,,,,,,,,,,,,,,,,,
,,,,,,,,,,,,,,,,,,,,,,,,,,,,,,,,,,,,,,,,,,,,,,,,,,,,,,,,,,,,,,,,,,,,,,,,,,,,,,,,,,,,,,,,,,,,,,,,,,,,,,,,,,,,,,
,,,,,,,,,,,,,,,,,,,,,,,,,,,,,,,,,,,,,,,,,,,,,,,,,,,,,,,,,,,,,,,,,,,,,,,,,,,,,,,,,,,,,,,,,,,,,,,,,,,,,,,,,,,,,,
,,,,,,,,,,,,,,,,,,,,,,,,,,,,,,,,,,,,,,,,,,,,,,,,,,,,,,,,,,,,,,,,,,,,,,,,,,,,,,,,,,,,,,,,,,,,,,,,,,,,,,,,,,,,,,
,,,,,,,,,,,,,,,,,,,,,,,,,,,,,,,,,,,,,,,,,,,,,,,,,,,,,,,,,,,,,,,,,,,,,,,,,,,,,,,,,,,,,,,,,,,,,,,,,,,,,,,,,,,,,,
,,,,,,,,,,,,,,,,,,,,,,,,,,,,,,,,,,,,,,,,,,,,,,,,,,,,,,,,,,,,,,,,,,,,,,,,,,,,,,,,,,,,,,,,,,,,,,,,,,,,,,,,,,,,,,
,,,,,,,,,,,,,,,,,,,,,,,,,,,,,,,,,,,,,,,,,,,,,,,,,,,,,,,,,,,,,,,,,,,,,,,,,,,,,,,,,,,,,,,,,,,,,,,,,,,,,,,,,,,,,,
,,,,,,,,,,,,,,,,,,,,,,,,,,,,,,,,,,,,,,,,,,,,,,,,,,,,,,,,,,,,,,,,,,,,,,,,,,,,,,,,,,,,,,,,,,,,,,,,,,,,,,,,,,,,,,
,,,,,,,,,,,,,,,,,,,,,,,,,,,,,,,,,,,,,,,,,,,,,,,,,,,,,,,,,,,,,,,,,,,,,,,,,,,,,,,,,,,,,,,,,,,,,,,,,,,,,,,,,,,,,,
 ,,,,,,,,,,,,,,,,,,,,,,,,,,,,,,,,,,,,,,,,,,,,,,,,,,,,,,,,,,,,,,,,,,,,,,,,,,,,,,,,,,,,,,,,,,,,,,,,,,,,,,,,,,,,,,
,,,,,,,,,,,,,,,,,,,,,,,,,,,,,,,,,,,,,,,,,,,,,,,,,,,,,,,,,,,,,,,,,,,,,,,,,,,,,,,,,,,,,,,,,,,,,,,,,,,,,,,,,,,,,,
,,,,,,,,,,,,,,,,,,,,,,,,,,,,,,,,,,,,,,,,,,,,,,,,,,,,,,,,,,,,,,,,,,,,,,,,,,,,,,,,,,,,,,,,,,,,,,,,,,,,,,,,,,,,,,
,,,,,,,,,,,,,,,,,,,,,,,,,,,,,,,,,,,,,,,,,,,,,,,,,,,,,,,,,,,,,,,,,,,,,,,,,,,,,,,,,,,,,,,,,,,,,,,,,,,,,,,,,,,,,,
,,,,,,,,,,,,,,,,,,,,,,,,,,,,,,,,,,,,,,,,,,,,,,,,,,,,,,,,,,,,,,,,,,,,,,,,,,,,,,,,,,,,,,,,,,,,,,,,,,,,,,,,,,,,,,
,,,,,,,,,,,,,,,,,,,,,,,,,,,,,,,,,,,,,,,,,,,,,,,,,,,,,,,,,,,,,,,,,,,,,,,,,,,,,,,,,,,,,,,,,,,,,,,,,,,,,,,,,,,,,,
,,,,,,,,,,,,,,,,,,,,,,,,,,,,,,,,,,,,,,,,,,,,,,,,,,,,,,,,,,,,,,,,,,,,,,,,,,,,,,,,,,,,,,,,,,,,,,,,,,,,,,,,,,,,,,
,,,,,,,,,,,,,,,,,,,,,,,,,,,,,,,,,,,,,,,,,,,,,,,,,,,,,,,,,,,,,,,,,,,,,,,,,,,,,,,,,,,,,,,,,,,,,,,,,,,,,,,,,,,,,,
,,,,,,,,,,,,,,,,,,,,,,,,,,,,,,,,,,,,,,,,,,,,,,,,,,,,,,,,,,,,,,,,,,,,,,,,,,,,,,,,,,,,,,,,,,,,,,,,,,,,,,,,,,,,,,
,,,,,,,,,,,,,,,,,,,,,,,,,,,,,,,,,,,,,,,,,,,,,,,,,,,,,,,,,,,,,,,,,,,,,,,,,,,,,,,,,,,,,,,,,,,,,,,,,,,,,,,,,,,,,,
,,,,,,,,,,,,,,,,,,,,,,,,,,,,,,,,,,,,,,,,,,,,,,,,,,,,,,,,,,,,,,,,,,,,,,,,,,,,,,,,,,,,,,,,,,,,,,,,,,,,,,,,,,,,,,
,,,,,,,,,,,,,,,,,,,,,,,,,,,,,,,,,,,,,,,,,,,,,,,,,,,,,,,,,,,,,,,,,,,,,,,,,,,,,,,,,,,,,,,,,,,,,,,,,,,,,,,,,,,,,,
,,,,,,,,,,,,,,,,,,,,,,,,,,,,,,,,,,,,,,,,,,,,,,,,,,,,,,,,,,,,,,,,,,,,,,,,,,,,,,,,,,,,,,,,,,,,,,,,,,,,,,,,,,,,,,
,,,,,,,,,,,,,,,,,,,,,,,,,,,,,,,,,,,,,,,,,,,,,,,,,,,,,,,,,,,,,,,,,,,,,,,,,,,,,,,,,,,,,,,,,,,,,,,,,,,,,,,,,,,,,,
,,,,,,,,,,,,,,,,,,,,,,,,,,,,,,,,,,,,,,,,,,,,,,,,,,,,,,,,,,,,,,,,,,,,,,,,,,,,,,,,,,,,,,,,,,,,,,,,,,,,,,,,,,,,,,
,,,,,,,,,,,,,,,,,,,,,,,,,,,,,,,,,,,,,,,,,,,,,,,,,,,,,,,,,,,,,,,,,,,,,,,,,,,,,,,,,,,,,,,,,,,,,,,,,,,,,,,,,,,,,,
,,,,,,,,,,,,,,,,,,,,,,,,,,,,,,,,,,,,,,,,,,,,,,,,,,,,,,,,,,,,,,,,,,,,,,,,,,,,,,,,,,,,,,,,,,,,,,,,,,,,,,,,,,,,,,
,,,,,,,,,,,,,,,,,,,,,1.14,1.14,1.2,1.18,1.19,1.21,1.27,1.25,1.27,1.26,1.32,1.32,1.35,1.37,1.4,1.41,1.46,1.46,1.48,1.5,1.53,1.52,1.48,1.51,1.46,1.51,1.43,1.49,1.48,1.42,1.42,1.47,1.5,1.47,1.54,1.44,1.45,1.37,-5.50%,,0.20%,,,,,,,,,,,,,,,,,,,,,,,,,,,,,,,,,,,,,,,,,,,,,,,,,
,,,,,,,,,,,,,,,,,,,,,1.96,2.02,2.08,2.12,2.14,2.24,2.31,2.31,2.27,2.39,2.42,2.57,2.6,2.65,2.63,2.68,2.65,2.64,2.74,2.75,2.72,2.73,2.75,2.79,2.58,2.75,2.57,2.47,2.53,2.34,2.37,2.55,2.58,2.57,2.66,2.39,2.66,2.45,-7.80%,,0.40%,,,,,,,,,,,,,,,,,,,,,,,,,,,,,,,,,,,,,,,,,,,,,,,,,
,,,,,,,,,,,,,,,,,,,,,1.21,1.24,1.25,1.28,1.26,1.17,0.95,0.89,0.95,0.91,0.98,0.98,0.93,0.89,0.78,0.78,0.81,0.79,0.81,0.78,0.85,0.87,0.84,0.83,0.73,0.76,0.81,0.77,0.71,0.76,0.81,0.77,0.79,0.79,0.76,0.7,0.8,0.83,4.50%,,0.10%,,,,,,,,,,,,,,,,,,,,,,,,,,,,,,,,,,,,,,,,,,,,,,,,,
,,,,,,,,,,,,,,,,,,,,,-,-,-,-,-,0.36,0.3,0.29,0.3,0.31,0.32,0.34,0.34,0.36,0.37,0.35,0.37,0.37,0.38,0.4,0.39,0.39,0.39,0.39,0.38,0.39,0.34,0.32,0.35,0.35,0.33,0.34,0.34,0.35,0.34,0.33,0.35,0.34,-3.80%,,0.10%,,,,,,,,,,,,,,,,,,,,,,,,,,,,,,,,,,,,,,,,,,,,,,,,,
,,,,,,,,,,,,,,,,,,,,,0.05,0.05,0.06,0.06,0.07,0.07,0.07,0.08,0.09,0.09,0.09,0.09,0.09,0.1,0.1,0.11,0.11,0.11,0.12,0.11,0.13,0.12,0.13,0.13,0.13,0.12,0.12,0.11,0.1,0.1,0.11,0.11,0.12,0.12,0.12,0.1,0.11,0.11,6.40%,,♦,,,,,,,,,,,,,,,,,,,,,,,,,,,,,,,,,,,,,,,,,,,,,,,,,
,,,,,,,,,,,,,,,,,,,,,2.27,2.3,2.35,2.36,2.29,1.97,1.79,1.74,1.72,1.68,1.75,1.81,1.74,1.69,1.62,1.71,1.75,1.75,1.85,1.9,1.87,1.91,1.89,1.85,1.77,1.85,1.81,1.8,1.76,1.73,1.69,1.67,1.77,1.76,1.72,1.59,1.68,1.67,-0.50%,,0.30%,,,,,,,,,,,,,,,,,,,,,,,,,,,,,,,,,,,,,,,,,,,,,,,,,
,,,,,,,,,,,,,,,,,,,,,0.78,0.8,0.77,0.76,0.7,0.73,0.84,0.79,0.83,0.89,0.88,1.04,0.95,0.91,0.89,0.85,0.85,0.85,0.92,0.87,0.82,0.91,0.86,0.82,0.77,0.82,0.77,0.72,0.75,0.72,0.7,0.71,0.72,0.71,0.69,0.62,0.68,0.68,0.60%,,0.10%,,,,,,,,,,,,,,,,,,,,,,,,,,,,,,,,,,,,,,,,,,,,,,,,,
,,,,,,,,,,,,,,,,,,,,,0.43,0.42,0.43,0.42,0.44,0.46,0.42,0.29,0.24,0.25,0.22,0.24,0.23,0.21,0.19,0.2,0.21,0.21,0.23,0.23,0.23,0.23,0.27,0.24,0.21,0.26,0.26,0.26,0.28,0.27,0.25,0.25,0.28,0.28,0.23,0.21,0.22,0.22,0.10%,,♦,,,,,,,,,,,,,,,,,,,,,,,,,,,,,,,,,,,,,,,,,,,,,,,,,
,,,,,,,,,,,,,,,,,,,,,1.03,1.04,1.1,1.09,1.09,1.16,1.19,1.19,1.2,1.26,1.2,1.25,1.27,1.31,1.29,1.29,1.32,1.33,1.42,1.42,1.29,1.38,1.38,1.33,1.23,1.34,1.26,1.23,1.23,1.19,1.18,1.2,1.18,1.2,1.18,1.13,1.15,1.18,2.20%,,0.20%,,,,,,,,,,,,,,,,,,,,,,,,,,,,,,,,,,,,,,,,,,,,,,,,,
,,,,,,,,,,,,,,,,,,,,,8.66,8.88,9.04,9.16,9.28,9.57,10.17,10.26,10.26,10.13,10.37,10.76,10.61,10.85,11.05,11.19,11.32,11.21,11.32,11.42,11.35,11.26,11.06,11.09,10.48,10.79,10.38,10.37,10.47,10.03,10.09,9.92,9.84,10.03,9.81,8.84,9.4,8.39,-10.80%,,1.40%,,,,,,,,,,,,,,,,,,,,,,,,,,,,,,,,,,,,,,,,,,,,,,,,,
,,,,,,,,,,,,,,,,,,,,,15.45,15.32,15.45,15.5,15.34,15.09,14.73,14.43,14.37,14.24,14.31,14.78,14.59,14.47,14.27,14.36,14.63,14.44,14.44,14.44,14.27,14.62,14.02,14.16,13.29,13.85,13.36,13.54,13.93,13.36,13.61,13.83,14.01,13.66,13.31,12.41,12.78,12.3,-3.80%,,2.00%,,,,,,,,,,,,,,,,,,,,,,,,,,,,,,,,,,,,,,,,,,,,,,,,,
,,,,,,,,,,,,,,,,,,,,,0.8,0.8,0.87,0.92,1,1.03,1.05,1.07,1.08,1.1,1.14,1.17,1.2,1.28,1.28,1.34,1.35,1.35,1.43,1.43,1.44,1.48,1.51,1.48,1.43,1.36,1.34,1.26,1.18,1.11,1.12,1.11,1.16,1.17,1.14,1,1.09,1.14,4.40%,,0.20%,,,,,,,,,,,,,,,,,,,,,,,,,,,,,,,,,,,,,,,,,,,,,,,,,
,,,,,,,,,,,,,,,,,,,,,1.2,1.19,1.25,1.22,1.19,1.16,1.09,1.04,1,1.02,1.03,1.05,1.03,1.04,1.04,1.01,1.04,1.01,1.02,1.04,1.11,1.09,1.07,1.06,0.98,1,0.97,0.9,0.86,0.86,0.9,0.92,0.97,0.98,0.99,0.97,1.02,0.96,-6.40%,,0.20%,,,,,,,,,,,,,,,,,,,,,,,,,,,,,,,,,,,,,,,,,,,,,,,,,
,,,,,,,,,,,,,,,,,,,,,0.07,0.07,0.07,0.08,0.08,0.08,0.08,0.08,0.08,0.08,0.09,0.09,0.1,0.1,0.11,0.12,0.12,0.13,0.13,0.13,0.13,0.14,0.16,0.2,0.2,0.2,0.2,0.2,0.21,0.21,0.22,0.22,0.23,0.24,0.23,0.21,0.21,0.22,6.40%,,♦,,,,,,,,,,,,,,,,,,,,,,,,,,,,,,,,,,,,,,,,,,,,,,,,,
,,,,,,,,,,,,,,,,,,,,,0.36,0.39,0.39,0.39,0.4,0.42,0.44,0.44,0.45,0.47,0.48,0.51,0.52,0.56,0.6,0.62,0.66,0.65,0.64,0.65,0.68,0.7,0.71,0.71,0.64,0.64,0.61,0.6,0.59,0.59,0.63,0.65,0.66,0.67,0.67,0.63,0.65,0.68,5.70%,,0.10%,,,,,,,,,,,,,,,,,,,,,,,,,,,,,,,,,,,,,,,,,,,,,,,,,
,,,,,,,,,,,,,,,,,,,,,5.89,6.05,6.23,6.39,6.57,6.68,6.89,6.86,6.71,6.7,6.97,6.97,7.09,7.25,7.46,7.56,7.55,7.5,7.74,7.91,7.92,7.88,7.73,7.6,7.1,7.33,7.19,7,6.69,6.34,6.53,6.56,6.64,6.67,6.55,5.95,6.34,6.14,-3.10%,,1.00%,,,,,,,,,,,,,,,,,,,,,,,,,,,,,,,,,,,,,,,,,,,,,,,,,
,,,,,,,,,,,,,,,,,,,,,0.38,0.36,0.32,0.31,0.31,0.31,0.29,0.21,0.18,0.17,0.16,0.15,0.15,0.16,0.14,0.14,0.15,0.15,0.15,0.16,0.17,0.16,0.17,0.17,0.16,0.18,0.16,0.17,0.16,0.15,0.15,0.16,0.18,0.16,0.16,0.15,0.15,0.14,-6.40%,,♦,,,,,,,,,,,,,,,,,,,,,,,,,,,,,,,,,,,,,,,,,,,,,,,,,
,,,,,,,,,,,,,,,,,,,,,0.65,0.6,0.63,0.66,0.71,0.73,0.77,0.47,0.37,0.32,0.36,0.39,0.36,0.38,0.32,0.28,0.33,0.35,0.37,0.37,0.34,0.32,0.35,0.35,0.32,0.24,0.25,0.25,0.23,0.22,0.23,0.23,0.25,0.25,0.26,0.25,0.25,0.23,-9.20%,,♦,,,,,,,,,,,,,,,,,,,,,,,,,,,,,,,,,,,,,,,,,,,,,,,,,
,,,,,,,,,,,,,,,,,,,,,0.12,0.11,0.11,0.11,0.13,0.13,0.14,0.14,0.15,0.14,0.12,0.13,0.12,0.12,0.13,0.13,0.14,0.16,0.16,0.19,0.19,0.19,0.18,0.18,0.17,0.18,0.18,0.17,0.16,0.16,0.15,0.15,0.16,0.17,0.17,0.15,0.16,0.14,-9.70%,,♦,,,,,,,,,,,,,,,,,,,,,,,,,,,,,,,,,,,,,,,,,,,,,,,,,
,,,,,,,,,,,,,,,,,,,,,2.96,3.11,3.17,3.18,3.2,3.28,3.34,3.38,3.41,3.37,3.51,3.66,3.6,3.62,3.58,3.62,3.76,3.77,3.79,3.92,4,3.92,3.99,3.94,3.89,4.21,4.01,3.94,3.83,3.66,3.72,3.76,3.78,3.69,3.68,3.56,3.65,3.54,-3.10%,,0.60%,,,,,,,,,,,,,,,,,,,,,,,,,,,,,,,,,,,,,,,,,,,,,,,,,
,,,,,,,,,,,,,,,,,,,,,-,-,-,-,-,0.11,0.11,0.11,0.11,0.1,0.1,0.12,0.11,0.12,0.12,0.11,0.1,0.1,0.12,0.11,0.12,0.12,0.12,0.11,0.11,0.12,0.12,0.11,0.11,0.1,0.11,0.11,0.11,0.11,0.11,0.1,0.1,0.1,2.70%,,♦,,,,,,,,,,,,,,,,,,,,,,,,,,,,,,,,,,,,,,,,,,,,,,,,,
,,,,,,,,,,,,,,,,,,,,,1.57,1.53,1.61,1.66,1.76,1.78,1.64,1.73,1.79,1.73,1.83,1.68,1.77,1.84,1.89,2.09,1.89,1.97,1.74,1.77,2.02,1.85,1.98,2.03,1.88,1.8,1.83,2.02,1.9,1.95,1.97,2,2.01,1.98,1.86,2.01,2.05,1.9,-7.40%,,0.30%,,,,,,,,,,,,,,,,,,,,,,,,,,,,,,,,,,,,,,,,,,,,,,,,,
,,,,,,,,,,,,,,,,,,,,,5.28,5.43,5.6,5.5,5.29,4.36,4.26,4.08,4.07,3.9,3.99,4.19,4.15,3.98,3.9,3.66,3.64,3.6,3.72,3.75,3.83,4.02,4.01,4.08,3.94,4.2,4.22,4.1,4.11,3.96,4,4.18,4.34,4.39,4.27,4.08,4.41,4.31,-2.20%,,0.70%,,,,,,,,,,,,,,,,,,,,,,,,,,,,,,,,,,,,,,,,,,,,,,,,,
,,,,,,,,,,,,,,,,,,,,,0.54,0.57,0.59,0.65,0.7,0.71,0.74,0.75,0.77,0.8,0.88,0.9,0.92,1,1.02,1.06,1.07,1.06,1.09,1.07,1.07,1.06,1.07,1.03,1.04,1.1,1.05,0.96,1.05,1.07,1.05,1.12,1.09,1.11,1.05,0.96,0.96,0.93,-3.20%,,0.20%,,,,,,,,,,,,,,,,,,,,,,,,,,,,,,,,,,,,,,,,,,,,,,,,,
,,,,,,,,,,,,,,,,,,,,,2.57,2.63,2.73,2.78,2.78,2.65,2.25,1.98,1.93,1.82,2,1.99,1.88,1.72,1.52,1.51,1.53,1.59,1.59,1.65,1.65,1.68,1.62,1.63,1.42,1.44,1.47,1.41,1.32,1.37,1.38,1.38,1.4,1.43,1.39,1.33,1.39,1.3,-6.90%,,0.20%,,,,,,,,,,,,,,,,,,,,,,,,,,,,,,,,,,,,,,,,,,,,,,,,,
,,,,,,,,,,,,,,,,,,,,,0.86,0.86,0.87,0.88,0.89,0.89,0.8,0.77,0.76,0.74,0.76,0.76,0.75,0.75,0.76,0.79,0.81,0.82,0.79,0.77,0.81,0.79,0.74,0.76,0.69,0.74,0.71,0.68,0.7,0.65,0.66,0.67,0.7,0.69,0.67,0.65,0.7,0.69,-2.00%,,0.10%,,,,,,,,,,,,,,,,,,,,,,,,,,,,,,,,,,,,,,,,,,,,,,,,,
,,,,,,,,,,,,,,,,,,,,,-,-,-,-,-,0.25,0.25,0.23,0.24,0.26,0.27,0.28,0.29,0.29,0.29,0.28,0.3,0.29,0.29,0.31,0.31,0.31,0.31,0.34,0.31,0.31,0.3,0.29,0.29,0.3,0.27,0.29,0.29,0.3,0.29,0.28,0.28,0.26,-4.90%,,♦,,,,,,,,,,,,,,,,,,,,,,,,,,,,,,,,,,,,,,,,,,,,,,,,,
,,,,,,,,,,,,,,,,,,,,,3.32,3.39,3.51,3.67,3.85,3.85,3.98,4.17,4.04,4.23,4.39,4.56,4.81,5.04,5.2,5.5,5.75,5.81,6.14,6.37,6.41,6.51,6.65,6.46,5.99,6.16,6.04,6.01,5.71,5.6,5.67,5.72,5.79,5.89,5.73,5.18,5.55,5.76,3.60%,,1.00%,,,,,,,,,,,,,,,,,,,,,,,,,,,,,,,,,,,,,,,,,,,,,,,,,
,,,,,,,,,,,,,,,,,,,,,2.49,2.58,2.53,2.47,2.41,2.46,2.33,2.35,2.32,2.32,2.35,2.28,2.36,2.56,2.48,2.3,2.47,2.31,2.21,2.39,2.45,2.3,2.34,2.3,2.11,2.25,2.21,2.35,2.2,2.19,2.26,2.22,2.3,2.25,2.34,2.22,2.27,2.28,0.40%,,0.40%,,,,,,,,,,,,,,,,,,,,,,,,,,,,,,,,,,,,,,,,,,,,,,,,,
,,,,,,,,,,,,,,,,,,,,,1.17,1.22,1.22,1.23,1.15,1.19,1.23,1.25,1.24,1.31,1.24,1.2,1.28,1.29,1.34,1.31,1.4,1.3,1.29,1.27,1.22,1.27,1.25,1.3,1.29,1.26,1.2,1.26,1.3,1.24,1.21,1.14,1.14,1.16,1.21,1.11,1.08,1.05,-2.40%,,0.20%,,,,,,,,,,,,,,,,,,,,,,,,,,,,,,,,,,,,,,,,,,,,,,,,,
,,,,,,,,,,,,,,,,,,,,,1.39,1.51,1.73,1.9,1.86,2.02,2.07,2.17,2.36,2.29,2.56,2.79,2.92,2.99,2.91,3.11,2.83,3.09,3.28,3.51,3.59,3.98,4.23,4.24,4.3,4.54,4.85,5.15,5.11,5.26,5.78,6.07,6.43,6.36,6.6,6.49,6.96,7.01,0.70%,,1.20%,,,,,,,,,,,,,,,,,,,,,,,,,,,,,,,,,,,,,,,,,,,,,,,,,
,,,,,,,,,,,,,,,,,,,,,10.01,10.05,10.27,10.28,9.84,11.5,10.78,9.11,7.99,6.83,6.66,6.21,5.99,5.78,5.69,5.71,5.63,5.59,5.73,5.71,5.78,5.85,5.82,5.62,4.79,5.14,5.31,5.19,4.93,4.35,3.61,3.78,3.51,3.64,3.45,3.31,3.36,2.33,-30.70%,,0.40%,,,,,,,,,,,,,,,,,,,,,,,,,,,,,,,,,,,,,,,,,,,,,,,,,
,,,,,,,,,,,,,,,,,,,,,8.61,8.85,8.83,8.95,8.96,9.03,9.22,9.16,9.27,9.16,9.19,9.63,9.47,9.55,9.5,9.59,9.69,9.47,9.61,9.69,9.77,9.64,9.38,9.21,8.75,8.93,8.43,8.57,8.54,8.06,8.19,8.11,8.11,8.08,7.91,7.1,7.2,7.31,1.60%,,1.20%,,,,,,,,,,,,,,,,,,,,,,,,,,,,,,,,,,,,,,,,,,,,,,,,,
,,,,,,,,,,,,,,,,,,,,,2.57,2.7,2.73,2.81,2.73,1.93,1.71,1.5,1.29,1.11,1.14,1.24,1.34,1.36,1.24,1.32,1.38,1.45,1.53,1.66,1.64,1.68,1.62,1.66,1.69,1.81,1.76,1.65,1.75,1.6,1.71,1.81,1.8,1.89,1.84,1.79,1.86,1.83,-1.60%,,0.30%,,,,,,,,,,,,,,,,,,,,,,,,,,,,,,,,,,,,,,,,,,,,,,,,,
,,,,,,,,,,,,,,,,,,,,,85.78,87.21,89,89.97,89.61,90.59,89.48,86.56,85.11,83.35,85.06,87.13,86.87,87.6,87.08,88.1,89.07,88.68,90.27,91.64,92.08,92.88,92.07,91.63,86.24,89.58,87.51,87.34,86.51,83.28,84.1,85.2,86.17,86.21,84.93,79.24,82.98,79.81,-3.80%,,13.20%,,,,,,,,,,,,,,,,,,,,,,,,,,,,,,,,,,,,,,,,,,,,,,,,,
,,,,,,,,,,,,,,,,,,,,,,,,,,,,,,,,,,,,,,,,,,,,,,,,,,,,,,,,,,,,,,,,,,,,,,,,,,,,,,,,,,,,,,,,,,,,,,,,,,,,,,,,,,,,,,
,,,,,,,,,,,,,,,,,,,,,0.85,0.91,0.88,0.88,0.9,0.94,0.9,0.77,0.67,0.62,0.58,0.47,0.45,0.46,0.45,0.48,0.46,0.45,0.49,0.55,0.6,0.59,0.54,0.55,0.47,0.46,0.53,0.54,0.56,0.57,0.62,0.61,0.6,0.62,0.65,0.66,0.7,0.7,-0.80%,,0.10%,,,,,,,,,,,,,,,,,,,,,,,,,,,,,,,,,,,,,,,,,,,,,,,,,
,,,,,,,,,,,,,,,,,,,,,1.47,1.68,1.7,1.73,1.67,1.68,1.67,1.45,1.21,1.01,0.9,0.93,0.94,0.92,0.89,0.92,0.89,0.92,0.92,1.03,1.02,1.09,1.06,1.08,1.02,1.1,1.08,1.17,1.06,1.06,0.96,0.98,1,1.11,1.11,1.03,1.1,1.07,-2.90%,,0.20%,,,,,,,,,,,,,,,,,,,,,,,,,,,,,,,,,,,,,,,,,,,,,,,,,
,,,,,,,,,,,,,,,,,,,,,2.87,2.93,3,3.11,3.06,3.09,3.09,3.05,2.69,2.4,2.16,1.88,1.65,1.56,1.47,1.33,1.5,1.53,1.67,1.78,1.83,1.97,2.18,2.3,2.06,2.21,2.51,2.64,2.65,2.78,2.31,2.6,2.8,2.89,2.93,2.71,2.93,3.12,6.40%,,0.50%,,,,,,,,,,,,,,,,,,,,,,,,,,,,,,,,,,,,,,,,,,,,,,,,,
,,,,,,,,,,,,,,,,,,,,,34.4,35.01,36.15,36.79,36.92,36.27,35.78,34.44,32.11,29.3,27.73,26.69,25.24,25.19,25.51,25.97,26.38,26.27,26.81,27.05,27.01,28.21,28.36,28.49,27.08,28.13,29.09,29.26,28.92,29.01,28.55,29.13,29.31,30.39,30.16,29.07,31.48,28.89,-8.20%,,4.80%,,,,,,,,,,,,,,,,,,,,,,,,,,,,,,,,,,,,,,,,,,,,,,,,,
,,,,,,,,,,,,,,,,,,,,,0.52,0.64,0.64,0.64,0.66,0.55,0.56,0.54,0.44,0.47,0.39,0.56,0.43,0.54,0.51,0.43,0.54,0.46,0.63,0.63,0.64,0.64,0.62,0.51,0.83,0.9,1,1.09,0.97,1,1.2,1.19,1.17,1.31,1.29,1.52,1.62,1.65,2.10%,,0.30%,,,,,,,,,,,,,,,,,,,,,,,,,,,,,,,,,,,,,,,,,,,,,,,,,
,,,,,,,,,,,,,,,,,,,,,-,-,-,-,-,-,-,-,-,-,-,-,-,-,-,-,-,-,-,-,-,-,-,-,-,-,-,-,-,-,-,-,-,-,-,-,-,-,-,,♦,,,,,,,,,,,,,,,,,,,,,,,,,,,,,,,,,,,,,,,,,,,,,,,,,
,,,,,,,,,,,,,,,,,,,,,1.68,1.65,1.72,1.73,1.79,1.88,1.85,1.76,1.89,1.85,1.83,1.89,1.87,1.86,2.11,2.16,2.17,2.22,2.04,2.03,2.03,1.9,2.03,1.91,1.89,1.91,2.01,1.96,1.96,2.03,1.94,1.85,1.91,1.92,1.92,1.91,2.03,2.11,3.90%,,0.30%,,,,,,,,,,,,,,,,,,,,,,,,,,,,,,,,,,,,,,,,,,,,,,,,,
,,,,,,,,,,,,,,,,,,,,,1.37,1.31,1.36,1.52,1.45,1.49,1.24,1.05,0.84,0.71,0.62,0.67,0.63,0.63,0.6,0.58,0.57,0.57,0.6,0.65,0.67,0.68,0.72,0.69,0.67,0.68,0.73,0.76,0.73,0.74,0.74,0.75,0.78,0.85,0.82,0.82,0.83,0.81,-2.30%,,0.10%,,,,,,,,,,,,,,,,,,,,,,,,,,,,,,,,,,,,,,,,,,,,,,,,,
,,,,,,,,,,,,,,,,,,,,,43.14,44.12,45.44,46.39,46.45,45.89,45.1,43.06,39.86,36.36,34.2,33.08,31.21,31.15,31.55,31.87,32.51,32.43,33.16,33.71,33.8,35.07,35.52,35.52,34.03,35.41,36.95,37.42,36.84,37.19,36.32,37.11,37.57,39.08,38.88,37.72,40.7,38.36,-5.80%,,6.40%,,,,,,,,,,,,,,,,,,,,,,,,,,,,,,,,,,,,,,,,,,,,,,,,,
,,,,,,,,,,,,,,,,,,,,,,,,,,,,,,,,,,,,,,,,,,,,,,,,,,,,,,,,,,,,,,,,,,,,,,,,,,,,,,,,,,,,,,,,,,,,,,,,,,,,,,,,,,,,,,
,,,,,,,,,,,,,,,,,,,,,2.32,2.17,2.33,2.37,2.6,2.92,3.17,3.5,3.24,3.63,3.81,4.14,4.27,4.45,4.79,5.03,5.37,5.85,5.96,6.6,6.99,7.63,8.11,8.36,8.57,8.72,9.11,9.21,9.53,9.92,9.88,10.36,10.75,11.11,11.73,12.16,12.1,12.16,0.50%,,2.00%,,,,,,,,,,,,,,,,,,,,,,,,,,,,,,,,,,,,,,,,,,,,,,,,,
,,,,,,,,,,,,,,,,,,,,,0.52,0.59,0.7,0.81,0.92,0.86,0.54,0.86,1.14,1.29,1.28,1.29,1.52,1.14,0.83,1.16,1.3,1.23,1.09,1.17,1.11,1.08,1.09,1.25,1.22,1.37,1.41,1.54,1.71,1.7,1.69,1.92,2.15,2.18,2.31,1.99,2.08,2.31,10.90%,,0.40%,,,,,,,,,,,,,,,,,,,,,,,,,,,,,,,,,,,,,,,,,,,,,,,,,
,,,,,,,,,,,,,,,,,,,,,0.35,0.37,0.4,0.43,0.45,0.46,0.47,0.55,0.6,0.62,0.7,0.73,0.8,0.84,0.87,0.82,0.82,0.83,0.86,0.88,0.88,0.89,0.92,0.95,0.92,0.96,0.97,1.02,0.96,0.94,0.99,1.01,1.03,1.05,1.09,1.03,1.04,1.09,4.80%,,0.20%,,,,,,,,,,,,,,,,,,,,,,,,,,,,,,,,,,,,,,,,,,,,,,,,,
,,,,,,,,,,,,,,,,,,,,,0.43,0.5,0.46,0.52,0.56,0.33,0.17,0.29,0.36,0.42,0.54,0.54,0.56,0.69,0.71,0.76,0.77,0.82,0.98,1.09,1.2,1.16,1.12,1.21,1.26,1.41,1.45,1.49,1.53,1.55,1.62,1.6,1.62,1.66,1.51,1.43,1.5,1.6,6.40%,,0.30%,,,,,,,,,,,,,,,,,,,,,,,,,,,,,,,,,,,,,,,,,,,,,,,,,
,,,,,,,,,,,,,,,,,,,,,0.12,0.13,0.13,0.14,0.14,0.17,0.22,0.22,0.21,0.2,0.23,0.24,0.24,0.25,0.28,0.4,0.44,0.48,0.5,0.46,0.56,0.61,0.62,0.72,0.72,0.85,0.93,1.02,1.14,1.14,1.21,1.22,1.27,1.35,1.34,1.29,1.42,1.5,5.40%,,0.20%,,,,,,,,,,,,,,,,,,,,,,,,,,,,,,,,,,,,,,,,,,,,,,,,,
,,,,,,,,,,,,,,,,,,,,,0.24,0.26,0.25,0.26,0.28,0.28,0.33,0.52,0.56,0.56,0.56,0.41,0.45,0.49,0.54,0.48,0.46,0.51,0.59,0.71,0.8,0.84,0.92,1.02,1.03,1.2,1.41,1.59,1.73,1.87,2.13,2.09,2.02,2.02,2.1,1.83,1.93,1.88,-2.40%,,0.30%,,,,,,,,,,,,,,,,,,,,,,,,,,,,,,,,,,,,,,,,,,,,,,,,,
,,,,,,,,,,,,,,,,,,,,,2.63,2.82,2.99,3.13,3.08,3.34,3.5,3.53,3.61,4.17,4.07,4.21,4.28,4.51,4.59,4.81,5.12,5.33,5.65,6.13,6.52,6.84,7,7.66,7.94,8.82,9.21,9.77,9.83,10.55,11,11.45,11.45,11.17,10.7,10.41,10.76,11.5,6.90%,,1.90%,,,,,,,,,,,,,,,,,,,,,,,,,,,,,,,,,,,,,,,,,,,,,,,,,
,,,,,,,,,,,,,,,,,,,,,0.73,0.88,0.98,1.09,1.22,1.24,1.52,1.46,1.52,1.67,1.75,1.8,1.88,1.92,1.94,1.93,1.95,2.13,2.27,2.43,2.54,2.67,2.95,3.38,3.33,3.5,3.68,3.87,4.08,4.07,4.43,4.6,4.43,4.37,4.47,4.22,4.71,5.05,7.10%,,0.80%,,,,,,,,,,,,,,,,,,,,,,,,,,,,,,,,,,,,,,,,,,,,,,,,,
,,,,,,,,,,,,,,,,,,,,,0.98,0.99,1.03,1.07,1.09,1.16,1.23,1.28,1.32,1.39,1.45,1.49,1.59,1.73,1.76,1.78,1.83,1.89,1.97,2.04,2.24,2.31,2.36,2.48,2.49,2.5,2.37,2.24,2.16,2.14,2,1.96,2.04,2,2,1.91,1.98,2.05,3.70%,,0.30%,,,,,,,,,,,,,,,,,,,,,,,,,,,,,,,,,,,,,,,,,,,,,,,,,
,,,,,,,,,,,,,,,,,,,,,8.31,8.72,9.28,9.82,10.34,10.76,11.14,12.22,12.57,13.96,14.39,14.84,15.6,16.02,16.31,17.16,18.06,19.09,19.87,21.5,22.84,24.03,25.09,27.03,27.48,29.34,30.53,31.75,32.68,33.89,34.96,36.2,36.77,36.91,37.25,36.26,37.52,39.13,4.30%,,6.50%,,,,,,,,,,,,,,,,,,,,,,,,,,,,,,,,,,,,,,,,,,,,,,,,,
,,,,,,,,,,,,,,,,,,,,,,,,,,,,,,,,,,,,,,,,,,,,,,,,,,,,,,,,,,,,,,,,,,,,,,,,,,,,,,,,,,,,,,,,,,,,,,,,,,,,,,,,,,,,,,
,,,,,,,,,,,,,,,,,,,,,0.94,1,1.03,1.1,1.07,1.13,1.12,1.15,1.07,1.09,1.13,1.12,1.07,1.11,1.12,1.08,1.12,1.16,1.21,1.26,1.32,1.37,1.44,1.52,1.62,1.58,1.67,1.83,1.93,2.11,2.22,2.22,2.25,2.41,2.5,2.34,2.53,2.47,-2.60%,,0.40%,,,,,,,,,,,,,,,,,,,,,,,,,,,,,,,,,,,,,,,,,,,,,,,,,
,,,,,,,,,,,,,,,,,,,,,1.18,1.21,1.28,1.3,1.37,1.41,1.43,1.41,1.41,1.49,1.58,1.66,1.73,1.8,1.93,2.05,2.14,2.2,2.33,2.46,2.52,2.65,2.82,2.99,3.1,3.22,3.38,3.51,3.49,3.44,3.5,3.69,3.84,3.84,3.77,3.54,3.79,3.98,5.00%,,0.70%,,,,,,,,,,,,,,,,,,,,,,,,,,,,,,,,,,,,,,,,,,,,,,,,,
,,,,,,,,,,,,,,,,,,,,,0.24,0.24,0.25,0.26,0.29,0.3,0.3,0.34,0.34,0.38,0.37,0.39,0.4,0.41,0.43,0.42,0.46,0.47,0.47,0.53,0.58,0.59,0.59,0.65,0.63,0.7,0.74,0.75,0.77,0.78,0.8,0.8,0.84,0.87,0.95,0.87,0.97,0.92,-4.30%,,0.20%,,,,,,,,,,,,,,,,,,,,,,,,,,,,,,,,,,,,,,,,,,,,,,,,,
,,,,,,,,,,,,,,,,,,,,,3.29,3.35,3.41,3.75,3.58,3.71,3.68,3.7,3.69,3.85,4.02,4.1,4.2,4.12,4.26,4.27,4.29,4.18,4.53,4.94,4.68,4.77,4.9,5.25,5.23,5.27,5.2,5.12,5.14,5.2,5.1,5.33,5.31,5.11,5.33,4.99,5,4.82,-3.60%,,0.80%,,,,,,,,,,,,,,,,,,,,,,,,,,,,,,,,,,,,,,,,,,,,,,,,,
,,,,,,,,,,,,,,,,,,,,,0.71,0.72,0.72,0.78,0.78,0.87,0.84,0.82,0.89,0.89,0.9,0.89,0.94,1.01,1.03,1.02,1.11,1.13,1.14,1.21,1.27,1.31,1.38,1.37,1.46,1.58,1.65,1.73,1.87,2.05,2.14,2.11,2.25,2.35,2.38,2.29,2.47,2.55,3.30%,,0.40%,,,,,,,,,,,,,,,,,,,,,,,,,,,,,,,,,,,,,,,,,,,,,,,,,
,,,,,,,,,,,,,,,,,,,,,0.3,0.3,0.31,0.32,0.34,0.32,0.3,0.31,0.3,0.29,0.31,0.31,0.31,0.29,0.31,0.34,0.35,0.37,0.39,0.47,0.46,0.52,0.53,0.59,0.62,0.68,0.72,0.78,0.88,0.93,0.93,0.93,0.91,0.95,0.97,0.94,0.98,0.93,-4.70%,,0.20%,,,,,,,,,,,,,,,,,,,,,,,,,,,,,,,,,,,,,,,,,,,,,,,,,
,,,,,,,,,,,,,,,,,,,,,0.78,0.77,0.81,0.86,0.91,0.89,0.94,1.02,1.03,1.01,1.04,1.13,1.13,1.15,1.15,1.23,1.34,1.46,1.44,1.49,1.54,1.4,1.5,1.61,1.5,1.58,1.72,1.81,1.83,1.88,2.16,2.21,2.38,2.65,2.77,2.78,2.98,3.05,2.30%,,0.50%,,,,,,,,,,,,,,,,,,,,,,,,,,,,,,,,,,,,,,,,,,,,,,,,,
,,,,,,,,,,,,,,,,,,,,,0.56,0.57,0.63,0.64,0.69,0.67,0.67,0.67,0.71,0.77,0.81,0.83,0.87,0.9,0.89,0.96,0.98,0.97,1.01,1.09,1.11,1.13,1.1,1.14,1.22,1.26,0.91,1.08,1.17,1.15,1.14,1.17,1.16,1.17,1.15,1.04,1.29,1.32,2.60%,,0.20%,,,,,,,,,,,,,,,,,,,,,,,,,,,,,,,,,,,,,,,,,,,,,,,,,
,,,,,,,,,,,,,,,,,,,,,0.04,0.04,0.04,0.05,0.05,0.09,0.09,0.1,0.1,0.1,0.11,0.1,0.11,0.12,0.13,0.13,0.14,0.14,0.14,0.14,0.15,0.14,0.15,0.16,0.16,0.15,0.17,0.18,0.18,0.2,0.2,0.2,0.21,0.21,0.2,0.18,0.2,0.21,7.60%,,♦,,,,,,,,,,,,,,,,,,,,,,,,,,,,,,,,,,,,,,,,,,,,,,,,,
,,,,,,,,,,,,,,,,,,,,,8.05,8.21,8.48,9.07,9.09,9.39,9.38,9.52,9.54,9.87,10.27,10.53,10.75,10.92,11.25,11.5,11.92,12.07,12.65,13.59,13.63,13.89,14.42,15.28,15.54,16.02,16.15,16.8,17.27,17.74,18.18,18.66,19.14,19.56,20.02,18.96,20.2,20.26,0.30%,,3.40%,,,,,,,,,,,,,,,,,,,,,,,,,,,,,,,,,,,,,,,,,,,,,,,,,
,,,,,,,,,,,,,,,,,,,,,,,,,,,,,,,,,,,,,,,,,,,,,,,,,,,,,,,,,,,,,,,,,,,,,,,,,,,,,,,,,,,,,,,,,,,,,,,,,,,,,,,,,,,,,,
,,,,,,,,,,,,,,,,,,,,,3.16,3.22,3.32,3.47,3.64,3.72,3.69,3.75,3.83,3.98,4.16,4.28,4.38,4.49,4.67,4.7,4.74,4.83,4.9,5.06,5.08,5.3,5.42,5.51,5.43,5.43,5.61,5.53,5.6,5.64,5.77,5.78,5.77,5.85,6.05,5.71,5.73,5.98,4.30%,,1.00%,,,,,,,,,,,,,,,,,,,,,,,,,,,,,,,,,,,,,,,,,,,,,,,,,
,,,,,,,,,,,,,,,,,,,,,0.17,0.19,0.21,0.23,0.25,0.27,0.26,0.28,0.31,0.33,0.39,0.4,0.42,0.45,0.46,0.49,0.56,0.56,0.59,0.63,0.68,0.74,0.76,0.8,0.88,0.9,0.98,1.06,1.1,1.15,1.39,1.39,1.45,1.55,1.74,1.65,1.73,1.79,4.00%,,0.30%,,,,,,,,,,,,,,,,,,,,,,,,,,,,,,,,,,,,,,,,,,,,,,,,,
,,,,,,,,,,,,,,,,,,,,,22.14,23.2,25.02,26.88,28.21,28.58,30.02,31.59,34.05,36.18,37.27,39.27,39.53,39.6,40.99,42.48,44.89,48.89,56.95,66.63,75.7,82.97,90.18,93.67,97.77,104.6,112.81,117.45,121.87,125.03,126.49,127,131.94,138.3,144.74,149.45,157.94,159.39,0.90%,,26.40%,,,,,,,,,,,,,,,,,,,,,,,,,,,,,,,,,,,,,,,,,,,,,,,,,
,,,,,,,,,,,,,,,,,,,,,0.36,0.38,0.42,0.48,0.51,0.5,0.52,0.61,0.67,0.61,0.65,0.65,0.66,0.67,0.68,0.71,0.9,0.88,0.91,1.01,0.97,1.03,1.09,1.02,1.11,1.16,1.19,1.14,1.17,1.14,1.18,1.21,1.29,1.31,1.24,0.93,0.88,0.79,-10.30%,,0.10%,,,,,,,,,,,,,,,,,,,,,,,,,,,,,,,,,,,,,,,,,,,,,,,,,
,,,,,,,,,,,,,,,,,,,,,5.7,6.1,6.49,7.06,7.72,8.28,8.74,9.19,9.42,9.93,10.67,11.09,11.71,12.42,12.78,13.42,13.48,13.92,14.41,15.65,16.57,17.46,18.95,20.05,21.55,22.48,23.71,24.99,25.82,27.56,28.52,29.8,30.94,32.69,33.52,31.76,34.51,36.44,5.60%,,6.00%,,,,,,,,,,,,,,,,,,,,,,,,,,,,,,,,,,,,,,,,,,,,,,,,,
,,,,,,,,,,,,,,,,,,,,,1.49,1.59,1.68,1.77,1.96,2.16,2.35,2.58,2.75,2.88,3.13,3.36,3.65,3.58,3.91,4.19,4.49,4.61,5,4.95,5.1,5.18,5.56,5.63,5.78,6.26,6.61,6.82,6.59,6.67,6.78,6.8,7.04,7.72,8.22,7.61,7.76,9.77,26.00%,,1.60%,,,,,,,,,,,,,,,,,,,,,,,,,,,,,,,,,,,,,,,,,,,,,,,,,
,,,,,,,,,,,,,,,,,,,,,16.13,16.15,16.48,17.52,18.13,18.79,19.21,19.41,19.7,20.44,21.49,21.9,22.32,21.88,22.23,22.47,22.26,22.29,22.21,22.47,22.55,22.5,22.25,21.86,19.95,21.27,20.14,19.99,19.84,19.34,19.07,18.82,19.05,18.95,18.51,17.15,17.94,17.84,-0.60%,,3.00%,,,,,,,,,,,,,,,,,,,,,,,,,,,,,,,,,,,,,,,,,,,,,,,,,
,,,,,,,,,,,,,,,,,,,,,0.62,0.68,0.7,0.74,0.82,0.87,1.09,1.23,1.23,1.31,1.43,1.6,1.86,1.78,1.91,2.2,2.25,2.37,2.57,2.78,3.01,3.04,3.24,3.36,3.25,3.36,3.42,3.74,3.91,3.95,4.01,4.22,4.28,4.35,4.47,4.3,4.58,4.84,5.60%,,0.80%,,,,,,,,,,,,,,,,,,,,,,,,,,,,,,,,,,,,,,,,,,,,,,,,,
,,,,,,,,,,,,,,,,,,,,,0.56,0.6,0.61,0.63,0.65,0.67,0.68,0.69,0.71,0.75,0.77,0.78,0.78,0.78,0.79,0.83,0.82,0.85,0.82,0.84,0.82,0.83,0.83,0.83,0.83,0.85,0.85,0.86,0.86,0.9,0.91,0.92,0.94,0.93,0.95,0.86,0.85,0.84,-1.00%,,0.10%,,,,,,,,,,,,,,,,,,,,,,,,,,,,,,,,,,,,,,,,,,,,,,,,,
,,,,,,,,,,,,,,,,,,,,,0.79,0.83,0.93,0.99,1.05,1.1,1.17,1.22,1.35,1.4,1.48,1.57,1.52,1.63,1.71,1.74,1.78,1.85,2.02,2.24,2.33,2.45,2.61,2.62,2.66,2.67,2.66,2.48,2.71,2.79,2.94,3.2,3.39,3.5,3.54,3.52,3.9,3.6,-7.70%,,0.60%,,,,,,,,,,,,,,,,,,,,,,,,,,,,,,,,,,,,,,,,,,,,,,,,,
,,,,,,,,,,,,,,,,,,,,,0.49,0.49,0.53,0.59,0.64,0.68,0.66,0.71,0.78,0.81,0.93,1,1.09,1.08,1.1,1.11,1.08,1.09,1.12,1.15,1.15,1.1,1.14,1.18,1.19,1.23,1.25,1.29,1.39,1.46,1.6,1.75,1.92,1.97,2.03,1.84,1.96,2.11,7.30%,,0.30%,,,,,,,,,,,,,,,,,,,,,,,,,,,,,,,,,,,,,,,,,,,,,,,,,
,,,,,,,,,,,,,,,,,,,,,0.51,0.59,0.62,0.72,0.82,0.98,1,1.07,1.17,1.34,1.4,1.41,1.49,1.51,1.49,1.59,1.8,1.74,1.64,1.83,1.93,2.13,2.29,2.44,2.62,2.78,2.89,2.9,2.92,2.98,3.16,3.34,3.42,3.42,3.35,3.28,3.28,3.16,-3.50%,,0.50%,,,,,,,,,,,,,,,,,,,,,,,,,,,,,,,,,,,,,,,,,,,,,,,,,
,,,,,,,,,,,,,,,,,,,,,2.25,2.52,2.8,3.12,3.39,3.84,4.34,4.89,5.37,5.79,6.32,6.99,7.67,7.02,7.64,8.09,8.28,8.66,8.94,9.15,9.46,9.61,9.9,10.07,10.12,10.93,11.44,11.58,11.62,11.72,11.93,12.29,12.41,12.62,12.48,12,12.56,12.71,1.20%,,2.10%,,,,,,,,,,,,,,,,,,,,,,,,,,,,,,,,,,,,,,,,,,,,,,,,,
,,,,,,,,,,,,,,,,,,,,,0.09,0.1,0.1,0.1,0.1,0.11,0.11,0.12,0.13,0.14,0.15,0.15,0.16,0.17,0.18,0.19,0.19,0.19,0.2,0.19,0.22,0.24,0.24,0.23,0.23,0.25,0.27,0.28,0.29,0.31,0.34,0.38,0.37,0.38,0.39,0.38,0.38,0.34,-10.80%,,0.10%,,,,,,,,,,,,,,,,,,,,,,,,,,,,,,,,,,,,,,,,,,,,,,,,,
,,,,,,,,,,,,,,,,,,,,,1.43,1.56,1.69,1.86,1.98,2.1,2.23,2.36,2.5,2.65,2.82,2.94,3.11,3.3,3.45,3.67,3.78,3.95,4.13,4.3,4.36,4.47,4.66,4.51,4.39,4.7,4.68,4.64,4.74,4.84,4.84,4.87,4.86,4.93,4.84,4.7,4.98,4.78,-4.00%,,0.80%,,,,,,,,,,,,,,,,,,,,,,,,,,,,,,,,,,,,,,,,,,,,,,,,,
,,,,,,,,,,,,,,,,,,,,,0.69,0.73,0.83,0.94,1.08,1.27,1.41,1.54,1.75,1.96,2.22,2.51,2.64,2.43,2.58,2.67,2.82,3.05,3.28,3.56,3.68,3.76,3.89,3.88,3.99,4.25,4.36,4.68,4.71,4.86,4.98,5.08,5.17,5.33,5.34,4.97,5.01,5.06,1.10%,,0.80%,,,,,,,,,,,,,,,,,,,,,,,,,,,,,,,,,,,,,,,,,,,,,,,,,
,,,,,,,,,,,,,,,,,,,,,0.22,0.24,0.27,0.27,0.26,0.28,0.28,0.31,0.35,0.39,0.46,0.52,0.6,0.65,0.68,0.77,0.87,0.95,1.03,1.25,1.33,1.22,1.33,1.65,1.68,1.94,2.15,2.25,2.37,2.62,2.99,3.24,3.48,3.91,4.34,4.34,4.34,4.59,5.70%,,0.80%,,,,,,,,,,,,,,,,,,,,,,,,,,,,,,,,,,,,,,,,,,,,,,,,,
,,,,,,,,,,,,,,,,,,,,,2.07,2.11,2.05,2.08,2.03,1.99,1.92,1.75,1.67,1.61,1.59,1.48,1.47,1.41,1.49,1.59,1.63,1.6,1.7,1.73,1.81,1.89,1.85,1.93,1.76,1.95,1.94,2.05,2.03,2.19,2.29,2.46,2.96,3.1,3.24,3.33,3.5,3.55,1.30%,,0.60%,,,,,,,,,,,,,,,,,,,,,,,,,,,,,,,,,,,,,,,,,,,,,,,,,
,,,,,,,,,,,,,,,,,,,,,58.86,61.29,64.74,69.46,73.24,76.18,79.67,83.3,87.74,92.49,97.32,101.91,105.06,104.86,108.73,112.92,116.62,122.28,132.41,145.44,156.74,165.91,176.19,181.23,185.2,197.01,206.97,213.72,219.55,225.17,229.17,232.54,240.67,250.82,258.98,257.78,271.84,277.6,2.10%,,46.00%,,,,,,,,,,,,,,,,,,,,,,,,,,,,,,,,,,,,,,,,,,,,,,,,,
,,,,,,,,,,,,,,,,,,,,,,,,,,,,,,,,,,,,,,,,,,,,,,,,,,,,,,,,,,,,,,,,,,,,,,,,,,,,,,,,,,,,,,,,,,,,,,,,,,,,,,,,,,,,,,
,,,,,,,,,,,,,,,,,,,,,303.5,310.31,321.13,333.22,339.79,344.18,346.59,348.56,351.33,355.77,363.88,374.3,378.17,380.56,387.14,397.28,401.25,409.83,424.4,445.47,460.08,473.1,487.61,493.33,485.38,508.77,520.48,527.96,537.19,542.87,547.39,553.98,565.6,581.05,587.39,566.49,597.41,604.04,1.10%,,100.00%,,,,,,,,,,,,,,,,,,,,,,,,,,,,,,,,,,,,,,,,,,,,,,,,,
,,,,,,,,,,,,,,,,,,,,,180.09,182.4,187.58,193.91,197.53,198.79,200.4,202.27,205.2,208.71,214.31,221.45,223.8,224.56,227.83,232.28,230.66,232.77,234.8,239.27,240.78,241.25,242.75,240.19,228.53,236.84,234.39,232.37,234.63,232.73,233.3,234.5,236.88,240.39,238.25,221.69,232.38,234.42,0.90%,,38.80%,,,,,,,,,,,,,,,,,,,,,,,,,,,,,,,,,,,,,,,,,,,,,,,,,
,,,,,,,,,,,,,,,,,,,,,123.41,127.91,133.55,139.31,142.26,145.39,146.19,146.29,146.13,147.06,149.57,152.85,154.37,156,159.3,165,170.59,177.07,189.6,206.2,219.31,231.84,244.86,253.14,256.86,271.93,286.1,295.59,302.56,310.15,314.1,319.49,328.72,340.66,349.14,344.8,365.03,369.62,1.30%,,61.20%,,,,,,,,,,,,,,,,,,,,,,,,,,,,,,,,,,,,,,,,,,,,,,,,,
,,,,,,,,,,,,,,,,,,,,,60.42,61.3,62.57,63.09,63.26,62.97,62.69,61.49,61.02,60.8,62.3,64.2,63.95,64.61,64.31,64.8,66.09,65.64,66.93,67.88,67.9,68.42,67.58,67.32,63.31,65.88,63.91,63.27,62.76,60.59,61.39,62.06,62.95,62.88,61.86,57.25,60.28,58.18,-3.50%,,9.60%,,,,,,,,,,,,,,,,,,,,,,,,,,,,,,,,,,,,,,,,,,,,,,,,,