Year,Country,Primary Energy Consumption,Energy Consumption per Capita,CO2 Emissions,Energy Source Nuclear,"Energy Source Coal, peat and oil shale",Energy Source Oil products,Energy Source Electricity,Energy Source Natural gas,Population Growth %
1990,Canada,10.83,391.6,444.8,0,134,2740,1505,1813,nan
1991,Canada,10.87,388.2,428.0,0,145,2630,1519,1848,-0.87
1992,Canada,11.17,393.9,441.9,0,143,2687,1522,1919,1.47
1993,Canada,11.45,399.3,438.4,0,139,2751,1554,2003,1.37
1994,Canada,11.88,410.1,453.2,0,135,2857,1575,2073,2.70
1995,Canada,12.17,415.7,471.5,0,144,2892,1608,2125,1.37
1996,Canada,12.51,422.6,480.6,0,143,3009,1631,2260,1.66
1997,Canada,12.57,420.6,494.0,0,141,3115,1652,2238,-0.47
1998,Canada,12.39,411.0,508.3,0,142,3067,1642,2084,-2.28
1999,Canada,12.78,420.5,513.2,0,144,3207,1677,2150,2.31
2000,Canada,13.13,428.0,533.1,0,152,3196,1551,2237,1.78
2001,Canada,12.86,414.8,535.8,0,141,3182,1566,2042,-3.08
2002,Canada,13.3,424.5,548.7,0,138,3358,1629,2172,2.34
2003,Canada,13.36,422.5,557.8,0,142,3546,1663,2224,-0.47
2004,Canada,13.57,425.1,555.3,0,153,3595,1660,2201,0.62
2005,Canada,13.66,423.9,555.0,0,158,3593,1759,1955,-0.28
2006,Canada,13.58,417.4,547.9,0,167,3583,1721,1870,-1.53
2007,Canada,14.1,429.0,575.0,0,155,3703,1761,1939,2.78
2008,Canada,13.93,419.3,559.4,0,145,3642,1748,1894,-2.26
2009,Canada,13.38,398.4,531.6,0,125,3478,1703,1806,-4.98
2010,Canada,13.51,397.7,545.6,0,136,3669,1721,1768,-0.18
2011,Canada,14.02,408.4,549.4,0,158,3721,1753,1926,2.69
2012,Canada,14.06,405.3,545.5,0,148,3778,1733,1869,-0.76
2013,Canada,14.4,410.6,559.3,0,131,3705,1780,1975,1.31
2014,Canada,14.43,407.5,564.5,0,124,3637,1807,2050,-0.75
2015,Canada,14.52,406.4,564.3,0,111,3694,1804,2005,-0.27
2016,Canada,14.32,396.7,545.9,0,107,3726,1787,2051,-2.39
2017,Canada,14.54,397.8,561.5,0,115,3707,1857,2107,0.28
2018,Canada,14.67,396.2,571.5,0,111,3779,1901,2212,-0.40
2019,Canada,14.59,388.7,558.8,0,104,3846,1904,2183,-1.89
2020,Canada,13.71,361.8,500.1,0,88,3303,1865,2091,-6.92
2021,Canada,13.84,362.7,510.2,0,89,3464,1889,2131,0.25
1990,Mexico,4.75,58.1,280.8,0,46,2141,361,582,nan
1991,Mexico,4.89,58.6,287.3,0,37,2251,358,618,0.86
1992,Mexico,4.98,58.6,290.9,0,34,2271,370,598,0.00
1993,Mexico,4.99,57.6,293.6,0,38,2354,383,507,-1.71
1994,Mexico,5.27,59.7,318.0,0,37,2494,414,517,3.65
1995,Mexico,5.18,57.6,304.1,0,39,2308,430,534,-3.52
1996,Mexico,5.32,58.1,313.6,0,41,2357,401,572,0.87
1997,Mexico,5.45,58.4,330.5,0,42,2370,432,545,0.52
1998,Mexico,5.67,59.8,346.8,0,43,2449,457,543,2.40
1999,Mexico,5.75,59.7,344.4,0,30,2451,485,534,-0.17
2000,Mexico,6.1,62.3,370.3,0,37,2557,523,526,4.36
2001,Mexico,6.05,60.8,370.9,0,37,2568,530,443,-2.41
2002,Mexico,6.19,61.4,389.1,0,52,2532,539,483,0.99
2003,Mexico,6.27,61.2,392.3,0,101,2577,620,463,-0.33
2004,Mexico,6.64,63.8,413.6,0,98,2732,654,476,4.25
2005,Mexico,7.27,69.0,455.6,0,117,2825,683,484,8.15
2006,Mexico,7.38,69.0,459.2,0,164,2953,698,515,0.00
2007,Mexico,7.45,68.8,465.0,0,112,3078,733,509,-0.29
2008,Mexico,7.75,70.7,475.7,0,147,3120,752,555,2.76
2009,Mexico,7.62,68.6,471.8,0,87,3027,741,483,-2.97
2010,Mexico,7.64,67.9,466.8,0,169,3120,776,542,-1.02
2011,Mexico,7.99,70.0,489.7,0,208,3107,842,575,3.09
2012,Mexico,8.06,69.7,499.4,0,128,3069,892,600,-0.43
2013,Mexico,8.07,68.8,496.7,0,158,3029,869,625,-1.29
2014,Mexico,8.02,67.5,482.8,0,109,3059,908,594,-1.89
2015,Mexico,7.93,66.0,480.9,0,163,3044,927,583,-2.22
2016,Mexico,8.11,66.7,491.1,0,78,3150,973,597,1.06
2017,Mexico,8.26,67.3,503.3,0,143,3056,979,634,0.90
2018,Mexico,8.16,65.8,489.0,0,107,2887,1079,512,-2.23
2019,Mexico,8.06,64.5,480.1,0,105,2933,1008,515,-1.98
2020,Mexico,7.43,59.0,417.8,0,106,2359,1080,439,-8.53
2021,Mexico,7.99,63.1,449.8,0,52,2321,1062,383,6.95
1990,US,81.38,328.0,4970.5,0,2329,28608,9481,12689,nan
1991,US,81.27,323.1,4922.6,0,2297,28013,9983,12580,-1.49
1992,US,82.47,323.2,5004.9,0,1446,28751,9992,12723,0.03
1993,US,84.2,325.4,5117.6,0,1329,29090,10343,13327,0.68
1994,US,85.75,327.0,5195.4,0,1339,30063,10643,13389,0.49
1995,US,87.63,329.8,5227.9,0,1271,30230,10951,13668,0.86
1996,US,90.58,336.8,5407.6,0,1249,31223,11261,14271,2.12
1997,US,91.26,335.0,5483.0,0,1331,31433,11427,14616,-0.53
1998,US,91.84,333.0,5524.1,0,1311,31654,11813,13846,-0.60
1999,US,93.47,334.8,5574.1,0,1366,32618,12132,13811,0.54
2000,US,95.56,338.4,5740.7,0,1363,33219,12598,15072,1.08
2001,US,93.29,326.8,5650.7,0,1382,33652,12442,14032,-3.43
2002,US,94.67,328.3,5672.3,0,1320,33750,12801,13969,0.46
2003,US,94.97,326.2,5737.6,0,1361,34094,12906,13867,-0.64
2004,US,96.83,329.4,5838.9,0,1451,35289,13090,13527,0.98
2005,US,96.88,326.4,5873.2,0,1311,35270,13434,12941,-0.91
2006,US,96.11,320.6,5795.2,0,1328,35123,13495,12440,-1.78
2007,US,97.43,321.8,5884.2,0,1298,34700,13857,13155,0.37
2008,US,95.06,311.0,5700.9,0,1259,32575,13787,13440,-3.36
2009,US,90.38,293.0,5289.2,0,985,30725,13121,12775,-5.79
2010,US,93.43,300.2,5485.7,0,1124,31751,13638,13466,2.46
2011,US,92.61,295.1,5336.2,0,1028,30123,13606,13519,-1.70
2012,US,90.17,284.8,5089.1,0,918,29602,13416,13058,-3.49
2013,US,92.62,290.0,5246.6,0,939,30045,13558,14225,1.83
2014,US,93.59,290.6,5251.7,0,930,30247,13640,14734,0.21
2015,US,92.69,285.5,5137.5,0,817,30884,13611,14113,-1.75
2016,US,92.6,283.0,5038.0,0,733,31041,13730,14168,-0.88
2017,US,92.95,281.8,4978.8,0,712,31116,13522,14499,-0.42
2018,US,96.35,290.1,5133.2,0,701,31739,14043,15935,2.95
2019,US,95.67,286.2,4981.6,0,645,31623,13788,16019,-1.34
2020,US,88.57,263.7,4462.7,0,540,27963,13600,14925,-7.86
2021,US,93.4,277.2,4768.4,0,568,30341,13818,15476,5.12
1990,Argentina,1.85,56.6,100.3,0,18,620,146,421,nan
1991,Argentina,1.88,56.7,102.8,0,17,668,152,426,0.18
1992,Argentina,2.01,60.0,108.9,0,18,703,163,449,5.82
1993,Argentina,2.08,61.1,107.7,0,12,708,175,514,1.83
1994,Argentina,2.19,63.5,114.0,0,9,761,189,543,3.93
1995,Argentina,2.26,64.7,118.9,0,9,763,202,560,1.89
1996,Argentina,2.37,66.8,126.3,0,12,842,212,571,3.25
1997,Argentina,2.39,66.8,125.0,0,14,860,228,598,0.00
1998,Argentina,2.48,68.4,132.0,0,17,887,247,616,2.40
1999,Argentina,2.51,68.4,136.5,0,17,807,257,626,0.00
2000,Argentina,2.52,67.9,131.4,0,19,763,271,657,-0.73
2001,Argentina,2.46,65.6,120.7,0,14,696,275,654,-3.39
2002,Argentina,2.36,62.2,116.0,0,13,646,270,652,-5.18
2003,Argentina,2.53,66.0,125.4,0,15,691,288,715,6.11
2004,Argentina,2.68,69.3,137.1,0,18,774,304,746,5.00
2005,Argentina,2.85,72.8,145.3,0,25,745,322,797,5.05
2006,Argentina,2.99,75.7,151.2,0,25,806,344,818,3.98
2007,Argentina,3.12,78.2,164.3,0,25,870,360,864,3.30
2008,Argentina,3.16,78.4,165.8,0,26,925,379,833,0.26
2009,Argentina,3.07,75.4,158.0,0,18,825,379,796,-3.83
2010,Argentina,3.18,77.4,166.9,0,25,919,398,825,2.65
2011,Argentina,3.27,78.8,173.1,0,27,908,417,870,1.81
2012,Argentina,3.4,81.0,181.8,0,23,899,426,869,2.79
2013,Argentina,3.53,83.3,187.6,0,25,951,435,909,2.84
2014,Argentina,3.53,82.4,187.8,0,26,903,455,900,-1.08
2015,Argentina,3.59,83.0,191.2,0,24,903,476,924,0.73
2016,Argentina,3.57,81.8,190.1,0,19,899,475,897,-1.45
2017,Argentina,3.57,81.0,188.5,0,21,933,464,846,-0.98
2018,Argentina,3.54,79.8,186.0,0,25,931,464,849,-1.48
2019,Argentina,3.34,74.6,174.6,0,15,931,452,847,-6.52
2020,Argentina,3.13,69.5,162.3,0,16,792,448,811,-6.84
2021,Argentina,3.48,76.8,184.7,0,22,964,465,815,10.50
1990,Brazil,5.64,37.4,206.4,0,154,2238,759,106,nan
1991,Brazil,5.82,38.0,213.4,0,182,2269,783,111,1.60
1992,Brazil,5.9,37.9,212.4,0,166,2332,801,114,-0.26
1993,Brazil,6.17,39.0,222.5,0,175,2418,840,120,2.90
1994,Brazil,6.48,40.2,234.0,0,183,2551,871,125,3.08
1995,Brazil,6.89,42.1,253.6,0,186,2742,923,132,4.73
1996,Brazil,7.29,43.9,271.5,0,201,2939,967,148,4.28
1997,Brazil,7.75,46.0,289.1,0,211,3163,1028,160,4.78
1998,Brazil,8.02,46.9,298.5,0,203,3279,1071,163,1.96
1999,Brazil,8.12,46.8,301.2,0,206,3309,1099,174,-0.21
2000,Brazil,8.48,48.2,319.4,0,240,3352,1156,215,2.99
2001,Brazil,8.27,46.4,328.2,0,221,3331,1075,255,-3.73
2002,Brazil,8.46,46.9,327.3,0,237,3285,1126,316,1.08
2003,Brazil,8.62,47.2,324.6,0,244,3175,1189,335,0.64
2004,Brazil,9.04,48.9,341.7,0,266,3290,1248,387,3.60
2005,Brazil,9.28,49.7,345.3,0,232,3308,1302,425,1.64
2006,Brazil,9.53,50.5,351.1,0,225,3378,1351,456,1.61
2007,Brazil,10.14,53.2,371.2,0,252,3521,1421,489,5.35
2008,Brazil,10.58,54.9,393.6,0,254,3623,1475,491,3.20
2009,Brazil,10.51,54.0,368.8,0,205,3582,1466,424,-1.64
2010,Brazil,11.47,58.4,410.6,0,307,3921,1576,565,8.15
2011,Brazil,11.86,59.9,428.0,0,349,4188,1647,564,2.57
2012,Brazil,12.21,61.1,457.8,0,334,4426,1703,562,2.00
2013,Brazil,12.51,62.0,487.0,0,319,4508,1754,567,1.47
2014,Brazil,12.83,63.1,511.7,0,316,4571,1808,554,1.77
2015,Brazil,12.66,61.7,494.8,0,323,4304,1777,539,-2.22
2016,Brazil,12.36,59.7,455.9,0,279,4232,1772,528,-3.24
2017,Brazil,12.47,59.8,461.7,0,322,4272,1796,528,0.17
2018,Brazil,12.51,59.5,442.1,0,333,4027,1828,569,-0.50
2019,Brazil,12.72,60.1,435.5,0,304,4086,1850,522,1.01
2020,Brazil,12.22,57.3,408.4,0,284,3860,1836,450,-4.66
2021,Brazil,12.85,60.0,461.6,0,327,4160,1917,518,4.71
1990,Chile,0.56,42.0,31.7,0,26,230,56,38,nan
1991,Chile,0.63,46.4,32.7,0,28,248,61,29,10.48
1992,Chile,0.7,50.7,33.4,0,32,272,70,37,9.27
1993,Chile,0.74,52.8,35.6,0,30,295,73,36,4.14
1994,Chile,0.78,54.6,38.8,0,27,320,78,39,3.41
1995,Chile,0.84,58.0,42.3,0,28,344,87,38,6.23
1996,Chile,0.89,60.6,47.6,0,32,373,97,39,4.48
1997,Chile,1.01,68.3,54.9,0,51,402,106,68,12.71
1998,Chile,1.01,67.6,56.4,0,34,400,111,75,-1.02
1999,Chile,1.06,69.5,58.3,0,34,393,125,109,2.81
2000,Chile,1.11,72.1,55.5,0,27,385,132,138,3.74
2001,Chile,1.13,72.7,53.8,0,34,369,142,142,0.83
2002,Chile,1.15,73.6,54.3,0,27,371,147,149,1.24
2003,Chile,1.16,73.2,55.3,0,28,377,160,146,-0.54
2004,Chile,1.24,77.4,62.7,0,27,389,169,151,5.74
2005,Chile,1.29,79.5,63.8,0,25,400,174,147,2.71
2006,Chile,1.33,81.5,64.3,0,32,410,183,158,2.52
2007,Chile,1.33,80.6,74.6,0,20,465,191,96,-1.10
2008,Chile,1.33,79.8,76.2,0,21,482,193,59,-0.99
2009,Chile,1.28,75.8,71.5,0,11,487,195,61,-5.01
2010,Chile,1.31,77.1,74.6,0,18,506,197,99,1.72
2011,Chile,1.39,80.9,82.8,0,15,534,209,82,4.93
2012,Chile,1.45,83.6,85.5,0,9,527,224,60,3.34
2013,Chile,1.49,85.1,88.9,0,8,567,235,59,1.79
2014,Chile,1.47,83.4,87.2,0,6,571,242,54,-2.00
2015,Chile,1.49,83.4,87.4,0,9,579,241,63,0.00
2016,Chile,1.56,86.4,92.2,0,9,620,253,71,3.60
2017,Chile,1.62,88.3,93.9,0,12,637,251,71,2.20
2018,Chile,1.69,90.1,93.5,0,10,650,263,84,2.04
2019,Chile,1.71,89.6,94.8,0,10,642,267,100,-0.55
2020,Chile,1.59,82.5,85.1,0,6,607,268,88,-7.92
2021,Chile,1.72,88.1,93.7,0,7,643,275,92,6.79
1990,Colombia,0.91,27.9,42.2,0,71,339,97,38,nan
1991,Colombia,0.93,28.0,44.1,0,73,353,100,41,0.36
1992,Colombia,0.97,28.5,51.8,0,75,370,104,42,1.79
1993,Colombia,1.05,30.4,53.6,0,96,376,114,42,6.67
1994,Colombia,1.14,32.3,56.5,0,97,397,120,48,6.25
1995,Colombia,1.17,32.4,57.7,0,84,421,125,50,0.31
1996,Colombia,1.21,33.1,57.4,0,89,436,130,53,2.16
1997,Colombia,1.23,33.0,61.8,0,88,483,128,57,-0.30
1998,Colombia,1.25,32.9,63.1,0,79,479,124,60,-0.30
1999,Colombia,1.16,30.1,55.2,0,81,439,115,64,-8.51
2000,Colombia,1.13,28.8,55.1,0,99,438,120,68,-4.32
2001,Colombia,1.14,28.6,55.3,0,94,440,127,87,-0.69
2002,Colombia,1.14,28.2,53.4,0,87,421,127,93,-1.40
2003,Colombia,1.16,28.3,53.6,0,75,417,132,99,0.35
2004,Colombia,1.22,29.3,56.2,0,71,431,139,106,3.53
2005,Colombia,1.2,28.5,53.1,0,76,424,140,118,-2.73
2006,Colombia,1.39,32.5,66.8,0,64,432,146,109,14.04
2007,Colombia,1.41,32.6,66.7,0,68,429,152,116,0.31
2008,Colombia,1.47,33.6,70.7,0,73,429,155,140,3.07
2009,Colombia,1.45,32.8,71.7,0,74,388,167,130,-2.38
2010,Colombia,1.53,34.1,77.5,0,67,386,170,130,3.96
2011,Colombia,1.6,35.3,75.7,0,111,464,180,134,3.52
2012,Colombia,1.7,37.1,83.9,0,72,484,183,138,5.10
2013,Colombia,1.75,37.8,89.6,0,115,496,201,158,1.89
2014,Colombia,1.84,39.4,95.4,0,116,512,211,159,4.23
2015,Colombia,1.74,36.9,88.0,0,101,505,215,178,-6.35
2016,Colombia,1.96,41.2,102.6,0,102,565,217,181,11.65
2017,Colombia,1.98,40.9,95.7,0,107,533,222,180,-0.73
2018,Colombia,2.01,40.8,97.4,0,108,526,223,182,-0.24
2019,Colombia,2.03,40.4,99.7,0,95,586,243,147,-0.98
2020,Colombia,1.85,36.2,89.6,0,88,502,237,141,-10.40
2021,Colombia,2.07,40.1,96.8,0,93,640,253,145,10.77
1990,Austria,1.21,157.1,58.2,0,59,370,154,127,nan
1991,Austria,1.27,163.2,63.1,0,65,397,161,137,3.88
1992,Austria,1.25,158.8,57.7,0,53,391,160,136,-2.70
1993,Austria,1.27,160.4,58.1,0,49,395,162,143,1.01
1994,Austria,1.26,158.8,58.7,0,43,389,164,136,-1.00
1995,Austria,1.32,166.3,61.2,0,43,394,168,154,4.72
1996,Austria,1.32,166.2,63.1,0,44,439,174,165,-0.06
1997,Austria,1.35,169.6,63.6,0,43,432,176,165,2.05
1998,Austria,1.37,172.1,63.8,0,38,450,179,168,1.47
1999,Austria,1.4,175.7,63.1,0,38,435,183,173,2.09
2000,Austria,1.41,175.9,63.7,0,38,434,186,179,0.11
2001,Austria,1.46,181.5,68.3,0,33,461,193,197,3.18
2002,Austria,1.46,180.9,69.4,0,28,484,194,191,-0.33
2003,Austria,1.48,181.9,75.1,0,28,518,200,202,0.55
2004,Austria,1.5,184.1,73.8,0,26,523,204,208,1.21
2005,Austria,1.53,186.2,74.9,0,25,519,207,209,1.14
2006,Austria,1.52,183.3,72.8,0,27,513,211,208,-1.56
2007,Austria,1.48,178.8,69.1,0,25,491,213,196,-2.45
2008,Austria,1.51,181.7,69.9,0,25,477,214,203,1.62
2009,Austria,1.46,175.6,63.6,0,21,458,206,198,-3.36
2010,Austria,1.51,180.9,67.9,0,20,463,216,214,3.02
2011,Austria,1.43,169.9,65.4,0,19,438,216,204,-6.08
2012,Austria,1.49,177.0,62.3,0,19,437,219,204,4.18
2013,Austria,1.48,174.6,62.8,0,20,449,220,210,-1.36
2014,Austria,1.42,166.3,58.6,0,19,436,217,198,-4.75
2015,Austria,1.42,164.5,60.6,0,19,442,220,205,-1.08
2016,Austria,1.47,168.1,61.5,0,20,454,224,212,2.19
2017,Austria,1.5,170.7,64.3,0,20,455,227,214,1.55
2018,Austria,1.47,166.3,62.3,0,18,462,228,206,-2.58
2019,Austria,1.54,173.9,63.9,0,20,470,229,215,4.57
2020,Austria,1.44,162.1,56.2,0,19,425,222,210,-6.79
2021,Austria,1.45,162.9,58.5,0,19,446,232,221,0.49
1990,Belgium,2.24,224.6,126.5,0,148,682,209,286,nan
1991,Belgium,2.31,231.7,130.7,0,148,736,218,301,3.16
1992,Belgium,2.31,230.6,128.1,0,125,758,225,310,-0.47
1993,Belgium,2.27,226.2,126.1,0,110,742,228,325,-1.91
1994,Belgium,2.39,237.4,129.6,0,123,837,239,331,4.95
1995,Belgium,2.42,239.7,128.9,0,104,849,246,361,0.97
1996,Belgium,2.57,253.9,137.2,0,105,896,252,404,5.92
1997,Belgium,2.6,255.7,135.9,0,109,896,259,377,0.71
1998,Belgium,2.65,259.8,139.9,0,105,897,266,393,1.60
1999,Belgium,2.63,257.1,133.3,0,102,890,268,405,-1.04
2000,Belgium,2.68,260.7,136.3,0,117,887,279,425,1.40
2001,Belgium,2.65,257.3,136.3,0,129,904,281,430,-1.30
2002,Belgium,2.64,255.0,134.2,0,80,858,282,436,-0.89
2003,Belgium,2.74,263.6,141.2,0,80,894,287,439,3.37
2004,Belgium,2.75,263.3,140.1,0,74,907,293,433,-0.11
2005,Belgium,2.72,258.8,136.2,0,64,910,295,433,-1.71
2006,Belgium,2.73,257.9,138.2,0,58,862,304,433,-0.35
2007,Belgium,2.75,258.0,137.7,0,57,829,304,419,0.04
2008,Belgium,2.79,260.3,139.1,0,68,908,305,427,0.89
2009,Belgium,2.58,238.6,124.6,0,42,844,286,399,-8.34
2010,Belgium,2.75,253.1,133.5,0,49,868,308,459,6.08
2011,Belgium,2.57,234.5,120.6,0,42,817,300,403,-7.35
2012,Belgium,2.47,223.5,116.3,0,40,816,299,425,-4.69
2013,Belgium,2.53,227.6,117.3,0,51,849,299,448,1.83
2014,Belgium,2.34,209.6,109.0,0,53,844,292,384,-7.91
2015,Belgium,2.37,210.4,115.2,0,53,863,293,415,0.38
2016,Belgium,2.55,225.7,116.9,0,57,847,296,428,7.27
2017,Belgium,2.58,226.4,118.8,0,55,816,296,440,0.31
2018,Belgium,2.57,224.6,125.5,0,56,831,298,441,-0.80
2019,Belgium,2.66,230.9,121.8,0,54,791,294,437,2.80
2020,Belgium,2.39,206.8,105.3,0,44,725,284,427,-10.44
2021,Belgium,2.66,228.9,113.5,0,46,773,293,467,10.69
1990,Czech Republic,1.97,191.1,155.3,0,516,346,173,178,nan
1991,Czech Republic,1.79,173.9,143.2,0,438,287,160,166,-9.00
1992,Czech Republic,1.74,168.6,136.6,0,373,310,156,187,-3.05
1993,Czech Republic,1.72,167.1,134.1,0,341,293,155,192,-0.89
1994,Czech Republic,1.68,162.7,128.6,0,284,296,162,192,-2.63
1995,Czech Republic,1.75,169.7,130.2,0,253,305,173,215,4.30
1996,Czech Republic,1.81,175.9,132.9,0,223,313,181,242,3.65
1997,Czech Republic,1.74,168.9,127.2,0,205,304,179,256,-3.98
1998,Czech Republic,1.69,164.2,121.6,0,164,318,176,259,-2.78
1999,Czech Republic,1.62,157.7,113.9,0,151,313,173,256,-3.96
2000,Czech Republic,1.71,166.9,124.1,0,200,305,178,248,5.83
2001,Czech Republic,1.75,170.8,125.1,0,169,322,183,270,2.34
2002,Czech Republic,1.75,171.2,120.8,0,166,315,183,259,0.23
2003,Czech Republic,1.85,180.8,124.0,0,179,337,189,265,5.61
2004,Czech Republic,1.9,185.2,124.8,0,176,375,188,260,2.43
2005,Czech Republic,1.87,182.0,123.4,0,152,388,193,259,-1.73
2006,Czech Republic,1.91,185.0,126.0,0,162,386,199,257,1.65
2007,Czech Republic,1.89,182.4,125.6,0,134,388,199,246,-1.41
2008,Czech Republic,1.85,178.2,120.3,0,132,389,202,249,-2.30
2009,Czech Republic,1.77,170.2,113.5,0,133,367,191,230,-4.49
2010,Czech Republic,1.85,176.7,116.5,0,107,360,195,259,3.82
2011,Czech Republic,1.81,172.2,113.1,0,105,349,193,235,-2.55
2012,Czech Republic,1.8,171.1,109.3,0,109,347,194,230,-0.64
2013,Czech Republic,1.76,167.8,105.0,0,107,335,192,229,-1.93
2014,Czech Republic,1.73,164.3,102.0,0,96,357,192,205,-2.09
2015,Czech Republic,1.69,161.0,102.8,0,95,349,196,214,-2.01
2016,Czech Republic,1.67,158.8,104.8,0,95,323,201,225,-1.37
2017,Czech Republic,1.77,167.7,104.8,0,100,379,207,235,5.60
2018,Czech Republic,1.76,167.1,103.8,0,97,383,209,220,-0.36
2019,Czech Republic,1.72,163.3,98.2,0,86,385,210,221,-2.27
2020,Czech Republic,1.59,151.3,88.4,0,82,348,206,220,-7.35
2021,Czech Republic,1.68,159.8,92.9,0,87,383,216,234,5.62
1990,Denmark,0.73,141.3,55.8,0,18,287,102,47,nan
1991,Denmark,0.84,162.5,65.5,0,20,297,105,53,15.00
1992,Denmark,0.79,151.7,60.0,0,18,287,107,54,-6.65
1993,Denmark,0.83,160.3,63.4,0,19,292,109,62,5.67
1994,Denmark,0.89,171.3,68.2,0,18,289,111,63,6.86
1995,Denmark,0.88,167.5,65.4,0,17,291,111,70,-2.22
1996,Denmark,1.04,198.6,79.1,0,16,298,114,75,18.57
1997,Denmark,0.95,179.4,69.2,0,16,290,115,72,-9.67
1998,Denmark,0.91,172.4,64.9,0,15,286,115,72,-3.90
1999,Denmark,0.89,166.5,61.5,0,13,285,116,73,-3.42
2000,Denmark,0.85,159.4,57.5,0,12,275,117,70,-4.26
2001,Denmark,0.85,159.3,57.7,0,11,276,117,74,-0.06
2002,Denmark,0.85,158.5,56.8,0,9,275,117,70,-0.50
2003,Denmark,0.92,170.3,62.0,0,10,279,117,73,7.44
2004,Denmark,0.87,160.6,56.0,0,11,282,119,71,-5.70
2005,Denmark,0.82,150.7,51.8,0,11,281,120,71,-6.16
2006,Denmark,0.91,165.9,60.2,0,11,283,122,72,10.09
2007,Denmark,0.86,156.8,55.5,0,11,286,121,69,-5.49
2008,Denmark,0.82,148.3,52.1,0,9,276,119,69,-5.42
2009,Denmark,0.77,139.8,48.9,0,5,260,113,66,-5.73
2010,Denmark,0.82,147.8,50.1,0,6,260,115,73,5.72
2011,Denmark,0.77,138.3,44.8,0,6,251,114,67,-6.43
2012,Denmark,0.72,128.0,39.7,0,5,229,112,66,-7.45
2013,Denmark,0.75,133.0,42.0,0,5,223,112,66,3.91
2014,Denmark,0.72,127.4,38.3,0,5,217,111,61,-4.21
2015,Denmark,0.7,123.5,35.6,0,5,224,111,63,-3.06
2016,Denmark,0.71,124.8,37.0,0,5,227,112,64,1.05
2017,Denmark,0.72,124.8,34.4,0,5,225,112,67,0.00
2018,Denmark,0.71,122.6,34.8,0,6,227,111,66,-1.76
2019,Denmark,0.69,119.3,31.5,0,5,220,111,65,-2.69
2020,Denmark,0.62,105.8,26.0,0,5,207,109,63,-11.32
2021,Denmark,0.68,115.7,28.2,0,6,209,116,68,9.36
1990,Estonia,0.46,292.4,41.0,0,16,79,24,18,nan
1991,Estonia,0.42,268.4,37.5,0,17,72,24,19,-8.21
1992,Estonia,0.29,190.2,27.2,0,9,40,21,13,-29.14
1993,Estonia,0.24,161.7,22.7,0,6,43,16,8,-14.98
1994,Estonia,0.25,167.2,22.7,0,6,40,17,11,3.40
1995,Estonia,0.22,154.0,20.6,0,8,36,16,12,-7.89
1996,Estonia,0.24,165.6,21.7,0,9,39,18,13,7.53
1997,Estonia,0.23,164.7,21.4,0,8,38,19,13,-0.54
1998,Estonia,0.21,148.8,18.9,0,6,37,19,13,-9.65
1999,Estonia,0.19,137.8,17.3,0,5,33,17,12,-7.39
2000,Estonia,0.2,143.0,17.9,0,5,33,18,12,3.77
2001,Estonia,0.21,150.0,18.5,0,6,40,19,13,4.90
2002,Estonia,0.21,150.4,18.5,0,4,41,19,9,0.27
2003,Estonia,0.23,165.0,20.4,0,4,40,20,14,9.71
2004,Estonia,0.23,169.4,20.5,0,4,41,21,16,2.67
2005,Estonia,0.23,171.3,20.4,0,5,43,22,16,1.12
2006,Estonia,0.23,170.2,19.9,0,5,44,23,16,-0.64
2007,Estonia,0.27,198.1,23.7,0,7,46,24,16,16.39
2008,Estonia,0.24,182.7,21.5,0,7,43,25,15,-7.77
2009,Estonia,0.21,158.4,18.6,0,4,40,24,8,-13.30
2010,Estonia,0.26,197.8,23.4,0,4,41,25,9,24.87
2011,Estonia,0.26,197.9,23.4,0,5,42,24,9,0.05
2012,Estonia,0.26,200.0,22.8,0,4,42,25,10,1.06
2013,Estonia,0.28,211.6,24.5,0,4,42,25,13,5.80
2014,Estonia,0.27,203.1,23.5,0,4,43,25,9,-4.02
2015,Estonia,0.25,187.9,21.4,0,2,44,25,9,-7.48
2016,Estonia,0.25,193.6,22.2,0,2,43,26,11,3.03
2017,Estonia,0.28,214.4,24.5,0,5,44,26,10,10.74
2018,Estonia,0.28,212.0,24.1,0,5,44,27,11,-1.12
2019,Estonia,0.23,170.3,18.3,0,5,44,26,10,-19.67
2020,Estonia,0.21,159.2,15.8,0,3,43,26,10,-6.52
2021,Estonia,0.22,167.0,16.8,0,3,41,28,11,4.90
1990,Finland,1.16,233.4,57.5,0,65,389,212,40,nan
1991,Finland,1.19,237.5,56.7,0,59,392,213,44,1.76
1992,Finland,1.19,235.4,54.6,0,58,388,215,45,-0.88
1993,Finland,1.2,236.3,56.3,0,56,364,224,44,0.38
1994,Finland,1.26,246.9,62.9,0,61,381,234,49,4.49
1995,Finland,1.2,234.5,58.6,0,53,353,235,42,-5.02
1996,Finland,1.25,244.1,64.8,0,46,340,239,42,4.09
1997,Finland,1.27,246.8,62.8,0,47,341,254,40,1.11
1998,Finland,1.31,254.4,60.2,0,55,351,262,52,3.08
1999,Finland,1.29,248.9,59.9,0,50,345,267,50,-2.16
2000,Finland,1.29,249.8,58.8,0,41,346,272,38,0.36
2001,Finland,1.32,254.6,63.8,0,40,351,279,39,1.92
2002,Finland,1.33,255.3,66.6,0,39,353,287,37,0.27
2003,Finland,1.42,272.7,74.9,0,37,362,291,36,6.82
2004,Finland,1.42,270.8,68.8,0,35,361,299,37,-0.70
2005,Finland,1.29,245.4,58.2,0,34,359,291,36,-9.38
2006,Finland,1.38,262.2,68.5,0,34,357,310,37,6.85
2007,Finland,1.38,260.2,66.3,0,32,364,310,39,-0.76
2008,Finland,1.33,249.7,58.6,0,31,344,297,35,-4.04
2009,Finland,1.23,230.1,56.2,0,26,323,278,30,-7.85
2010,Finland,1.34,249.2,63.9,0,34,342,301,35,8.30
2011,Finland,1.26,233.8,57.1,0,31,325,288,32,-6.18
2012,Finland,1.23,226.4,51.0,0,26,318,291,30,-3.17
2013,Finland,1.23,226.2,52.0,0,23,330,288,30,-0.09
2014,Finland,1.19,217.4,47.7,0,23,314,285,29,-3.89
2015,Finland,1.18,216.1,44.9,0,23,303,283,27,-0.60
2016,Finland,1.2,218.9,47.7,0,25,326,291,26,1.30
2017,Finland,1.18,213.9,45.1,0,23,313,292,28,-2.28
2018,Finland,1.2,217.9,46.5,0,25,312,298,27,1.87
2019,Finland,1.18,213.2,43.3,0,24,304,293,30,-2.16
2020,Finland,1.13,203.9,36.8,0,20,294,277,30,-4.36
2021,Finland,1.15,208.0,36.2,0,22,276,296,34,2.01
1990,France,9.57,169.6,367.2,0,263,3145,1088,1002,nan
1991,France,10.17,179.5,390.7,0,250,3324,1157,1136,5.84
1992,France,10.26,180.4,379.4,0,242,3341,1189,1151,0.50
1993,France,10.26,179.8,362.0,0,183,3259,1197,1157,-0.33
1994,France,10.13,177.0,348.7,0,184,3229,1215,1150,-1.56
1995,France,10.37,180.6,356.2,0,184,3303,1234,1172,2.03
1996,France,10.76,186.7,372.5,0,191,3342,1281,1295,3.38
1997,France,10.61,183.5,361.2,0,188,3349,1280,1281,-1.71
1998,France,10.85,186.9,384.9,0,171,3399,1323,1312,1.85
1999,France,11.05,189.3,384.4,0,146,3384,1350,1363,1.28
2000,France,11.19,190.7,381.5,0,141,3371,1386,1346,0.74
2001,France,11.32,191.9,383.4,0,131,3486,1425,1378,0.63
2002,France,11.21,188.8,380.1,0,113,3432,1417,1355,-1.62
2003,France,11.32,189.6,387.2,0,116,3432,1470,1421,0.42
2004,France,11.42,189.9,389.1,0,114,3427,1513,1443,0.16
2005,France,11.35,187.5,389.8,0,127,3358,1522,1447,-1.26
2006,France,11.26,184.8,380.1,0,128,3345,1537,1398,-1.44
2007,France,11.06,180.3,370.5,0,139,3261,1534,1340,-2.44
2008,France,11.09,179.8,369.7,0,131,3161,1558,1384,-0.28
2009,France,10.48,168.7,354.8,0,100,3041,1505,1301,-6.17
2010,France,10.79,172.8,360.4,0,113,2984,1599,1382,2.43
2011,France,10.38,165.3,334.1,0,111,2988,1528,1303,-4.34
2012,France,10.37,164.5,335.6,0,99,2965,1598,1383,-0.48
2013,France,10.47,165.3,334.9,0,103,2944,1623,1437,0.49
2014,France,10.03,157.7,301.5,0,103,2898,1531,1215,-4.60
2015,France,10.09,158.1,307.5,0,95,2897,1566,1247,0.25
2016,France,9.92,155.0,313.1,0,107,2835,1594,1308,-1.96
2017,France,9.84,153.5,317.8,0,85,2862,1582,1274,-0.97
2018,France,10.03,156.0,306.6,0,62,2758,1574,1263,1.63
2019,France,9.81,152.4,299.1,0,51,2749,1554,1234,-2.31
2020,France,8.84,137.0,251.5,0,45,2455,1481,1151,-10.10
2021,France,9.4,145.7,274.4,0,125,2651,1559,1274,6.35
1990,Germany,15.09,190.2,1007.6,0,1643,4656,1638,1635,nan
1991,Germany,14.73,184.5,969.7,0,1132,4945,1639,1750,-3.00
1992,Germany,14.43,180.0,923.7,0,850,4984,1623,1788,-2.44
1993,Germany,14.37,178.3,916.3,0,710,5062,1606,1887,-0.94
1994,Germany,14.24,176.0,896.9,0,631,4982,1597,1938,-1.29
1995,Germany,14.31,176.4,889.4,0,569,5001,1624,2093,0.23
1996,Germany,14.78,181.8,914.8,0,540,5105,1650,2347,3.06
1997,Germany,14.59,179.2,888.0,0,498,5073,1662,2258,-1.43
1998,Germany,14.47,177.5,879.0,0,433,5068,1678,2262,-0.95
1999,Germany,14.27,175.0,855.9,0,388,4890,1705,2274,-1.41
2000,Germany,14.36,176.1,854.4,0,375,4776,1740,2308,0.63
2001,Germany,14.63,179.4,871.7,0,354,4864,1783,2348,1.87
2002,Germany,14.44,177.3,859.0,0,334,4679,1831,2347,-1.17
2003,Germany,14.44,177.5,862.0,0,351,4559,1854,2318,0.11
2004,Germany,14.44,177.6,847.5,0,312,4457,1878,2341,0.06
2005,Germany,14.27,175.7,826.3,0,285,4355,1881,2306,-1.07
2006,Germany,14.62,180.2,843.8,0,322,4358,1901,2341,2.56
2007,Germany,14.02,172.6,811.1,0,297,3850,1906,2243,-4.22
2008,Germany,14.16,174.4,809.4,0,288,4120,1900,2293,1.04
2009,Germany,13.29,163.6,753.6,0,249,3909,1791,2129,-6.19
2010,Germany,13.85,170.3,783.2,0,301,3964,1915,2361,4.10
2011,Germany,13.36,164.1,763.7,0,328,3847,1890,2115,-3.64
2012,Germany,13.54,166.1,773.0,0,303,3845,1888,2192,1.22
2013,Germany,13.93,170.5,797.6,0,296,3940,1880,2313,2.65
2014,Germany,13.36,163.2,751.1,0,284,3856,1842,2092,-4.28
2015,Germany,13.61,165.8,755.6,0,318,3855,1854,2164,1.59
2016,Germany,13.83,168.0,770.5,0,304,3861,1863,2304,1.33
2017,Germany,14.01,169.6,760.9,0,300,3940,1868,2318,0.95
2018,Germany,13.66,164.8,733.1,0,279,3734,1834,2387,-2.83
2019,Germany,13.31,160.1,680.1,0,258,3808,1787,2336,-2.85
2020,Germany,12.41,149.0,605.5,0,257,3616,1736,2299,-6.93
2021,Germany,12.78,153.2,642.8,0,257,3702,1781,2500,2.82
1990,Greece,1.03,100.4,81.5,0,51,409,102,4,nan
1991,Greece,1.05,101.0,81.5,0,51,419,106,4,0.60
1992,Greece,1.07,101.9,84.2,0,44,421,111,4,0.89
1993,Greece,1.08,102.4,85.4,0,45,417,112,2,0.49
1994,Greece,1.1,103.3,86.7,0,44,419,118,0,0.88
1995,Greece,1.14,106.3,88.7,0,44,435,123,0,2.90
1996,Greece,1.17,108.2,89.9,0,43,478,128,0,1.79
1997,Greece,1.2,110.6,93.3,0,40,492,134,3,2.22
1998,Greece,1.28,116.7,98.8,0,40,515,142,14,5.52
1999,Greece,1.28,116.2,97.3,0,32,510,146,15,-0.43
2000,Greece,1.34,121.7,102.6,0,37,520,155,16,4.73
2001,Greece,1.35,122.3,104.7,0,37,541,160,16,0.49
2002,Greece,1.35,122.1,103.7,0,29,557,168,18,-0.16
2003,Greece,1.43,129.1,107.5,0,25,595,175,21,5.73
2004,Greece,1.43,129.0,107.4,0,23,581,179,25,-0.08
2005,Greece,1.44,129.4,107.8,0,19,592,183,30,0.31
2006,Greece,1.48,133.3,108.3,0,17,606,189,34,3.01
2007,Greece,1.51,136.1,112.8,0,22,600,199,35,2.10
2008,Greece,1.48,133.8,108.6,0,17,572,204,42,-1.69
2009,Greece,1.43,129.1,103.4,0,7,564,197,45,-3.51
2010,Greece,1.36,123.5,95.3,0,13,510,191,48,-4.34
2011,Greece,1.34,121.5,95.4,0,9,478,186,61,-1.62
2012,Greece,1.26,114.7,89.1,0,10,397,187,56,-5.60
2013,Greece,1.18,108.3,79.9,0,9,346,176,51,-5.58
2014,Greece,1.11,102.0,76.1,0,10,351,178,50,-5.82
2015,Greece,1.12,103.8,73.8,0,9,373,183,55,1.76
2016,Greece,1.11,102.8,70.7,0,8,379,192,50,-0.96
2017,Greece,1.16,108.5,75.0,0,8,368,194,52,5.54
2018,Greece,1.17,109.7,73.6,0,12,356,178,54,1.11
2019,Greece,1.14,107.9,69.6,0,8,365,181,55,-1.64
2020,Greece,1.0,94.8,56.3,0,7,326,171,62,-12.14
2021,Greece,1.09,104.3,59.3,0,8,330,177,62,10.02
1990,Hungary,1.16,112.2,70.9,0,99,298,114,260,nan
1991,Hungary,1.09,104.8,65.7,0,98,255,106,255,-6.60
1992,Hungary,1.04,100.6,62.1,0,57,248,102,216,-4.01
1993,Hungary,1.0,96.9,58.3,0,53,224,98,248,-3.68
1994,Hungary,1.02,98.7,58.2,0,52,228,99,251,1.86
1995,Hungary,1.03,100.0,57.9,0,44,219,100,271,1.32
1996,Hungary,1.05,102.1,58.8,0,39,206,103,304,2.10
1997,Hungary,1.03,99.8,57.3,0,31,205,104,282,-2.25
1998,Hungary,1.04,101.6,57.9,0,23,220,104,280,1.80
1999,Hungary,1.04,101.8,58.8,0,26,213,104,281,0.20
2000,Hungary,1.01,99.1,55.5,0,24,218,106,280,-2.65
2001,Hungary,1.04,101.7,56.8,0,23,209,110,307,2.62
2002,Hungary,1.01,99.6,55.3,0,24,230,113,301,-2.06
2003,Hungary,1.02,101.2,58.0,0,24,227,113,324,1.61
2004,Hungary,1.04,103.0,57.3,0,26,235,115,325,1.78
2005,Hungary,1.11,110.1,57.3,0,26,273,116,337,6.89
2006,Hungary,1.09,108.1,57.0,0,26,283,120,310,-1.82
2007,Hungary,1.07,106.9,55.0,0,23,284,121,271,-1.11
2008,Hungary,1.06,105.6,53.8,0,23,274,124,271,-1.22
2009,Hungary,0.98,98.1,48.2,0,16,266,119,255,-7.10
2010,Hungary,1.0,100.1,48.7,0,17,254,123,270,2.04
2011,Hungary,0.97,97.5,48.7,0,19,242,124,262,-2.60
2012,Hungary,0.9,91.1,44.6,0,17,229,126,231,-6.56
2013,Hungary,0.86,86.6,42.0,0,12,224,126,240,-4.94
2014,Hungary,0.86,86.9,41.3,0,10,250,125,230,0.35
2015,Hungary,0.9,91.8,43.8,0,11,272,131,240,5.64
2016,Hungary,0.92,93.7,44.7,0,12,269,134,252,2.07
2017,Hungary,0.97,99.0,46.9,0,15,292,139,262,5.66
2018,Hungary,0.98,99.9,47.3,0,11,311,142,254,0.91
2019,Hungary,0.99,101.3,47.1,0,10,315,145,250,1.40
2020,Hungary,0.97,99.8,44.7,0,8,293,144,261,-1.48
2021,Hungary,1.02,105.3,46.1,0,8,320,152,277,5.51
1990,Iceland,0.08,306.2,2.2,0,3,25,14,0,nan
1991,Iceland,0.08,295.7,2.1,0,3,24,14,0,-3.43
1992,Iceland,0.08,302.2,2.2,0,2,26,14,0,2.20
1993,Iceland,0.08,310.8,2.3,0,2,26,15,0,2.85
1994,Iceland,0.08,311.6,2.3,0,3,27,15,0,0.26
1995,Iceland,0.09,319.8,2.4,0,2,26,15,0,2.63
1996,Iceland,0.09,336.7,2.6,0,3,29,15,0,5.28
1997,Iceland,0.1,350.3,2.6,0,2,29,17,0,4.04
1998,Iceland,0.1,375.0,2.6,0,3,29,20,0,7.05
1999,Iceland,0.11,405.9,2.6,0,2,29,23,0,8.24
2000,Iceland,0.12,425.0,2.8,0,4,29,25,0,4.71
2001,Iceland,0.12,424.1,2.7,0,4,29,26,0,-0.21
2002,Iceland,0.13,436.7,2.8,0,4,30,27,0,2.97
2003,Iceland,0.13,435.9,2.8,0,4,30,27,0,-0.18
2004,Iceland,0.13,440.6,2.9,0,4,31,28,0,1.08
2005,Iceland,0.13,435.2,2.9,0,4,31,28,0,-1.23
2006,Iceland,0.14,466.3,3.0,0,4,34,32,0,7.15
2007,Iceland,0.16,519.7,3.1,0,4,32,39,0,11.45
2008,Iceland,0.2,639.6,2.8,0,4,38,55,0,23.07
2009,Iceland,0.2,636.4,2.6,0,4,38,56,0,-0.50
2010,Iceland,0.2,637.7,2.5,0,4,22,57,0,0.20
2011,Iceland,0.2,635.7,2.5,0,4,21,58,0,-0.31
2012,Iceland,0.2,638.2,2.5,0,4,21,59,0,0.39
2013,Iceland,0.21,652.4,2.7,0,4,23,61,0,2.23
2014,Iceland,0.21,644.2,2.7,0,4,23,61,0,-1.26
2015,Iceland,0.22,665.6,2.9,0,4,23,63,0,3.32
2016,Iceland,0.22,658.9,2.8,0,4,23,62,0,-1.01
2017,Iceland,0.23,673.1,3.1,0,4,24,64,0,2.16
2018,Iceland,0.24,677.9,3.3,0,5,26,67,0,0.71
2019,Iceland,0.23,631.9,2.8,0,5,23,66,0,-6.79
2020,Iceland,0.21,560.7,1.8,0,4,21,64,0,-11.27
2021,Iceland,0.21,564.9,1.8,0,5,22,66,0,0.75
1990,Ireland,0.42,121.8,31.2,0,71,156,43,42,nan
1991,Ireland,0.44,125.8,32.0,0,66,161,45,46,3.28
1992,Ireland,0.44,125.5,32.1,0,53,167,48,46,-0.24
1993,Ireland,0.45,127.5,32.5,0,52,167,49,49,1.59
1994,Ireland,0.47,132.4,33.6,0,42,186,51,51,3.84
1995,Ireland,0.48,134.4,34.4,0,39,191,53,51,1.51
1996,Ireland,0.51,140.8,36.0,0,40,199,57,53,4.76
1997,Ireland,0.52,144.1,37.3,0,34,215,60,56,2.34
1998,Ireland,0.56,153.5,39.9,0,35,232,64,60,6.52
1999,Ireland,0.6,160.2,41.9,0,27,256,68,60,4.36
2000,Ireland,0.62,165.6,43.8,0,28,278,73,66,3.37
2001,Ireland,0.66,172.2,46.4,0,28,280,76,71,3.99
2002,Ireland,0.65,167.7,45.5,0,27,282,78,65,-2.61
2003,Ireland,0.64,160.8,45.2,0,29,290,83,53,-4.11
2004,Ireland,0.65,161.0,45.5,0,30,302,83,57,0.12
2005,Ireland,0.68,164.4,47.7,0,31,327,88,57,2.11
2006,Ireland,0.7,165.2,48.1,0,29,336,93,61,0.49
2007,Ireland,0.71,162.9,48.3,0,29,320,93,61,-1.39
2008,Ireland,0.71,158.8,47.8,0,29,322,96,65,-2.52
2009,Ireland,0.64,141.3,41.9,0,26,287,91,61,-11.02
2010,Ireland,0.64,141.9,42.2,0,25,282,91,66,0.42
2011,Ireland,0.61,134.9,38.6,0,23,254,90,63,-4.93
2012,Ireland,0.6,132.1,38.5,0,22,241,89,68,-2.08
2013,Ireland,0.59,129.4,37.5,0,23,242,90,68,-2.04
2014,Ireland,0.59,128.2,37.2,0,22,235,89,68,-0.93
2015,Ireland,0.63,134.2,38.7,0,23,240,93,72,4.68
2016,Ireland,0.65,138.7,40.4,0,23,253,95,75,3.35
2017,Ireland,0.66,137.6,39.3,0,20,248,96,76,-0.79
2018,Ireland,0.67,138.9,39.1,0,21,256,100,82,0.94
2019,Ireland,0.67,137.8,37.6,0,18,254,102,82,-0.79
2020,Ireland,0.63,128.3,33.5,0,18,234,103,82,-6.89
2021,Ireland,0.65,129.6,35.5,0,18,245,106,81,1.01
1990,Italy,6.68,117.7,403.8,0,149,2573,773,1273,nan
1991,Italy,6.89,121.3,407.2,0,141,2546,790,1390,3.06
1992,Italy,6.86,120.7,403.6,0,153,2541,805,1360,-0.49
1993,Italy,6.71,118.1,396.5,0,143,2520,808,1378,-2.15
1994,Italy,6.7,117.8,393.4,0,144,2465,834,1338,-0.25
1995,Italy,6.97,122.5,413.1,0,134,2544,858,1449,3.99
1996,Italy,6.97,122.5,407.9,0,126,2556,866,1491,0.00
1997,Italy,7.09,124.5,414.5,0,121,2593,894,1481,1.63
1998,Italy,7.25,127.4,426.3,0,112,2629,919,1555,2.33
1999,Italy,7.46,131.0,427.2,0,107,2675,941,1617,2.83
2000,Italy,7.56,132.7,434.4,0,112,2608,983,1616,1.30
2001,Italy,7.55,132.5,429.5,0,120,2652,1000,1664,-0.15
2002,Italy,7.5,131.3,433.0,0,96,2678,1018,1623,-0.91
2003,Italy,7.74,134.8,450.8,0,115,2694,1049,1754,2.67
2004,Italy,7.91,136.7,468.3,0,115,2670,1064,1673,1.41
2005,Italy,7.92,136.1,470.2,0,112,2657,1083,1741,-0.44
2006,Italy,7.88,134.9,467.1,0,96,2641,1112,1650,-0.88
2007,Italy,7.73,131.6,458.0,0,99,2616,1114,1549,-2.45
2008,Italy,7.6,128.4,442.5,0,87,2526,1114,1563,-2.43
2009,Italy,7.1,119.2,391.5,0,45,2335,1044,1534,-7.17
2010,Italy,7.33,122.6,397.1,0,79,2279,1078,1636,2.85
2011,Italy,7.19,119.8,388.5,0,95,2246,1087,1506,-2.28
2012,Italy,7.0,116.3,371.0,0,95,2073,1068,1500,-2.92
2013,Italy,6.69,110.9,341.4,0,68,1948,1035,1494,-4.64
2014,Italy,6.34,105.2,318.8,0,58,2003,1013,1315,-5.14
2015,Italy,6.53,108.5,334.4,0,40,1974,1035,1405,3.14
2016,Italy,6.56,109.1,331.4,0,40,1931,1030,1419,0.55
2017,Italy,6.64,110.6,335.5,0,30,1903,1051,1448,1.37
2018,Italy,6.67,111.4,336.1,0,35,1921,1055,1434,0.72
2019,Italy,6.55,109.7,328.6,0,34,1896,1051,1410,-1.53
2020,Italy,5.95,99.9,286.3,0,30,1600,991,1359,-8.93
2021,Italy,6.34,107.0,314.4,0,38,1818,1052,1506,7.11
1990,Latvia,0.31,115.7,18.4,0,13,87,30,29,nan
1991,Latvia,0.29,107.1,17.6,0,13,79,29,27,-7.43
1992,Latvia,0.21,77.1,12.8,0,8,65,23,25,-28.01
1993,Latvia,0.18,67.1,10.8,0,8,65,17,18,-12.97
1994,Latvia,0.17,65.8,9.9,0,10,55,16,14,-1.94
1995,Latvia,0.16,62.4,9.1,0,5,49,16,15,-5.17
1996,Latvia,0.15,58.9,9.2,0,5,46,15,15,-5.61
1997,Latvia,0.15,60.2,8.3,0,5,49,15,14,2.21
1998,Latvia,0.16,66.5,8.0,0,4,47,16,14,10.47
1999,Latvia,0.14,57.3,7.4,0,3,46,16,13,-13.83
2000,Latvia,0.14,56.8,6.9,0,3,46,16,14,-0.87
2001,Latvia,0.15,62.1,7.7,0,3,50,16,16,9.33
2002,Latvia,0.15,63.5,7.9,0,3,50,18,19,2.25
2003,Latvia,0.15,63.6,7.9,0,2,54,19,19,0.16
2004,Latvia,0.16,72.5,8.5,0,2,56,19,21,13.99
2005,Latvia,0.17,75.7,8.7,0,3,57,21,21,4.41
2006,Latvia,0.16,72.8,8.4,0,3,63,22,21,-3.83
2007,Latvia,0.17,76.0,8.8,0,4,68,24,22,4.40
2008,Latvia,0.17,77.4,8.6,0,4,64,24,21,1.84
2009,Latvia,0.16,74.2,7.9,0,3,57,22,18,-4.13
2010,Latvia,0.18,85.1,9.2,0,4,59,22,21,14.69
2011,Latvia,0.16,76.8,8.3,0,4,54,22,17,-9.75
2012,Latvia,0.17,80.6,8.0,0,3,53,25,17,4.95
2013,Latvia,0.16,78.4,8.0,0,2,54,24,14,-2.73
2014,Latvia,0.15,72.9,7.7,0,2,55,24,14,-7.02
2015,Latvia,0.15,75.4,7.9,0,2,58,23,13,3.43
2016,Latvia,0.16,81.2,8.2,0,2,57,23,13,7.69
2017,Latvia,0.18,90.2,8.0,0,2,60,23,14,11.08
2018,Latvia,0.16,81.0,7.8,0,2,61,24,14,-10.20
2019,Latvia,0.16,84.2,8.4,0,2,60,24,14,3.95
2020,Latvia,0.15,77.5,7.1,0,1,58,23,14,-7.96
2021,Latvia,0.15,81.5,7.5,0,1,60,24,15,5.16
1990,Lithuania,0.73,192.0,36.1,0,31,174,43,89,nan
1991,Lithuania,0.77,202.6,39.0,0,36,181,43,100,5.52
1992,Lithuania,0.47,124.0,20.7,0,16,96,33,57,-38.80
1993,Lithuania,0.37,97.2,16.4,0,14,77,24,29,-21.61
1994,Lithuania,0.32,84.3,15.4,0,12,68,23,35,-13.27
1995,Lithuania,0.36,94.8,14.3,0,9,71,23,42,12.46
1996,Lithuania,0.39,103.8,14.8,0,9,71,23,42,9.49
1997,Lithuania,0.36,96.4,14.1,0,7,77,24,38,-7.13
1998,Lithuania,0.38,104.3,14.7,0,6,79,24,38,8.20
1999,Lithuania,0.32,87.0,12.6,0,5,69,24,36,-16.59
2000,Lithuania,0.28,78.0,10.9,0,3,60,22,38,-10.34
2001,Lithuania,0.33,92.3,12.1,0,3,63,23,42,18.33
2002,Lithuania,0.35,99.7,11.6,0,5,63,24,43,8.02
2003,Lithuania,0.37,106.0,11.8,0,7,63,26,44,6.32
2004,Lithuania,0.37,108.2,12.2,0,7,70,28,43,2.08
2005,Lithuania,0.34,100.1,13.2,0,7,74,29,46,-7.49
2006,Lithuania,0.32,97.1,13.4,0,10,77,30,49,-3.00
2007,Lithuania,0.35,107.9,13.2,0,10,85,32,71,11.12
2008,Lithuania,0.35,108.4,13.3,0,9,86,33,63,0.46
2009,Lithuania,0.32,101.9,12.2,0,7,69,30,46,-6.00
2010,Lithuania,0.24,75.4,13.2,0,8,72,30,46,-26.01
2011,Lithuania,0.25,79.6,12.4,0,10,72,31,66,5.57
2012,Lithuania,0.25,80.6,12.4,0,10,72,32,68,1.26
2013,Lithuania,0.23,75.4,11.7,0,11,72,32,55,-6.45
2014,Lithuania,0.22,73.5,11.0,0,9,77,33,58,-2.52
2015,Lithuania,0.23,77.6,11.3,0,7,82,34,61,5.58
2016,Lithuania,0.23,79.9,11.7,0,8,88,35,58,2.96
2017,Lithuania,0.25,85.1,11.9,0,8,92,36,66,6.51
2018,Lithuania,0.25,88.6,12.5,0,8,100,37,61,4.11
2019,Lithuania,0.26,89.5,12.4,0,8,102,38,65,1.02
2020,Lithuania,0.25,89.7,12.1,0,6,99,37,62,0.22
2021,Lithuania,0.25,90.6,12.2,0,7,99,40,60,1.00
1990,Luxembourg,0.13,350.8,10.3,0,22,62,15,18,nan
1991,Luxembourg,0.14,372.0,11.0,0,19,73,15,18,6.04
1992,Luxembourg,0.14,368.2,11.0,0,17,75,15,19,-1.02
1993,Luxembourg,0.15,368.2,11.1,0,19,75,16,20,0.00
1994,Luxembourg,0.14,349.3,10.6,0,17,73,17,20,-5.13
1995,Luxembourg,0.12,299.7,8.7,0,9,68,18,22,-14.20
1996,Luxembourg,0.13,304.1,8.9,0,10,69,18,24,1.47
1997,Luxembourg,0.12,293.9,8.5,0,7,71,18,24,-3.35
1998,Luxembourg,0.12,280.4,8.0,0,4,73,19,25,-4.59
1999,Luxembourg,0.13,292.3,8.5,0,4,77,20,26,4.24
2000,Luxembourg,0.13,307.5,9.0,0,5,84,21,25,5.20
2001,Luxembourg,0.14,325.3,9.7,0,5,89,21,25,5.79
2002,Luxembourg,0.16,351.9,10.5,0,3,90,21,25,8.18
2003,Luxembourg,0.16,364.5,11.0,0,2,97,22,26,3.58
2004,Luxembourg,0.19,407.2,12.5,0,3,111,23,27,11.71
2005,Luxembourg,0.19,407.0,12.8,0,3,114,22,26,-0.05
2006,Luxembourg,0.19,393.4,12.5,0,4,109,24,28,-3.34
2007,Luxembourg,0.18,376.0,12.0,0,3,104,24,27,-4.42
2008,Luxembourg,0.18,366.6,11.9,0,3,105,24,28,-2.50
2009,Luxembourg,0.17,344.1,11.4,0,3,98,22,26,-6.14
2010,Luxembourg,0.18,355.8,12.0,0,3,103,24,28,3.40
2011,Luxembourg,0.18,339.2,11.7,0,2,106,23,25,-4.67
2012,Luxembourg,0.17,325.4,11.4,0,2,103,22,26,-4.07
2013,Luxembourg,0.16,302.9,10.9,0,2,101,22,25,-6.91
2014,Luxembourg,0.16,286.6,10.5,0,2,96,22,24,-5.38
2015,Luxembourg,0.15,272.1,10.1,0,2,92,22,25,-5.06
2016,Luxembourg,0.15,262.0,10.0,0,2,89,23,27,-3.71
2017,Luxembourg,0.16,267.8,10.3,0,2,92,23,26,2.21
2018,Luxembourg,0.17,275.0,10.8,0,2,97,23,26,2.69
2019,Luxembourg,0.17,274.6,10.9,0,2,99,23,26,-0.15
2020,Luxembourg,0.15,231.3,9.0,0,2,78,22,24,-15.77
2021,Luxembourg,0.16,243.7,9.7,0,2,82,23,25,5.36
1990,Netherlands,3.28,219.4,192.0,0,52,810,257,992,nan
1991,Netherlands,3.34,222.0,199.7,0,40,780,264,1102,1.19
1992,Netherlands,3.38,223.1,200.2,0,35,803,270,1051,0.50
1993,Netherlands,3.41,223.5,205.1,0,36,789,274,1071,0.18
1994,Netherlands,3.37,219.7,202.3,0,35,812,286,1023,-1.70
1995,Netherlands,3.51,227.2,208.6,0,31,822,289,1053,3.41
1996,Netherlands,3.66,235.6,219.6,0,32,855,301,1169,3.70
1997,Netherlands,3.6,230.1,217.2,0,38,851,313,1031,-2.33
1998,Netherlands,3.62,230.3,218.1,0,32,850,324,995,0.09
1999,Netherlands,3.58,226.3,215.1,0,28,873,332,965,-1.74
2000,Netherlands,3.62,228.0,216.2,0,25,861,342,966,0.75
2001,Netherlands,3.76,235.5,225.9,0,24,878,349,972,3.29
2002,Netherlands,3.77,234.5,226.0,0,24,904,354,936,-0.42
2003,Netherlands,3.79,235.1,225.4,0,26,993,360,950,0.26
2004,Netherlands,3.92,242.0,231.4,0,25,992,369,954,2.93
2005,Netherlands,4.0,246.2,233.1,0,23,981,375,932,1.74
2006,Netherlands,3.92,240.3,231.6,0,24,1008,380,898,-2.40
2007,Netherlands,3.99,243.2,229.1,0,26,1014,388,847,1.21
2008,Netherlands,3.94,239.3,227.2,0,21,966,390,886,-1.60
2009,Netherlands,3.89,235.0,217.7,0,22,952,377,887,-1.80
2010,Netherlands,4.21,253.6,229.9,0,19,1009,388,1033,7.91
2011,Netherlands,4.01,240.4,220.9,0,21,953,388,882,-5.21
2012,Netherlands,3.94,235.0,215.7,0,25,969,375,922,-2.25
2013,Netherlands,3.83,226.9,211.4,0,21,916,376,923,-3.45
2014,Netherlands,3.66,215.8,202.5,0,20,865,366,785,-4.89
2015,Netherlands,3.72,218.5,209.9,0,21,892,373,809,1.25
2016,Netherlands,3.76,219.4,208.0,0,24,932,377,828,0.41
2017,Netherlands,3.78,220.0,204.5,0,27,967,381,840,0.27
2018,Netherlands,3.69,213.7,198.0,0,24,962,388,820,-2.86
2019,Netherlands,3.68,211.8,193.6,0,25,913,387,806,-0.89
2020,Netherlands,3.56,204.1,172.8,0,18,899,383,768,-3.64
2021,Netherlands,3.65,208.8,177.0,0,17,892,386,829,2.30
1990,Norway,1.78,420.5,29.0,0,32,308,349,0,nan
1991,Norway,1.64,385.9,27.3,0,29,297,356,0,-8.23
1992,Norway,1.73,404.0,28.9,0,29,288,358,0,4.69
1993,Norway,1.79,414.5,29.8,0,31,297,363,0,2.60
1994,Norway,1.73,398.0,31.6,0,35,303,366,0,-3.98
1995,Norway,1.83,420.2,31.6,0,39,320,374,0,5.58
1996,Norway,1.68,383.5,34.3,0,38,337,371,0,-8.73
1997,Norway,1.77,401.0,35.5,0,38,329,374,0,4.56
1998,Norway,1.84,414.5,36.5,0,41,332,394,0,3.37
1999,Norway,1.89,422.6,36.2,0,39,335,393,0,1.95
2000,Norway,2.09,465.3,33.9,0,40,314,394,25,10.10
2001,Norway,1.89,418.7,36.3,0,35,336,404,28,-10.02
2002,Norway,1.97,433.3,35.7,0,30,339,393,21,3.49
2003,Norway,1.74,380.1,37.1,0,29,363,371,29,-12.28
2004,Norway,1.77,384.9,37.7,0,33,351,388,34,1.26
2005,Norway,2.02,436.6,36.6,0,28,343,399,31,13.43
2006,Norway,1.85,396.6,36.9,0,24,357,387,32,-9.16
2007,Norway,1.98,421.4,36.5,0,27,365,398,34,6.25
2008,Norway,2.03,426.2,36.1,0,28,352,403,36,1.14
2009,Norway,1.88,388.6,36.2,0,20,344,386,32,-8.82
2010,Norway,1.8,368.4,37.4,0,24,365,409,33,-5.20
2011,Norway,1.83,368.8,37.1,0,23,354,389,35,0.11
2012,Norway,2.02,403.1,36.8,0,25,353,398,35,9.30
2013,Norway,1.9,373.4,37.0,0,25,350,401,38,-7.37
2014,Norway,1.95,380.3,36.1,0,25,349,393,39,1.85
2015,Norway,1.97,380.1,36.0,0,24,351,402,40,-0.05
2016,Norway,2.0,382.3,35.1,0,26,344,412,36,0.58
2017,Norway,2.01,381.2,35.1,0,26,340,414,40,-0.29
2018,Norway,1.98,372.8,35.3,0,25,347,421,36,-2.20
2019,Norway,1.86,347.0,34.3,0,25,336,419,40,-6.92
2020,Norway,2.01,374.0,32.8,0,26,323,419,36,7.78
2021,Norway,2.05,379.2,33.1,0,28,328,432,35,1.39
1990,Poland,4.36,114.5,373.5,0,726,458,346,322,nan
1991,Poland,4.26,111.7,368.4,0,812,451,322,288,-2.45
1992,Poland,4.08,106.6,353.1,0,802,463,308,280,-4.57
1993,Poland,4.07,106.3,352.2,0,923,495,312,287,-0.28
1994,Poland,3.9,101.6,334.3,0,832,512,307,313,-4.42
1995,Poland,3.99,103.9,341.3,0,948,543,323,333,2.26
1996,Poland,4.19,109.1,355.0,0,1006,621,342,335,5.00
1997,Poland,4.15,108.1,350.5,0,895,683,348,355,-0.92
1998,Poland,3.98,103.6,330.9,0,712,713,348,341,-4.16
1999,Poland,3.9,101.6,323.8,0,654,746,344,324,-1.93
2000,Poland,3.66,95.1,299.8,0,552,733,353,342,-6.40
2001,Poland,3.64,94.1,297.9,0,530,710,354,355,-1.05
2002,Poland,3.6,93.1,294.4,0,538,708,349,342,-1.06
2003,Poland,3.72,96.4,303.5,0,513,750,363,380,3.54
2004,Poland,3.75,97.1,301.9,0,529,800,375,398,0.73
2005,Poland,3.83,99.3,307.2,0,524,827,378,416,2.27
2006,Poland,4.02,104.3,320.7,0,557,879,398,421,5.04
2007,Poland,4.01,104.1,317.5,0,537,919,411,421,-0.19
2008,Poland,4.08,105.9,319.5,0,540,931,422,427,1.73
2009,Poland,3.94,102.1,305.3,0,512,937,404,411,-3.59
2010,Poland,4.2,108.8,323.8,0,578,973,427,442,6.56
2011,Poland,4.22,109.3,324.0,0,534,966,437,434,0.46
2012,Poland,4.1,106.2,308.1,0,544,915,440,451,-2.84
2013,Poland,4.11,106.5,310.4,0,526,871,445,453,0.28
2014,Poland,3.96,102.7,293.3,0,497,875,451,436,-3.57
2015,Poland,4.0,103.9,293.3,0,474,930,460,444,1.17
2016,Poland,4.18,108.4,306.0,0,488,1023,478,475,4.33
2017,Poland,4.34,112.7,315.4,0,496,1168,489,476,3.97
2018,Poland,4.39,114.0,320.0,0,471,1190,506,472,1.15
2019,Poland,4.27,110.8,301.8,0,400,1219,505,469,-2.81
2020,Poland,4.08,106.3,283.6,0,396,1175,494,473,-4.06
2021,Poland,4.41,115.2,309.9,0,387,1230,517,533,8.37
1990,Portugal,0.71,71.4,39.1,0,27,350,85,0,nan
1991,Portugal,0.74,74.2,42.1,0,28,350,90,0,3.92
1992,Portugal,0.75,75.1,46.0,0,27,370,92,0,1.21
1993,Portugal,0.77,77.2,45.2,0,25,370,94,0,2.80
1994,Portugal,0.8,79.7,45.6,0,26,394,97,0,3.24
1995,Portugal,0.88,87.1,53.0,0,24,406,104,0,9.28
1996,Portugal,0.9,89.5,50.4,0,27,426,109,0,2.76
1997,Portugal,0.92,90.4,50.9,0,22,456,115,2,1.01
1998,Portugal,1.0,98.1,56.7,0,19,493,122,10,8.52
1999,Portugal,1.02,99.8,62.2,0,18,497,130,20,1.73
2000,Portugal,1.06,102.5,61.3,0,20,512,138,33,2.71
2001,Portugal,1.07,103.3,60.2,0,8,512,144,44,0.78
2002,Portugal,1.06,102.0,63.4,0,7,517,149,50,-1.26
2003,Portugal,1.09,104.3,59.9,0,6,511,155,50,2.25
2004,Portugal,1.07,102.0,62.1,0,4,521,161,54,-2.21
2005,Portugal,1.07,101.6,64.6,0,1,513,167,55,-0.39
2006,Portugal,1.06,100.6,59.6,0,1,471,172,56,-0.98
2007,Portugal,1.07,101.2,58.4,0,7,480,176,60,0.60
2008,Portugal,1.03,97.6,57.5,0,3,450,174,61,-3.56
2009,Portugal,1.04,98.3,56.9,0,1,427,172,60,0.72
2010,Portugal,1.1,103.7,51.5,0,2,424,180,65,5.49
2011,Portugal,1.05,99.2,51.4,0,1,393,174,69,-4.34
2012,Portugal,0.96,90.9,50.7,0,1,344,166,68,-8.37
2013,Portugal,1.05,100.4,49.3,0,1,339,163,66,10.45
2014,Portugal,1.07,103.0,49.6,0,1,345,163,65,2.59
2015,Portugal,1.05,101.1,53.1,0,1,343,165,68,-1.84
2016,Portugal,1.12,108.5,52.4,0,1,337,167,68,7.32
2017,Portugal,1.09,105.4,57.3,0,0,344,168,73,-2.86
2018,Portugal,1.11,107.6,54.3,0,0,325,173,75,2.09
2019,Portugal,1.05,102.5,50.3,0,0,347,172,76,-4.74
2020,Portugal,0.96,92.8,40.7,0,0,307,167,73,-9.46
2021,Portugal,0.96,93.2,39.3,0,0,322,170,80,0.43
1990,Slovakia,0.89,169.9,54.8,0,172,204,84,164,nan
1991,Slovakia,0.8,151.5,48.5,0,146,164,79,137,-10.83
1992,Slovakia,0.77,145.1,46.0,0,120,141,73,152,-4.22
1993,Slovakia,0.76,142.0,43.2,0,116,92,73,145,-2.14
1994,Slovakia,0.74,139.5,40.1,0,98,103,73,136,-1.76
1995,Slovakia,0.76,141.1,40.8,0,91,103,78,148,1.15
1996,Slovakia,0.76,141.9,40.9,0,88,107,85,161,0.57
1997,Slovakia,0.75,139.1,39.5,0,77,124,82,159,-1.97
1998,Slovakia,0.75,140.4,39.1,0,67,125,76,166,0.93
1999,Slovakia,0.76,141.5,38.3,0,56,123,82,171,0.78
2000,Slovakia,0.79,146.1,36.3,0,59,126,79,174,3.25
2001,Slovakia,0.81,150.4,39.1,0,54,116,84,182,2.94
2002,Slovakia,0.82,151.6,38.6,0,57,134,82,173,0.80
2003,Slovakia,0.79,147.3,39.1,0,52,122,83,163,-2.84
2004,Slovakia,0.77,144.0,38.3,0,56,121,86,153,-2.24
2005,Slovakia,0.81,151.5,39.2,0,48,125,82,181,5.21
2006,Slovakia,0.79,147.4,38.1,0,50,126,85,167,-2.71
2007,Slovakia,0.74,138.3,35.8,0,51,133,88,160,-6.17
2008,Slovakia,0.76,142.0,36.8,0,55,139,89,163,2.68
2009,Slovakia,0.69,128.5,33.7,0,58,121,83,136,-9.51
2010,Slovakia,0.74,137.1,36.2,0,49,129,87,155,6.69
2011,Slovakia,0.71,131.7,34.0,0,50,125,89,139,-3.94
2012,Slovakia,0.68,126.4,32.5,0,41,118,86,132,-4.02
2013,Slovakia,0.7,129.4,32.6,0,43,115,90,142,2.37
2014,Slovakia,0.65,120.3,30.0,0,41,112,87,115,-7.03
2015,Slovakia,0.66,121.4,30.4,0,37,115,88,120,0.91
2016,Slovakia,0.67,122.5,30.8,0,36,123,90,122,0.91
2017,Slovakia,0.7,128.8,32.9,0,37,140,93,131,5.14
2018,Slovakia,0.69,126.4,32.3,0,39,151,93,130,-1.86
2019,Slovakia,0.67,122.0,30.0,0,35,143,91,123,-3.48
2020,Slovakia,0.65,119.5,27.8,0,29,144,86,118,-2.05
2021,Slovakia,0.7,129.0,31.2,0,36,150,92,130,7.95
1990,Slovenia,0.25,125.6,13.3,0,10,63,33,30,nan
1991,Slovenia,0.25,125.6,12.5,0,10,65,32,28,0.00
1992,Slovenia,0.23,117.3,12.3,0,8,61,30,24,-6.61
1993,Slovenia,0.24,120.5,13.0,0,6,74,31,23,2.73
1994,Slovenia,0.26,128.3,13.1,0,5,80,33,25,6.47
1995,Slovenia,0.27,134.7,13.9,0,5,89,34,28,4.99
1996,Slovenia,0.28,141.3,14.7,0,5,105,34,28,4.90
1997,Slovenia,0.29,144.6,15.2,0,4,105,35,30,2.34
1998,Slovenia,0.29,145.1,14.7,0,3,101,36,31,0.35
1999,Slovenia,0.29,143.8,14.3,0,4,102,37,32,-0.90
2000,Slovenia,0.28,142.6,14.0,0,4,98,38,29,-0.83
2001,Slovenia,0.3,149.3,14.7,0,4,101,39,30,4.70
2002,Slovenia,0.29,148.4,14.9,0,4,99,42,29,-0.60
2003,Slovenia,0.29,145.2,14.8,0,5,101,43,32,-2.16
2004,Slovenia,0.31,153.6,15.0,0,5,104,45,32,5.79
2005,Slovenia,0.31,153.0,15.2,0,4,105,46,33,-0.39
2006,Slovenia,0.31,153.7,15.6,0,4,109,47,32,0.46
2007,Slovenia,0.31,152.1,15.7,0,4,107,48,32,-1.04
2008,Slovenia,0.34,165.7,16.8,0,4,124,46,31,8.94
2009,Slovenia,0.31,152.2,15.0,0,3,106,41,28,-8.15
2010,Slovenia,0.31,151.6,15.2,0,2,107,43,29,-0.39
2011,Slovenia,0.3,146.6,15.2,0,2,107,45,24,-3.30
2012,Slovenia,0.29,142.2,14.7,0,2,104,45,23,-3.00
2013,Slovenia,0.29,140.5,14.1,0,2,97,45,23,-1.20
2014,Slovenia,0.3,144.0,12.6,0,2,96,45,22,2.49
2015,Slovenia,0.27,129.5,12.7,0,2,95,46,24,-10.07
2016,Slovenia,0.29,137.8,13.6,0,2,100,47,25,6.41
2017,Slovenia,0.29,138.7,13.9,0,2,100,49,26,0.65
2018,Slovenia,0.3,141.0,13.9,0,2,101,49,25,1.66
2019,Slovenia,0.29,136.5,13.3,0,2,98,49,25,-3.19
2020,Slovenia,0.28,131.6,11.9,0,1,84,47,24,-3.59
2021,Slovenia,0.28,130.2,12.1,0,1,91,48,26,-1.06
1990,Spain,3.85,98.9,214.6,0,142,1602,453,181,nan
1991,Spain,3.98,102.1,220.4,0,155,1687,463,202,3.24
1992,Spain,4.17,106.4,241.0,0,144,1706,471,219,4.21
1993,Spain,4.04,102.4,226.0,0,107,1678,470,226,-3.76
1994,Spain,4.23,106.7,234.1,0,99,1810,493,230,4.20
1995,Spain,4.39,110.3,247.9,0,81,1872,507,285,3.37
1996,Spain,4.56,114.0,244.2,0,71,1853,530,310,3.35
1997,Spain,4.81,119.7,263.6,0,69,1940,573,346,5.00
1998,Spain,5.04,124.9,274.3,0,61,2074,595,385,4.34
1999,Spain,5.2,128.2,298.8,0,53,2092,638,421,2.64
2000,Spain,5.5,135.0,309.3,0,57,2183,678,515,5.30
2001,Spain,5.75,140.4,314.0,0,64,2253,723,564,4.00
2002,Spain,5.81,140.2,332.3,0,66,2258,740,592,-0.14
2003,Spain,6.14,145.5,340.1,0,62,2353,784,661,3.78
2004,Spain,6.37,148.3,362.1,0,62,2404,830,704,1.92
2005,Spain,6.41,146.8,374.9,0,56,2421,872,759,-1.01
2006,Spain,6.51,146.5,369.4,0,55,2391,886,653,-0.20
2007,Spain,6.65,146.9,380.5,0,60,2434,903,678,0.27
2008,Spain,6.46,140.6,354.8,0,55,2309,918,631,-4.29
2009,Spain,5.99,129.3,316.3,0,35,2135,863,560,-8.04
2010,Spain,6.16,132.2,300.1,0,37,2092,881,621,2.24
2011,Spain,6.04,129.2,308.5,0,46,1940,877,607,-2.27
2012,Spain,6.01,128.5,306.3,0,31,1751,865,628,-0.54
2013,Spain,5.71,122.4,274.5,0,40,1669,828,639,-4.75
2014,Spain,5.6,120.5,271.9,0,26,1611,817,619,-1.55
2015,Spain,5.67,122.1,287.9,0,22,1683,835,559,1.33
2016,Spain,5.72,123.2,280.6,0,23,1758,837,578,0.90
2017,Spain,5.79,124.3,298.3,0,37,1792,861,586,0.89
2018,Spain,5.89,126.0,293.0,0,31,1833,858,619,1.37
2019,Spain,5.73,121.6,276.2,0,27,1836,844,625,-3.49
2020,Spain,5.18,109.4,223.3,0,27,1570,791,597,-10.03
2021,Spain,5.55,117.0,243.6,0,27,1730,820,642,6.95
1990,Sweden,2.46,287.3,67.4,0,45,587,433,14,nan
1991,Sweden,2.33,271.1,59.7,0,36,576,439,13,-5.64
1992,Sweden,2.35,271.6,61.5,0,37,620,432,13,0.18
1993,Sweden,2.32,267.4,61.0,0,38,599,436,15,-1.55
1994,Sweden,2.32,266.2,64.2,0,36,634,441,15,-0.45
1995,Sweden,2.35,268.2,61.5,0,39,635,448,15,0.75
1996,Sweden,2.28,259.8,66.8,0,39,652,454,17,-3.13
1997,Sweden,2.36,268.3,61.3,0,33,638,451,17,3.27
1998,Sweden,2.56,289.6,68.4,0,30,635,455,18,7.94
1999,Sweden,2.48,280.6,65.3,0,27,638,456,19,-3.11
2000,Sweden,2.3,259.5,57.7,0,32,593,463,19,-7.52
2001,Sweden,2.47,277.5,59.2,0,30,589,476,21,6.94
2002,Sweden,2.31,258.9,59.8,0,39,604,471,19,-6.70
2003,Sweden,2.21,247.1,64.2,0,41,578,466,21,-4.56
2004,Sweden,2.39,264.9,61.9,0,43,562,469,22,7.20
2005,Sweden,2.45,270.4,60.5,0,40,541,471,21,2.08
2006,Sweden,2.3,253.0,62.1,0,35,526,471,22,-6.43
2007,Sweden,2.34,255.1,58.8,0,38,522,472,23,0.83
2008,Sweden,2.3,249.7,56.1,0,35,506,463,20,-2.12
2009,Sweden,2.11,227.1,53.3,0,21,454,444,23,-9.05
2010,Sweden,2.25,239.3,56.8,0,36,477,472,28,5.37
2011,Sweden,2.21,233.7,51.9,0,36,455,449,28,-2.34
2012,Sweden,2.35,245.8,49.0,0,31,430,458,29,5.18
2013,Sweden,2.2,228.1,47.9,0,32,426,450,25,-7.20
2014,Sweden,2.19,224.7,46.0,0,30,408,440,26,-1.49
2015,Sweden,2.26,230.0,46.3,0,31,397,449,28,2.36
2016,Sweden,2.22,223.5,46.4,0,30,403,459,23,-2.83
2017,Sweden,2.3,228.3,45.4,0,29,400,458,35,2.15
2018,Sweden,2.25,221.4,44.6,0,28,375,459,34,-3.02
2019,Sweden,2.34,227.8,47.1,0,29,377,449,34,2.89
2020,Sweden,2.22,213.8,42.7,0,23,328,444,35,-6.15
2021,Sweden,2.27,216.7,39.9,0,27,349,462,34,1.36
1990,Switzerland,1.19,177.9,43.3,0,15,471,168,58,nan
1991,Switzerland,1.23,180.4,44.2,0,13,496,171,65,1.41
1992,Switzerland,1.25,181.3,44.6,0,9,497,172,69,0.50
1993,Switzerland,1.24,179.3,42.2,0,7,469,170,73,-1.10
1994,Switzerland,1.31,186.9,43.4,0,7,458,169,71,4.24
1995,Switzerland,1.24,175.9,40.9,0,8,464,172,80,-5.89
1996,Switzerland,1.2,169.2,42.5,0,6,469,175,86,-3.81
1997,Switzerland,1.28,180.5,44.2,0,5,461,175,82,6.68
1998,Switzerland,1.29,181.0,44.7,0,4,475,179,85,0.28
1999,Switzerland,1.34,188.2,44.2,0,4,481,184,89,3.98
2000,Switzerland,1.31,182.6,43.1,0,6,465,189,89,-2.98
2001,Switzerland,1.4,193.9,46.2,0,6,479,193,93,6.19
2002,Switzerland,1.3,179.2,43.9,0,6,459,194,91,-7.58
2003,Switzerland,1.29,176.0,43.2,0,6,470,198,95,-1.79
2004,Switzerland,1.27,172.2,43.3,0,5,470,202,98,-2.16
2005,Switzerland,1.22,164.2,44.2,0,6,470,206,103,-4.65
2006,Switzerland,1.27,169.8,45.0,0,6,464,208,101,3.41
2007,Switzerland,1.25,166.4,41.0,0,7,441,207,99,-2.00
2008,Switzerland,1.3,169.8,43.8,0,7,454,211,106,2.04
2009,Switzerland,1.29,167.2,44.2,0,6,442,207,102,-1.53
2010,Switzerland,1.26,161.0,42.1,0,6,451,215,113,-3.71
2011,Switzerland,1.2,151.1,40.1,0,6,409,211,101,-6.15
2012,Switzerland,1.26,158.0,41.4,0,5,419,212,112,4.57
2013,Switzerland,1.3,160.3,43.6,0,5,426,214,120,1.46
2014,Switzerland,1.24,151.1,38.7,0,6,382,207,107,-5.74
2015,Switzerland,1.21,146.1,39.5,0,5,378,210,112,-3.31
2016,Switzerland,1.14,135.9,38.0,0,5,378,210,117,-6.98
2017,Switzerland,1.14,135.0,38.8,0,5,366,211,118,-0.66
2018,Switzerland,1.16,136.1,37.2,0,4,355,208,113,0.81
2019,Switzerland,1.21,141.0,38.1,0,4,349,206,116,3.60
2020,Switzerland,1.11,128.8,32.7,0,4,319,201,113,-8.65
2021,Switzerland,1.08,123.7,33.4,0,4,332,209,124,-3.96
1990,Turkey,2.02,37.2,136.2,0,329,853,162,30,nan
1991,Turkey,2.07,37.3,139.6,0,354,835,169,46,0.27
1992,Turkey,2.17,38.6,143.7,0,337,865,186,68,3.49
1993,Turkey,2.36,41.2,148.3,0,311,994,204,87,6.74
1994,Turkey,2.29,39.2,147.0,0,255,944,212,86,-4.85
1995,Turkey,2.56,43.1,161.1,0,290,1064,234,117,9.95
1996,Turkey,2.79,46.3,175.2,0,356,1112,257,142,7.42
1997,Turkey,2.92,47.6,185.0,0,397,1078,287,170,2.81
1998,Turkey,2.99,48.1,186.9,0,393,1052,309,172,1.05
1999,Turkey,2.91,46.1,187.6,0,320,1046,321,169,-4.16
2000,Turkey,3.11,48.6,205.7,0,454,1094,345,206,5.42
2001,Turkey,2.83,43.5,186.1,0,294,1011,343,220,-10.49
2002,Turkey,3.09,46.9,196.9,0,398,1071,366,251,7.82
2003,Turkey,3.28,49.0,208.9,0,461,1059,397,320,4.48
2004,Turkey,3.51,51.8,216.4,0,481,1082,431,354,5.71
2005,Turkey,3.59,52.2,224.8,0,447,1093,463,421,0.77
2006,Turkey,3.98,57.2,248.0,0,540,1159,509,526,9.58
2007,Turkey,4.23,60.0,272.8,0,592,1170,550,589,4.90
2008,Turkey,4.24,59.5,276.3,0,513,1149,575,554,-0.83
2009,Turkey,4.3,59.5,275.3,0,585,1198,558,471,0.00
2010,Turkey,4.54,62.0,276.3,0,621,1189,612,550,4.20
2011,Turkey,4.85,65.3,298.8,0,577,1182,662,740,5.32
2012,Turkey,5.15,68.4,314.4,0,613,1249,694,759,4.75
2013,Turkey,5.11,66.7,303.3,0,480,1302,706,795,-2.49
2014,Turkey,5.26,67.4,335.1,0,479,1279,740,823,1.05
2015,Turkey,5.78,72.6,341.4,0,503,1469,772,897,7.72
2016,Turkey,6.07,75.0,359.1,0,529,1569,821,913,3.31
2017,Turkey,6.43,78.4,397.1,0,530,1670,885,1053,4.53
2018,Turkey,6.36,76.8,390.8,0,446,1639,918,1045,-2.04
2019,Turkey,6.6,79.1,386.7,0,453,1659,912,1082,2.99
2020,Turkey,6.49,77.2,377.2,0,513,1671,931,1116,-2.40
2021,Turkey,6.96,82.1,412.6,0,538,1739,1017,1250,6.35
1990,Ukraine,11.5,222.9,761.9,0,1072,1786,740,1391,nan
1991,Ukraine,10.78,208.6,708.1,0,895,1845,723,1610,-6.42
1992,Ukraine,9.11,175.9,603.6,0,876,1217,688,1613,-15.68
1993,Ukraine,7.99,154.2,519.9,0,734,855,627,1363,-12.34
1994,Ukraine,6.83,132.6,431.7,0,562,786,541,1163,-14.01
1995,Ukraine,6.66,130.4,423.1,0,533,839,517,1183,-1.66
1996,Ukraine,6.21,122.6,366.5,0,458,503,465,1512,-5.98
1997,Ukraine,5.99,119.3,352.7,0,428,644,447,1287,-2.69
1998,Ukraine,5.78,116.1,341.0,0,425,588,426,1110,-2.68
1999,Ukraine,5.69,115.4,335.0,0,421,456,414,1256,-0.60
2000,Ukraine,5.71,116.8,335.9,0,418,443,409,1194,1.21
2001,Ukraine,5.63,116.2,329.3,0,437,495,388,1200,-0.51
2002,Ukraine,5.59,116.5,329.3,0,451,514,391,1189,0.26
2003,Ukraine,5.73,120.4,336.6,0,527,537,411,1172,3.35
2004,Ukraine,5.71,120.8,317.5,0,489,548,432,1430,0.33
2005,Ukraine,5.78,123.2,315.5,0,463,541,443,1447,1.99
2006,Ukraine,5.85,125.5,324.4,0,479,553,467,1410,1.87
2007,Ukraine,5.82,125.8,327.5,0,467,576,482,1469,0.24
2008,Ukraine,5.62,122.1,317.2,0,422,567,486,1430,-2.94
2009,Ukraine,4.79,104.4,272.4,0,315,503,430,1072,-14.50
2010,Ukraine,5.14,112.4,288.7,0,334,525,483,1189,7.66
2011,Ukraine,5.31,116.6,303.2,0,376,524,503,1222,3.74
2012,Ukraine,5.19,114.4,299.1,0,365,521,496,1114,-1.89
2013,Ukraine,4.93,108.8,286.5,0,361,496,495,1044,-4.90
2014,Ukraine,4.35,96.4,246.8,0,383,422,462,878,-11.40
2015,Ukraine,3.61,80.3,195.1,0,263,394,428,673,-16.70
2016,Ukraine,3.78,84.3,215.6,0,264,401,423,657,4.98
2017,Ukraine,3.51,78.6,187.9,0,221,412,423,627,-6.76
2018,Ukraine,3.64,82.0,198.7,0,268,434,427,626,4.33
2019,Ukraine,3.45,78.0,185.5,0,264,442,420,564,-4.88
2020,Ukraine,3.31,75.3,171.5,0,244,404,409,552,-3.46
2021,Ukraine,3.36,77.3,167.7,0,231,438,427,558,2.66
1990,United Kingdom,9.03,157.7,595.2,0,465,2564,988,1750,nan
1991,United Kingdom,9.22,160.6,605.5,0,468,2638,1012,1890,1.84
1992,United Kingdom,9.16,159.1,588.6,0,419,2637,1013,1846,-0.93
1993,United Kingdom,9.27,160.6,574.6,0,406,2687,1030,1882,0.94
1994,United Kingdom,9.16,158.3,561.4,0,373,2718,1023,1893,-1.43
1995,United Kingdom,9.19,158.4,558.8,0,304,2672,1061,1949,0.06
1996,United Kingdom,9.63,165.7,579.4,0,278,2736,1114,2174,4.61
1997,United Kingdom,9.47,162.3,559.9,0,259,2690,1120,2076,-2.05
1998,United Kingdom,9.55,163.2,560.2,0,228,2658,1136,2144,0.55
1999,United Kingdom,9.5,161.9,551.1,0,216,2686,1162,2120,-0.80
2000,United Kingdom,9.59,162.8,566.6,0,181,2620,1186,2195,0.56
2001,United Kingdom,9.69,163.8,577.3,0,189,2595,1198,2215,0.61
2002,United Kingdom,9.47,159.6,557.8,0,175,2591,1200,2116,-2.56
2003,United Kingdom,9.61,161.1,567.9,0,159,2630,1210,2169,0.94
2004,United Kingdom,9.69,161.5,575.7,0,148,2664,1220,2183,0.25
2005,United Kingdom,9.77,161.8,580.2,0,131,2646,1255,2113,0.19
2006,United Kingdom,9.64,158.6,583.1,0,138,2637,1243,2009,-1.98
2007,United Kingdom,9.38,153.1,572.4,0,142,2564,1230,1916,-3.47
2008,United Kingdom,9.21,149.2,562.5,0,151,2435,1233,1967,-2.55
2009,United Kingdom,8.75,140.5,513.5,0,124,2321,1157,1787,-5.83
2010,United Kingdom,8.93,142.3,527.8,0,127,2320,1180,1972,1.28
2011,United Kingdom,8.43,133.2,491.1,0,117,2230,1141,1636,-6.39
2012,United Kingdom,8.57,134.3,509.4,0,114,2190,1142,1784,0.83
2013,United Kingdom,8.54,132.8,497.5,0,135,2160,1135,1805,-1.12
2014,United Kingdom,8.06,124.5,456.2,0,133,2178,1086,1541,-6.25
2015,United Kingdom,8.19,125.6,439.1,0,121,2262,1087,1595,0.88
2016,United Kingdom,8.11,123.5,415.3,0,105,2324,1088,1639,-1.67
2017,United Kingdom,8.11,122.8,404.3,0,95,2351,1073,1605,-0.57
2018,United Kingdom,8.08,121.6,396.4,0,88,2308,1078,1641,-0.98
2019,United Kingdom,7.91,118.4,381.3,0,86,2236,1065,1614,-2.63
2020,United Kingdom,7.1,105.9,320.9,0,83,1878,1010,1580,-10.56
2021,United Kingdom,7.2,107.0,341.4,0,77,1972,1030,1694,1.04
1990,Israel,0.46,96.8,34.7,0,0,209,65,1,nan
1991,Israel,0.47,95.6,35.4,0,0,215,67,1,-1.24
1992,Israel,0.55,108.6,41.4,0,0,209,77,1,13.60
1993,Israel,0.6,114.9,44.5,0,0,244,82,1,5.80
1994,Israel,0.62,116.9,46.8,0,0,258,93,1,1.74
1995,Israel,0.7,128.3,52.2,0,0,289,100,1,9.75
1996,Israel,0.73,129.8,55.2,0,1,297,107,0,1.17
1997,Israel,0.8,138.7,59.3,0,0,309,109,0,6.86
1998,Israel,0.84,142.8,61.7,0,0,307,118,0,2.96
1999,Israel,0.87,144.9,63.7,0,0,310,125,0,1.47
2000,Israel,0.82,133.8,60.2,0,1,336,139,0,-7.66
2001,Israel,0.82,131.1,61.2,0,0,329,135,0,-2.02
2002,Israel,0.83,131.3,62.8,0,0,316,138,0,0.15
2003,Israel,0.86,132.8,64.6,0,0,331,144,0,1.14
2004,Israel,0.88,132.9,64.6,0,0,352,148,0,0.08
2005,Israel,0.88,131.3,64.9,0,0,317,153,0,-1.20
2006,Israel,0.89,129.7,65.6,0,0,332,158,0,-1.22
2007,Israel,0.92,132.2,67.4,0,0,350,167,0,1.93
2008,Israel,0.95,133.7,68.3,0,0,363,172,0,1.13
2009,Israel,0.92,127.7,66.0,0,0,368,164,7,-4.49
2010,Israel,0.96,130.4,67.9,0,0,396,175,3,2.11
2011,Israel,0.97,130.5,68.6,0,0,362,176,5,0.08
2012,Israel,1.02,134.2,74.2,0,0,377,186,7,2.84
2013,Israel,0.96,124.8,66.9,0,0,347,186,42,-7.00
2014,Israel,0.94,119.6,64.1,0,0,342,185,56,-4.17
2015,Israel,0.99,123.9,66.8,0,0,352,194,56,3.60
2016,Israel,1.01,124.1,66.1,0,0,362,200,46,0.16
2017,Israel,1.03,124.3,66.8,0,0,384,203,47,0.16
2018,Israel,1.05,124.2,67.0,0,1,370,207,53,-0.08
2019,Israel,1.09,126.3,69.2,0,1,365,216,65,1.69
2020,Israel,1.03,117.3,63.0,0,1,340,216,53,-7.13
2021,Israel,1.04,117.3,62.9,0,1,350,219,45,0.00
1990,Egypt,1.41,24.6,86.6,0,15,681,130,101,nan
1991,Egypt,1.43,24.3,87.1,0,18,644,137,103,-1.22
1992,Egypt,1.41,23.6,85.6,0,18,670,140,108,-2.88
1993,Egypt,1.41,23.0,84.4,0,22,680,147,130,-2.54
1994,Egypt,1.49,23.7,88.2,0,19,633,153,120,3.04
1995,Egypt,1.58,24.6,93.6,0,16,701,160,129,3.80
1996,Egypt,1.66,25.3,99.7,0,17,748,177,132,2.85
1997,Egypt,1.73,25.8,103.7,0,17,801,189,139,1.98
1998,Egypt,1.8,26.3,108.3,0,18,814,204,154,1.94
1999,Egypt,1.93,27.6,114.0,0,16,845,219,182,4.94
2000,Egypt,2.05,28.7,122.0,0,19,848,233,166,3.99
2001,Egypt,2.14,29.3,119.9,0,18,870,249,224,2.09
2002,Egypt,2.2,29.5,125.2,0,19,887,267,294,0.68
2003,Egypt,2.33,30.6,131.9,0,20,889,287,260,3.73
2004,Egypt,2.46,31.7,140.1,0,20,947,306,176,3.59
2005,Egypt,2.52,31.8,144.2,0,20,973,332,380,0.32
2006,Egypt,2.65,32.9,150.0,0,18,1000,354,453,3.46
2007,Egypt,2.82,34.4,159.4,0,17,1074,384,559,4.56
2008,Egypt,2.99,35.7,168.1,0,15,1108,402,537,3.78
2009,Egypt,3.1,36.3,176.1,0,13,1182,428,463,1.68
2010,Egypt,3.22,36.9,184.2,0,15,1230,451,459,1.65
2011,Egypt,3.38,37.9,192.5,0,11,1245,495,492,2.71
2012,Egypt,3.51,38.5,199.6,0,10,1260,505,501,1.58
2013,Egypt,3.49,37.3,201.3,0,10,1201,517,497,-3.12
2014,Egypt,3.44,36.0,200.0,0,9,1262,528,381,-3.49
2015,Egypt,3.5,35.8,203.0,0,8,1258,561,438,-0.56
2016,Egypt,3.69,37.0,215.4,0,43,1301,548,461,3.35
2017,Egypt,3.84,37.7,220.3,0,83,1246,567,562,1.89
2018,Egypt,3.84,37.0,216.6,0,114,1245,546,589,-1.86
2019,Egypt,3.77,35.7,208.7,0,81,1131,533,586,-3.51
2020,Egypt,3.54,33.0,203.3,0,59,1140,551,567,-7.56
2021,Egypt,3.79,34.7,219.5,0,90,1176,569,597,5.15
1990,Morocco,0.3,12.1,21.3,0,15,150,29,2,nan
1991,Morocco,0.3,12.1,21.5,0,20,159,31,1,0.00
1992,Morocco,0.34,13.3,24.2,0,15,180,34,1,9.92
1993,Morocco,0.34,13.2,25.2,0,13,180,35,1,-0.75
1994,Morocco,0.38,14.4,27.3,0,13,199,37,1,9.09
1995,Morocco,0.37,13.9,27.1,0,7,202,38,0,-3.47
1996,Morocco,0.39,14.3,27.6,0,22,203,39,1,2.88
1997,Morocco,0.4,14.6,28.4,0,18,217,42,1,2.10
1998,Morocco,0.41,14.8,29.9,0,14,227,44,1,1.37
1999,Morocco,0.43,15.1,31.5,0,18,240,41,1,2.03
2000,Morocco,0.42,14.8,31.6,0,22,238,46,2,-1.99
2001,Morocco,0.46,15.8,34.4,0,26,244,48,2,6.76
2002,Morocco,0.47,16.0,35.4,0,25,247,51,2,1.27
2003,Morocco,0.47,15.8,34.7,0,14,254,55,1,-1.25
2004,Morocco,0.53,17.8,40.1,0,1,303,59,2,12.66
2005,Morocco,0.58,19.1,43.9,0,1,316,64,1,7.30
2006,Morocco,0.59,19.2,44.6,0,1,328,69,2,0.52
2007,Morocco,0.59,18.8,43.9,0,1,346,73,2,-2.08
2008,Morocco,0.65,20.5,48.7,0,2,374,78,2,9.04
2009,Morocco,0.63,19.7,45.3,0,1,395,80,2,-3.90
2010,Morocco,0.7,21.6,49.2,0,1,404,85,2,9.64
2011,Morocco,0.74,22.4,53.0,0,1,431,92,2,3.70
2012,Morocco,0.75,22.5,54.1,0,0,437,98,3,0.45
2013,Morocco,0.77,22.8,54.4,0,1,450,101,2,1.33
2014,Morocco,0.78,22.8,56.6,0,1,443,105,4,0.00
2015,Morocco,0.8,22.9,56.8,0,1,463,108,3,0.44
2016,Morocco,0.8,22.9,57.2,0,1,471,112,3,0.00
2017,Morocco,0.84,23.7,60.2,0,1,497,117,3,3.49
2018,Morocco,0.87,24.2,61.8,0,1,504,117,3,2.11
2019,Morocco,0.95,26.2,67.9,0,1,523,121,3,8.26
2020,Morocco,0.87,23.6,62.1,0,1,481,118,3,-9.92
2021,Morocco,0.97,26.1,69.6,0,1,525,124,3,10.59
1990,South Africa,3.71,93.0,324.9,0,684,631,499,0,nan
1991,South Africa,3.68,90.0,319.2,0,651,630,496,0,-3.23
1992,South Africa,3.7,88.5,327.2,0,591,621,458,0,-1.67
1993,South Africa,3.69,86.8,329.6,0,594,591,472,0,-1.92
1994,South Africa,3.85,89.0,340.3,0,601,615,491,0,2.53
1995,South Africa,4.02,91.5,351.2,0,658,670,508,0,2.81
1996,South Africa,4.1,91.9,357.3,0,685,673,601,0,0.44
1997,South Africa,4.2,92.7,365.1,0,723,682,630,0,0.87
1998,South Africa,4.12,89.9,357.6,0,727,688,612,0,-3.02
1999,South Africa,4.26,91.9,370.1,0,658,688,601,0,2.22
2000,South Africa,4.27,91.2,371.6,0,667,668,627,0,-0.76
2001,South Africa,4.29,90.8,376.5,0,639,678,601,0,-0.44
2002,South Africa,4.18,87.7,366.6,0,700,691,645,0,-3.41
2003,South Africa,4.53,94.1,399.8,0,746,731,669,0,7.30
2004,South Africa,4.94,101.8,439.1,0,803,765,678,0,8.18
2005,South Africa,4.68,95.4,421.7,0,788,791,695,0,-6.29
2006,South Africa,4.77,96.5,430.9,0,770,815,717,0,1.15
2007,South Africa,4.9,98.1,441.0,0,773,955,752,0,1.66
2008,South Africa,5.25,103.9,476.0,0,808,956,727,0,5.91
2009,South Africa,5.23,102.2,474.4,0,973,925,693,0,-1.64
2010,South Africa,5.27,101.7,474.9,0,645,931,730,34,-0.49
2011,South Africa,5.2,99.2,466.3,0,572,1005,737,73,-2.46
2012,South Africa,5.12,96.4,462.1,0,676,998,712,72,-2.82
2013,South Africa,5.14,95.5,462.8,0,749,1056,708,71,-0.93
2014,South Africa,5.2,95.1,467.2,0,777,1026,704,71,-0.42
2015,South Africa,5.1,91.3,455.1,0,683,1064,689,73,-4.00
2016,South Africa,5.33,94.5,473.9,0,671,1020,736,71,3.50
2017,South Africa,5.31,93.7,470.0,0,775,1122,732,77,-0.85
2018,South Africa,5.11,89.1,451.9,0,753,1096,734,69,-4.91
2019,South Africa,5.33,91.8,474.1,0,639,1043,717,76,3.03
2020,South Africa,4.99,84.8,446.5,0,607,937,681,74,-7.63
2021,South Africa,5.0,84.2,438.7,0,611,1012,696,79,-0.71
1990,Australia,3.72,218.1,274.9,0,191,1214,465,362,nan
1991,Australia,3.69,213.7,274.8,0,194,1182,474,365,-2.02
1992,Australia,3.75,214.9,278.7,0,195,1204,479,372,0.56
1993,Australia,3.83,217.3,283.3,0,199,1237,493,381,1.12
1994,Australia,3.98,223.5,293.3,0,198,1267,506,398,2.85
1995,Australia,4.16,230.8,307.7,0,195,1314,522,418,3.27
1996,Australia,4.28,234.9,318.1,0,186,1361,536,425,1.78
1997,Australia,4.38,238.0,327.9,0,197,1379,554,432,1.32
1998,Australia,4.49,241.2,337.4,0,189,1386,587,446,1.34
1999,Australia,4.67,248.4,353.0,0,184,1406,607,455,2.99
2000,Australia,4.7,247.1,355.1,0,176,1454,622,477,-0.52
2001,Australia,4.74,246.0,356.8,0,165,1439,649,503,-0.45
2002,Australia,4.83,248.0,363.4,0,126,1417,688,495,0.81
2003,Australia,4.9,248.7,369.8,0,145,1479,666,529,0.28
2004,Australia,5.06,253.8,382.9,0,151,1526,682,539,2.05
2005,Australia,5.08,251.7,382.9,0,163,1530,681,516,-0.83
2006,Australia,5.3,258.7,398.4,0,149,1556,693,516,2.78
2007,Australia,5.42,260.3,406.7,0,149,1583,726,536,0.62
2008,Australia,5.51,259.5,417.4,0,153,1619,729,539,-0.31
2009,Australia,5.43,250.9,408.8,0,143,1601,755,506,-3.31
2010,Australia,5.43,246.7,402.0,0,106,1653,763,515,-1.67
2011,Australia,5.61,251.0,407.4,0,104,1726,770,522,1.74
2012,Australia,5.53,243.3,398.7,0,101,1784,761,522,-3.07
2013,Australia,5.6,242.3,395.6,0,99,1801,761,544,-0.41
2014,Australia,5.64,240.3,399.2,0,102,1804,755,559,-0.83
2015,Australia,5.77,242.0,407.6,0,98,1750,768,550,0.71
2016,Australia,5.78,239.1,406.2,0,113,1770,774,522,-1.20
2017,Australia,5.77,234.5,404.5,0,112,1789,767,516,-1.92
2018,Australia,5.85,234.3,402.7,0,122,1836,774,516,-0.09
2019,Australia,6.05,238.5,407.2,0,120,1814,779,505,1.79
2020,Australia,5.71,222.6,377.0,0,112,1717,780,516,-6.67
2021,Australia,5.73,221.2,370.4,0,113,1710,779,527,-0.63
1990,China,28.58,24.8,2308.8,0,13038,3431,1634,371,nan
1991,China,30.02,25.6,2440.0,0,13250,3792,1887,378,3.23
1992,China,31.59,26.7,2562.8,0,13228,4101,2093,354,4.30
1993,China,34.05,28.5,2769.6,0,13658,4482,2315,362,6.74
1994,China,36.18,30.0,2921.4,0,13847,4703,2589,375,5.26
1995,China,37.27,30.6,3009.2,0,15020,5228,2760,380,2.00
1996,China,39.27,32.0,3156.7,0,13186,5660,3004,466,4.58
1997,China,39.53,31.9,3142.3,0,13377,6323,3109,403,-0.31
1998,China,39.6,31.8,3139.8,0,13441,6437,3228,431,-0.31
1999,China,40.99,32.6,3268.5,0,11656,6943,3422,454,2.52
2000,China,42.48,33.6,3328.0,0,11491,7457,3732,518,3.07
2001,China,44.89,35.3,3489.7,0,11977,7620,4057,616,5.06
2002,China,48.89,38.2,3809.3,0,12421,8283,4511,651,8.22
2003,China,56.95,44.2,4494.1,0,14214,9202,5322,822,15.71
2004,China,66.63,51.4,5317.2,0,17938,10839,6190,1046,16.29
2005,China,75.7,58.0,6079.3,0,22539,11306,7181,1218,12.84
2006,China,82.97,63.2,6660.0,0,23893,12238,8344,1458,8.97
2007,China,90.18,68.2,7217.1,0,25262,13012,9649,1802,7.91
2008,China,93.67,70.4,7356.6,0,26676,13377,10242,2079,3.23
2009,China,97.77,73.0,7685.0,0,28311,13855,11036,2158,3.69
2010,China,104.6,77.6,8121.7,0,29804,15315,12423,3069,6.30
2011,China,112.81,83.1,8793.5,0,31716,16076,13905,3168,7.09
2012,China,117.45,85.9,8977.6,0,32241,17052,14861,3580,3.37
2013,China,121.87,88.6,9214.1,0,32289,18053,16199,4028,3.14
2014,China,125.03,90.3,9235.5,0,32372,18836,17406,4424,1.92
2015,China,126.49,90.8,9171.3,0,31805,20154,17536,4406,0.55
2016,China,127.0,90.6,9014.6,0,29864,20771,18573,4769,-0.22
2017,China,131.94,93.6,9270.3,0,27237,21639,20281,5509,3.31
2018,China,138.3,97.6,9610.7,0,25268,23464,22241,6660,4.27
2019,China,144.74,101.8,9933.7,0,24041,23789,23483,7549,4.30
2020,China,149.45,104.9,10130.9,0,23645,24259,24582,8220,3.05
2021,China,157.94,110.8,10563.5,0,22704,25825,27292,9337,5.62
1990,India,8.28,9.5,602.1,0,1601,2100,762,255,nan
1991,India,8.74,9.8,634.9,0,1688,2182,835,260,3.16
1992,India,9.19,10.1,671.9,0,1667,2258,891,320,3.06
1993,India,9.42,10.2,694.0,0,1578,2343,958,322,0.99
1994,India,9.93,10.5,724.8,0,1665,2546,1042,342,2.94
1995,India,10.67,11.1,773.4,0,1528,2874,1115,370,5.71
1996,India,11.09,11.3,812.5,0,1519,3042,1134,384,1.80
1997,India,11.71,11.7,855.0,0,1655,3218,1204,445,3.54
1998,India,12.42,12.2,895.7,0,1468,3406,1264,447,4.27
1999,India,12.78,12.3,914.3,0,1461,3654,1294,459,0.82
2000,India,13.42,12.7,959.8,0,1388,3955,1323,490,3.25
2001,India,13.48,12.5,968.6,0,1384,3892,1344,474,-1.57
2002,India,13.92,12.7,1008.6,0,1520,4047,1432,496,1.60
2003,India,14.41,12.9,1049.4,0,1464,4185,1523,527,1.57
2004,India,15.65,13.8,1112.1,0,1632,4340,1621,535,6.98
2005,India,16.57,14.4,1200.2,0,1843,4445,1736,578,4.35
2006,India,17.46,14.9,1251.9,0,1984,4758,1932,613,3.47
2007,India,18.95,15.9,1362.7,0,2200,5140,2096,677,6.71
2008,India,20.05,16.6,1462.0,0,2642,5390,2210,691,4.40
2009,India,21.55,17.6,1588.5,0,3119,5598,2374,722,6.02
2010,India,22.48,18.1,1640.0,0,3645,5783,2584,781,2.84
2011,India,23.71,18.9,1706.4,0,3872,6090,2786,1009,4.42
2012,India,24.99,19.6,1825.5,0,3739,6427,2963,1101,3.70
2013,India,25.82,20.0,1892.6,0,4026,6476,3104,1114,2.04
2014,India,27.56,21.1,2042.1,0,4268,6768,3472,1102,5.50
2015,India,28.52,21.6,2109.8,0,4056,7520,3665,1191,2.37
2016,India,29.8,22.3,2207.2,0,4026,7896,3898,1284,3.24
2017,India,30.94,22.8,2283.8,0,4256,8357,4121,1330,2.24
2018,India,32.69,23.9,2381.7,0,4428,8662,4425,1357,4.82
2019,India,33.52,24.2,2407.3,0,4237,8715,4566,1437,1.26
2020,India,31.76,22.7,2237.5,0,4000,8089,4190,1389,-6.20
2021,India,34.51,24.5,2464.7,0,4472,8581,4344,1579,7.93
1990,Indonesia,2.16,11.8,132.4,0,62,1050,102,252,nan
1991,Indonesia,2.35,12.6,143.2,0,68,1099,113,250,6.78
1992,Indonesia,2.58,13.6,157.0,0,73,1166,126,266,7.94
1993,Indonesia,2.75,14.3,169.1,0,77,1252,140,277,5.15
1994,Indonesia,2.88,14.7,176.6,0,83,1379,161,313,2.80
1995,Indonesia,3.13,15.7,193.4,0,89,1592,179,303,6.80
1996,Indonesia,3.36,16.6,205.6,0,83,1712,205,318,5.73
1997,Indonesia,3.65,17.7,230.5,0,87,1791,232,351,6.63
1998,Indonesia,3.58,17.2,228.5,0,96,1743,235,318,-2.82
1999,Indonesia,3.91,18.5,247.0,0,144,1900,257,435,7.56
2000,Indonesia,4.19,19.5,264.1,0,191,1923,285,484,5.41
2001,Indonesia,4.49,20.6,286.8,0,196,1995,304,516,5.64
2002,Indonesia,4.61,20.8,294.6,0,204,1935,314,541,0.97
2003,Indonesia,5.0,22.4,332.1,0,359,1946,326,523,7.69
2004,Indonesia,4.95,21.9,323.0,0,291,2164,360,562,-2.23
2005,Indonesia,5.1,22.3,333.0,0,346,2094,388,571,1.83
2006,Indonesia,5.18,22.4,352.2,0,469,2014,408,641,0.45
2007,Indonesia,5.56,23.7,383.2,0,641,2036,438,462,5.80
2008,Indonesia,5.63,23.6,378.8,0,395,2076,464,515,-0.42
2009,Indonesia,5.78,24.0,388.4,0,435,2150,490,646,1.69
2010,Indonesia,6.26,25.6,422.4,0,719,2154,530,664,6.67
2011,Indonesia,6.61,26.7,454.0,0,758,2564,569,706,4.30
2012,Indonesia,6.82,27.3,470.1,0,561,2904,627,731,2.25
2013,Indonesia,6.59,26.0,442.6,0,194,2932,676,731,-4.76
2014,Indonesia,6.67,26.0,451.0,0,272,2944,716,729,0.00
2015,Indonesia,6.78,26.2,467.7,0,346,2883,731,722,0.77
2016,Indonesia,6.8,26.0,462.1,0,403,2644,778,610,-0.76
2017,Indonesia,7.04,26.6,481.2,0,399,2811,804,647,2.31
2018,Indonesia,7.72,28.9,520.0,0,616,3001,960,698,8.65
2019,Indonesia,8.22,30.5,562.7,0,1028,2902,973,692,5.54
2020,Indonesia,7.61,28.0,512.9,0,848,2581,992,703,-8.20
2021,Indonesia,7.76,28.3,519.6,0,881,2647,1030,689,1.07
1990,Japan,18.79,151.9,1084.1,0,1134,7514,2753,570,nan
1991,Japan,19.21,154.8,1100.8,0,1120,7631,2837,614,1.91
1992,Japan,19.41,156.0,1113.3,0,1080,7737,2864,645,0.78
1993,Japan,19.7,157.9,1107.5,0,1054,7829,2889,690,1.22
1994,Japan,20.44,163.4,1171.5,0,1016,8068,3077,704,3.48
1995,Japan,21.49,171.3,1187.5,0,1031,8400,3138,761,4.83
1996,Japan,21.9,174.2,1208.6,0,1010,8490,3209,786,1.69
1997,Japan,22.32,177.1,1207.6,0,986,8471,3246,805,1.66
1998,Japan,21.88,173.2,1175.8,0,853,8326,3280,811,-2.20
1999,Japan,22.23,175.7,1208.0,0,825,8605,3355,855,1.44
2000,Japan,22.47,177.2,1230.0,0,875,8533,3502,893,0.85
2001,Japan,22.26,175.2,1223.6,0,857,8457,3443,893,-1.13
2002,Japan,22.29,175.1,1234.4,0,872,8476,3506,944,-0.06
2003,Japan,22.21,174.2,1274.3,0,910,8320,3483,974,-0.51
2004,Japan,22.47,176.0,1258.4,0,911,8329,3604,1028,1.03
2005,Japan,22.55,176.4,1291.6,0,952,8178,3689,1103,0.23
2006,Japan,22.5,175.9,1269.0,0,965,7941,3705,1222,-0.28
2007,Japan,22.25,173.9,1282.6,0,989,7616,3821,1297,-1.14
2008,Japan,21.86,170.7,1293.0,0,930,6966,3679,1244,-1.84
2009,Japan,19.95,155.7,1124.1,0,856,6962,3560,1183,-8.79
2010,Japan,21.27,166.0,1195.9,0,957,6929,3728,1213,6.62
2011,Japan,20.14,157.4,1207.5,0,956,6773,3588,1249,-5.18
2012,Japan,19.99,156.3,1293.8,0,952,6666,3569,1229,-0.70
2013,Japan,19.84,155.4,1282.2,0,951,6742,3562,1207,-0.58
2014,Japan,19.34,151.7,1248.7,0,924,6482,3505,1192,-2.38
2015,Japan,19.07,149.8,1209.1,0,909,6435,3418,1202,-1.25
2016,Japan,18.82,148.2,1189.2,0,883,6301,3423,1186,-1.07
2017,Japan,19.05,150.4,1182.7,0,909,6309,3473,1239,1.48
2018,Japan,18.95,150.1,1161.5,0,888,6129,3404,1218,-0.20
2019,Japan,18.51,147.1,1120.6,0,867,5973,3338,1224,-2.00
2020,Japan,17.15,136.9,1031.8,0,787,5551,3289,1128,-6.93
2021,Japan,17.94,144.0,1066.6,0,843,5510,3355,1182,5.19
1990,New Zealand,0.67,197.6,25.2,0,28,169,103,75,nan
1991,New Zealand,0.68,196.7,25.7,0,28,164,105,83,-0.46
1992,New Zealand,0.69,194.1,27.3,0,25,176,103,82,-1.32
1993,New Zealand,0.71,197.7,26.8,0,29,176,106,84,1.85
1994,New Zealand,0.75,205.9,27.7,0,28,192,109,90,4.15
1995,New Zealand,0.77,210.6,28.0,0,25,202,111,99,2.28
1996,New Zealand,0.78,210.5,29.0,0,24,203,113,111,-0.05
1997,New Zealand,0.78,207.9,31.1,0,24,208,118,109,-1.24
1998,New Zealand,0.78,206.0,29.8,0,23,207,117,103,-0.91
1999,New Zealand,0.79,206.5,31.0,0,21,213,121,113,0.24
2000,New Zealand,0.83,214.4,31.6,0,21,222,123,126,3.83
2001,New Zealand,0.82,210.5,33.9,0,26,220,126,119,-1.82
2002,New Zealand,0.85,214.5,33.8,0,26,230,128,124,1.90
2003,New Zealand,0.82,204.2,36.0,0,32,240,129,78,-4.80
2004,New Zealand,0.84,207.0,35.2,0,25,248,134,85,1.37
2005,New Zealand,0.82,199.3,37.3,0,24,250,136,56,-3.72
2006,New Zealand,0.83,198.3,37.2,0,25,252,140,56,-0.50
2007,New Zealand,0.83,195.7,36.0,0,27,254,141,56,-1.31
2008,New Zealand,0.83,194.4,37.0,0,28,255,139,57,-0.66
2009,New Zealand,0.83,192.0,34.1,0,23,245,140,71,-1.23
2010,New Zealand,0.85,194.8,34.0,0,25,247,144,74,1.46
2011,New Zealand,0.85,194.0,33.9,0,23,246,143,71,-0.41
2012,New Zealand,0.86,194.1,35.4,0,25,244,142,81,0.05
2013,New Zealand,0.86,193.8,35.1,0,27,248,140,94,-0.15
2014,New Zealand,0.9,199.9,35.0,0,25,254,143,126,3.15
2015,New Zealand,0.91,197.8,35.4,0,26,260,144,113,-1.05
2016,New Zealand,0.92,196.6,34.6,0,24,268,142,122,-0.61
2017,New Zealand,0.94,197.1,36.7,0,24,278,141,117,0.25
2018,New Zealand,0.93,192.3,36.6,0,27,281,141,104,-2.44
2019,New Zealand,0.95,191.7,38.0,0,25,291,143,118,-0.31
2020,New Zealand,0.86,170.6,33.1,0,22,257,140,109,-11.01
2021,New Zealand,0.85,165.3,32.5,0,22,270,140,94,-3.11
1990,Singapore,0.98,325.3,69.6,0,1,159,47,3,nan
1991,Singapore,1.0,321.1,71.2,0,1,164,49,3,-1.29
1992,Singapore,1.07,333.0,76.3,0,1,148,51,3,3.71
1993,Singapore,1.17,352.2,83.1,0,1,151,56,3,5.77
1994,Singapore,1.34,390.6,95.7,0,1,162,61,3,10.90
1995,Singapore,1.4,395.1,98.6,0,0,184,66,3,1.15
1996,Singapore,1.41,386.9,98.4,0,0,183,71,4,-2.08
1997,Singapore,1.49,395.2,102.4,0,0,263,80,4,2.15
1998,Singapore,1.51,389.7,101.2,0,0,226,86,4,-1.39
1999,Singapore,1.49,376.0,100.0,0,0,215,91,4,-3.52
2000,Singapore,1.59,393.4,107.1,0,0,245,98,4,4.63
2001,Singapore,1.8,437.4,117.5,0,0,268,100,5,11.18
2002,Singapore,1.74,415.6,111.8,0,0,326,106,5,-4.98
2003,Singapore,1.64,386.9,103.7,0,0,364,108,13,-6.91
2004,Singapore,1.83,429.3,116.2,0,0,412,111,18,10.96
2005,Singapore,1.93,444.8,127.3,0,0,415,128,21,3.61
2006,Singapore,2.13,474.2,140.3,0,0,425,132,21,6.61
2007,Singapore,2.29,490.5,151.4,0,0,463,138,23,3.44
2008,Singapore,2.44,504.2,163.4,0,0,332,140,25,2.79
2009,Singapore,2.62,523.3,176.7,0,0,373,140,33,3.79
2010,Singapore,2.78,539.1,185.4,0,0,445,152,43,3.02
2011,Singapore,2.89,547.1,192.6,0,0,485,155,45,1.48
2012,Singapore,2.9,538.1,191.7,0,1,467,159,42,-1.65
2013,Singapore,2.92,533.9,191.3,0,5,492,162,49,-0.78
2014,Singapore,2.98,535.3,190.8,0,7,525,167,51,0.26
2015,Singapore,3.16,559.7,202.3,0,7,559,171,51,4.56
2016,Singapore,3.34,584.1,216.8,0,7,513,175,51,4.36
2017,Singapore,3.42,593.3,227.5,0,25,516,179,54,1.58
2018,Singapore,3.42,588.7,222.8,0,8,518,182,56,-0.78
2019,Singapore,3.35,571.2,215.1,0,8,535,186,56,-2.97
2020,Singapore,3.28,555.3,210.9,0,8,496,183,62,-2.78
2021,Singapore,3.28,551.9,213.3,0,8,519,193,65,-0.61
1990,Thailand,1.27,23.1,89.4,0,56,634,138,6,nan
1991,Thailand,1.41,25.1,99.1,0,65,657,156,8,8.66
1992,Thailand,1.54,27.0,108.7,0,72,718,177,11,7.57
1993,Thailand,1.75,30.2,122.5,0,106,821,203,13,11.85
1994,Thailand,1.96,33.5,137.3,0,130,942,225,18,10.93
1995,Thailand,2.22,37.3,154.1,0,153,1046,256,24,11.34
1996,Thailand,2.51,41.6,172.0,0,186,1192,278,30,11.53
1997,Thailand,2.64,43.3,178.8,0,167,1216,297,31,4.09
1998,Thailand,2.43,39.4,162.5,0,135,1092,290,29,-9.01
1999,Thailand,2.58,41.3,168.6,0,159,1201,293,36,4.82
2000,Thailand,2.67,42.4,169.7,0,149,1225,317,46,2.66
2001,Thailand,2.82,44.3,176.7,0,180,1276,332,53,4.48
2002,Thailand,3.05,47.5,187.9,0,206,1446,361,67,7.22
2003,Thailand,3.28,50.7,197.3,0,205,1585,385,88,6.74
2004,Thailand,3.56,54.6,216.2,0,244,1711,414,90,7.69
2005,Thailand,3.68,55.9,223.9,0,284,1675,436,78,2.38
2006,Thailand,3.76,56.6,225.8,0,314,1679,460,86,1.25
2007,Thailand,3.89,58.1,234.5,0,271,1688,479,100,2.65
2008,Thailand,3.88,57.7,235.8,0,326,1598,488,121,-0.69
2009,Thailand,3.99,58.8,235.9,0,330,1689,487,182,1.91
2010,Thailand,4.25,62.3,248.8,0,386,1798,538,192,5.95
2011,Thailand,4.36,63.5,249.3,0,314,1860,535,244,1.93
2012,Thailand,4.68,67.7,266.7,0,328,1970,582,255,6.61
2013,Thailand,4.71,67.7,265.8,0,307,2123,592,298,0.00
2014,Thailand,4.86,69.5,273.7,0,268,2120,608,312,2.66
2015,Thailand,4.98,70.8,281.1,0,342,2147,627,300,1.87
2016,Thailand,5.08,71.9,286.8,0,255,2240,666,301,1.55
2017,Thailand,5.17,73.0,287.5,0,314,2257,667,294,1.53
2018,Thailand,5.33,75.0,293.2,0,289,2296,677,306,2.74
2019,Thailand,5.34,74.9,288.4,0,328,2307,695,296,-0.13
2020,Thailand,4.97,69.5,273.1,0,356,2247,674,222,-7.21
2021,Thailand,5.01,69.9,270.3,0,338,2235,686,225,0.58
