Primary energy: Consumption per capita*,,,,,,,,,Contents,,,,,,,,,,,,,,,,,,,,,,,,,,,,,,,,,,,,,,,,,,,,,,,,,,,,
,,,,,,,,,,,,,,,,,,,,,,,,,,,,,,,,,,,,,,,,,,,,,,,,,,,,,,,,,,,Growth rate per annum,,
Gigajoule per capita,1965,1966,1967,1968,1969,1970,1971,1972,1973,1974,1975,1976,1977,1978,1979,1980,1981,1982,1983,1984,1985,1986,1987,1988,1989,1990,1991,1992,1993,1994,1995,1996,1997,1998,1999,2000,2001,2002,2003,2004,2005,2006,2007,2008,2009,2010,2011,2012,2013,2014,2015,2016,2017,2018,2019,2020,2021,2022,2022,2012-22,
,,,,,,,,,,,,,,,,,,,,,,,,,,,,,,,,,,,,,,,,,,,,,,,,,,,,,,,,,,,,,
Canada,254.0,265.4,272.8,285.7,298.7,313.8,317.0,336.0,360.4,366.7,356.2,368.1,384.9,388.2,395.4,398.3,391.1,375.0,369.1,389.0,398.0,397.7,405.5,415.8,413.2,391.6,388.2,393.9,399.3,410.1,415.7,422.6,420.6,411.0,420.5,428.0,414.8,424.5,422.5,425.1,423.9,417.4,429.0,419.3,398.4,397.7,408.4,405.3,410.6,407.5,406.4,396.7,397.8,396.2,388.7,361.8,362.7,367.8,1.4%,-1.0%,
Mexico,24.7,25.3,25.0,26.3,28.0,28.9,29.5,31.6,33.0,35.3,36.5,37.7,38.7,42.2,45.4,48.2,52.1,53.2,51.6,52.9,54.5,52.0,52.8,52.3,54.3,58.1,58.6,58.6,57.6,59.7,57.6,58.1,58.4,59.8,59.7,62.3,60.8,61.4,61.2,63.8,69.0,69.0,68.8,70.7,68.6,67.9,70.0,69.7,68.8,67.5,66.0,66.7,67.3,65.8,64.5,59.0,63.1,68.4,8.5%,-0.2%,
US,274.0,286.1,293.1,307.5,319.9,327.2,329.8,342.3,353.2,341.3,329.2,344.0,349.2,352.9,352.5,334.8,321.3,305.0,300.8,313.0,309.0,308.8,316.0,327.1,331.4,328.0,323.1,323.2,325.4,327.0,329.8,336.8,335.0,333.0,334.8,338.4,326.8,328.3,326.2,329.4,326.4,320.6,321.8,311.0,293.0,300.2,295.1,284.8,290.0,290.6,285.5,283.0,281.8,290.1,286.2,263.7,277.2,283.5,2.3%,0.0%,
Total North America,230.2,239.5,244.4,255.5,265.1,271.0,272.5,282.6,291.7,283.0,272.7,283.6,287.8,290.6,290.6,278.2,268.4,255.5,251.3,261.2,259.1,258.0,263.5,271.6,274.6,271.3,267.4,267.6,269.0,271.1,272.7,277.8,276.3,274.2,275.9,279.3,269.8,271.4,269.5,272.3,271.1,266.6,268.0,260.2,245.8,250.4,247.9,240.4,244.0,243.7,239.6,237.3,236.6,241.7,238.1,219.5,229.6,235.6,2.6%,-0.2%,
,,,,,,,,,,,,,,,,,,,,,,,,,,,,,,,,,,,,,,,,,,,,,,,,,,,,,,,,,,,,,
Argentina,53.6,54.5,55.2,56.2,57.2,53.4,55.7,55.5,57.0,58.3,56.0,57.9,59.5,58.6,61.9,60.6,57.9,58.1,59.5,58.8,57.2,59.6,61.3,61.4,58.4,56.6,56.7,60.0,61.1,63.5,64.7,66.8,66.8,68.4,68.4,67.9,65.6,62.2,66.0,69.3,72.8,75.7,78.2,78.4,75.4,77.4,78.8,81.0,83.3,82.4,83.0,81.8,81.0,79.8,74.6,69.5,76.8,79.2,3.1%,-0.2%,
Brazil,11.7,12.4,12.5,13.9,14.8,16.9,18.4,20.5,23.6,25.7,26.5,28.3,29.5,31.9,34.0,33.9,32.5,33.4,33.0,34.4,36.1,37.3,37.6,38.0,38.3,37.4,38.0,37.9,39.0,40.2,42.1,43.9,46.0,46.9,46.8,48.2,46.4,46.9,47.2,48.9,49.7,50.5,53.2,54.9,54.0,58.4,59.9,61.1,62.0,63.1,61.7,59.7,59.8,59.5,60.1,57.3,60.0,62.3,3.8%,0.2%,
Chile,29.0,30.5,30.6,29.9,31.7,32.9,35.0,35.1,33.4,33.0,29.4,30.0,31.0,31.7,33.0,33.6,33.3,30.7,31.4,32.2,32.1,32.8,33.9,37.3,40.5,42.0,46.4,50.7,52.8,54.6,58.0,60.6,68.3,67.6,69.5,72.1,72.7,73.6,73.2,77.4,79.5,81.5,80.6,79.8,75.8,77.1,80.9,83.6,85.1,83.4,83.4,86.4,88.3,90.1,89.6,82.5,88.1,91.2,3.6%,0.9%,
Colombia,19.2,21.0,21.6,21.8,21.5,23.0,22.2,25.0,23.7,25.9,23.9,24.4,24.7,25.4,25.8,26.2,26.0,26.1,26.9,26.7,26.9,27.6,29.6,28.9,29.8,27.9,28.0,28.5,30.4,32.3,32.4,33.1,33.0,32.9,30.1,28.8,28.6,28.2,28.3,29.3,28.5,32.5,32.6,33.6,32.8,34.1,35.3,37.1,37.8,39.4,36.9,41.2,40.9,40.8,40.4,36.2,40.1,42.3,5.4%,1.3%,
Ecuador,5.8,6.0,6.3,7.2,7.4,8.6,9.2,9.3,9.7,11.0,10.9,11.6,13.5,13.7,13.9,17.2,18.6,19.9,19.0,20.6,23.7,24.2,24.4,27.5,27.7,27.9,30.1,29.3,29.8,31.8,29.5,33.0,36.1,35.7,32.0,29.7,29.6,28.7,28.9,30.3,31.6,32.8,33.9,35.6,34.1,37.3,38.9,40.4,41.1,42.5,41.8,41.0,42.0,43.6,43.8,37.3,42.9,43.7,1.9%,0.8%,
Peru,16.8,19.9,19.7,19.5,19.1,19.2,19.6,17.1,18.9,21.2,21.8,21.7,21.4,20.8,21.1,22.0,22.5,22.2,18.9,19.5,18.7,19.7,21.0,20.0,18.0,17.4,16.9,16.1,17.3,18.4,19.6,19.9,19.1,19.4,19.6,19.9,19.5,19.7,19.2,20.3,20.9,21.0,22.7,24.3,24.6,27.7,30.4,31.1,31.5,31.9,33.0,34.6,34.6,35.6,35.8,30.1,33.9,35.4,4.5%,1.3%,
Trinidad & Tobago,130.4,136.6,143.7,146.3,149.1,162.7,162.6,221.2,216.5,205.8,163.7,181.6,186.5,185.3,161.4,153.1,159.5,185.0,178.3,173.8,177.3,181.9,169.6,184.4,179.7,197.8,195.7,205.7,215.4,227.0,244.9,276.3,275.2,278.4,308.4,321.1,344.8,372.2,414.9,453.7,483.7,561.7,575.9,564.2,556.2,597.0,582.3,569.1,575.5,568.6,548.1,483.2,509.6,473.9,445.4,391.7,399.8,386.2,-3.4%,-3.8%,
Venezuela,71.2,69.5,71.0,74.2,72.7,71.2,70.2,72.0,80.0,80.3,81.1,86.2,93.3,92.6,99.2,108.0,109.0,108.1,104.9,104.1,104.2,109.1,106.2,107.9,106.1,110.0,108.2,114.4,110.6,117.5,118.5,113.1,117.1,121.7,119.5,120.6,123.0,122.2,112.2,119.8,121.5,126.1,131.2,126.8,124.8,118.6,120.0,124.0,123.5,117.2,114.3,98.9,100.2,86.7,76.4,63.8,74.5,78.1,4.8%,-4.5%,
Central America,10.2,10.3,10.5,10.6,10.8,11.0,11.2,11.5,12.3,12.7,13.7,14.1,14.6,14.9,15.0,14.2,13.8,13.4,13.1,13.4,13.6,13.7,14.2,13.8,14.3,14.5,14.9,16.0,16.8,17.4,18.3,18.2,18.8,20.4,20.7,21.1,21.4,21.5,22.0,22.4,22.2,23.0,23.6,23.9,23.1,23.7,23.9,24.5,24.5,24.9,27.0,27.8,28.4,28.5,29.6,26.7,29.7,30.5,2.8%,2.2%,
Other Caribbean,35.4,35.9,36.6,36.7,37.0,41.6,42.3,44.3,48.3,47.2,45.2,45.5,47.0,47.7,48.6,48.6,49.1,42.8,41.3,42.9,39.5,40.0,41.0,40.9,41.9,40.7,39.3,36.7,36.4,37.5,37.2,38.1,39.9,40.9,39.3,44.8,46.5,46.4,46.7,46.8,46.6,47.5,44.9,43.0,40.0,39.0,38.9,38.1,36.8,36.6,37.7,38.8,37.2,37.9,38.7,35.0,35.1,35.4,0.8%,-0.7%,
Other South America,14.9,15.8,15.9,16.0,16.8,17.3,18.0,18.2,18.7,18.0,19.1,19.3,19.7,21.4,21.9,22.5,21.4,19.9,19.0,18.6,20.5,26.5,30.8,31.9,34.6,36.9,38.9,38.9,41.4,44.7,49.4,51.0,54.2,55.4,54.8,53.7,48.7,49.7,50.8,49.3,49.4,49.2,52.5,53.7,53.6,54.2,56.2,56.4,57.8,55.9,55.9,59.9,58.7,58.7,55.0,47.4,49.8,50.9,2.0%,-1.0%,
Total S. & Cent. America,23.5,24.3,24.6,25.4,25.9,27.1,28.0,29.5,31.7,32.8,32.4,33.8,35.1,36.2,37.8,38.3,37.5,37.1,36.6,37.3,37.7,39.1,39.8,40.2,40.3,39.9,40.2,40.8,41.7,43.5,44.9,46.0,47.8,48.8,48.3,49.3,48.5,48.4,48.5,50.4,51.2,53.0,54.7,55.3,54.0,56.1,57.4,58.7,59.3,59.4,58.7,57.6,57.6,56.6,55.6,51.0,54.7,56.5,3.4%,-0.4%,
,,,,,,,,,,,,,,,,,,,,,,,,,,,,,,,,,,,,,,,,,,,,,,,,,,,,,,,,,,,,,
Austria,93.8,97.5,97.8,104.0,107.4,122.6,121.5,125.0,133.6,134.1,133.5,138.5,138.7,144.8,153.7,153.0,148.2,143.3,143.1,141.7,150.3,150.5,158.8,156.2,156.4,157.1,163.2,158.8,160.4,158.8,166.3,166.2,169.6,172.1,175.7,175.9,181.5,180.9,181.9,184.1,186.2,183.3,178.8,181.7,175.6,180.9,169.9,177.0,174.6,166.3,164.5,168.1,170.7,166.3,173.9,162.1,162.9,153.7,-5.6%,-1.4%,
Belgium,157.9,151.3,158.0,175.3,191.7,201.7,197.1,208.8,211.1,203.4,191.0,202.4,202.5,211.1,216.9,207.3,196.9,188.0,182.1,190.1,198.3,204.5,210.4,214.2,215.4,224.6,231.7,230.6,226.2,237.4,239.7,253.9,255.7,259.8,257.1,260.7,257.3,255.0,263.6,263.3,258.8,257.9,258.0,260.3,238.6,253.1,234.5,223.5,227.6,209.6,210.4,225.7,226.4,224.6,230.9,206.8,228.9,210.2,-8.2%,-0.6%,
Bulgaria,52.4,55.7,64.2,71.2,78.7,87.8,90.8,92.8,95.9,98.1,107.8,113.6,119.3,123.2,127.7,134.7,132.7,136.1,137.2,136.7,136.0,139.1,140.6,144.4,143.6,133.5,108.6,102.8,110.4,107.0,116.0,116.6,111.3,108.1,95.8,96.7,100.7,98.4,102.5,99.8,108.8,111.6,108.6,108.0,95.4,100.3,107.3,102.7,96.0,103.3,110.7,105.9,109.4,110.7,108.0,100.8,116.0,123.0,6.1%,1.8%,
Croatia,0.0,0.0,0.0,0.0,0.0,0.0,0.0,0.0,0.0,0.0,0.0,0.0,0.0,0.0,0.0,0.0,0.0,0.0,0.0,0.0,0.0,0.0,0.0,0.0,0.0,74.5,62.3,60.4,63.1,63.4,65.8,71.3,71.3,76.3,79.8,76.4,81.1,81.6,85.8,89.6,88.8,88.0,88.6,88.4,87.5,89.2,78.1,72.8,80.3,80.7,77.0,80.7,81.4,84.9,83.5,80.3,87.2,84.5,-3.1%,1.5%,
Cyprus,27.3,30.9,33.2,36.6,42.9,45.0,53.3,59.7,63.7,56.7,47.6,48.1,53.7,54.5,54.6,54.5,51.6,61.1,63.3,63.1,66.7,68.5,82.4,83.8,84.8,88.0,87.9,101.3,103.3,101.2,105.3,104.7,103.7,108.0,111.6,114.9,114.2,110.6,115.5,110.4,121.5,117.4,117.3,118.2,113.4,108.5,106.0,98.4,87.2,86.5,88.5,95.4,97.1,95.9,95.2,82.3,86.3,91.3,5.7%,-0.7%,
Czech Republic,173.9,174.7,171.6,178.7,186.0,193.6,203.1,203.5,203.7,204.6,211.6,216.2,222.0,224.0,225.4,217.6,215.7,213.0,213.2,220.3,220.7,223.1,228.3,229.2,222.2,191.1,173.9,168.6,167.1,162.7,169.7,175.9,168.9,164.2,157.7,166.9,170.8,171.2,180.8,185.2,182.0,185.0,182.4,178.2,170.2,176.7,172.2,171.1,167.8,164.3,161.0,158.8,167.7,167.1,163.3,151.3,159.8,159.3,-0.3%,-0.7%,
Denmark,125.8,141.9,141.6,146.9,167.7,177.7,167.0,175.1,168.5,152.6,149.6,164.1,166.9,168.8,168.2,163.6,146.9,140.4,133.6,135.9,153.2,156.6,150.9,149.1,137.3,141.3,162.5,151.7,160.3,171.3,167.5,198.6,179.4,172.4,166.5,159.4,159.3,158.5,170.3,160.6,150.7,165.9,156.8,148.3,139.8,147.8,138.3,128.0,133.0,127.4,123.5,124.8,124.8,122.6,119.3,105.8,115.7,115.9,0.2%,-1.0%,
Estonia,0.0,0.0,0.0,0.0,0.0,0.0,0.0,0.0,0.0,0.0,0.0,0.0,0.0,0.0,0.0,0.0,0.0,0.0,0.0,0.0,279.5,276.3,278.3,271.5,278.3,292.4,268.4,190.2,161.7,167.2,154.0,165.6,164.7,148.8,137.8,143.0,150.0,150.4,165.0,169.4,171.3,170.2,198.1,182.7,158.4,197.8,197.9,200.0,211.6,203.1,187.9,193.6,214.4,212.0,170.3,159.2,167.0,167.4,0.3%,-1.8%,
Finland,91.0,103.2,108.0,116.7,128.4,142.0,145.6,152.6,167.2,159.6,161.4,170.7,180.0,186.3,200.9,199.4,200.4,196.8,193.8,200.8,209.8,211.6,222.1,220.0,220.2,233.4,237.5,235.4,236.3,246.9,234.5,244.1,246.8,254.4,248.9,249.8,254.6,255.3,272.7,270.8,245.4,262.2,260.2,249.7,230.1,249.2,233.8,226.4,226.2,217.4,216.1,218.9,213.9,217.9,213.2,203.9,208.0,212.3,2.1%,-0.6%,
France,97.9,99.2,104.5,109.2,119.3,128.5,132.4,140.3,151.2,147.5,138.2,146.4,147.7,153.6,157.4,154.6,152.3,145.8,148.7,153.0,157.2,160.4,162.5,163.9,165.2,169.6,179.5,180.4,179.8,177.0,180.6,186.7,183.5,186.9,189.3,190.7,191.9,188.8,189.6,189.9,187.5,184.8,180.3,179.8,168.7,172.8,165.3,164.5,165.3,157.7,158.1,155.0,153.5,156.0,152.4,137.0,145.7,129.8,-10.9%,-2.3%,
Germany,140.6,139.9,138.5,147.0,157.8,166.0,167.1,172.6,182.5,179.4,172.6,184.5,184.4,191.5,202.5,196.2,190.3,183.8,186.5,193.4,198.9,196.9,197.8,197.5,194.3,190.2,184.5,180.0,178.3,176.0,176.4,181.8,179.2,177.5,175.0,176.1,179.4,177.3,177.5,177.6,175.7,180.2,172.6,174.4,163.6,170.3,164.1,166.1,170.5,163.2,165.8,168.0,169.6,164.8,160.1,149.0,153.2,147.5,-3.7%,-1.2%,
Greece,33.4,36.6,40.3,41.9,44.2,49.0,58.2,65.0,74.3,72.1,81.1,88.7,91.0,91.6,79.5,77.8,75.1,75.3,74.8,77.3,80.8,80.2,86.9,90.9,97.7,100.4,101.0,101.9,102.4,103.3,106.3,108.2,110.6,116.7,116.2,121.7,122.3,122.1,129.1,129.0,129.4,133.3,136.1,133.8,129.1,123.5,121.5,114.7,108.3,102.0,103.8,102.8,108.5,109.7,107.9,94.8,104.3,109.5,5.0%,-0.5%,
Hungary,65.7,66.4,63.1,65.2,69.6,74.7,76.9,79.2,85.5,87.7,92.3,98.1,102.6,109.4,108.0,108.3,107.4,108.1,106.6,109.9,113.8,113.7,119.2,116.8,114.2,112.2,104.8,100.6,96.9,98.7,100.0,102.1,99.8,101.6,101.8,99.1,101.7,99.6,101.2,103.0,110.1,108.1,106.9,105.6,98.1,100.1,97.5,91.1,86.6,86.9,91.8,93.7,99.0,99.9,101.3,99.8,105.3,96.0,-8.8%,0.5%,
Iceland,142.0,146.4,142.7,148.9,147.3,177.9,192.0,205.8,245.2,235.9,223.5,228.8,240.3,248.9,257.1,258.0,260.1,263.4,268.5,279.5,274.3,284.8,290.5,301.7,308.4,306.2,295.7,302.2,310.8,311.6,319.8,336.7,350.3,375.0,405.9,425.0,424.1,436.7,435.9,440.6,435.2,466.3,519.7,639.6,636.4,637.7,635.7,638.2,652.4,644.2,665.6,658.9,673.1,677.9,631.9,560.7,564.9,597.1,5.7%,-0.7%,
Ireland,85.4,95.2,102.6,119.0,118.7,92.9,95.5,99.3,102.7,102.9,94.8,95.3,100.1,102.5,111.5,106.6,103.0,101.5,99.4,97.8,102.2,110.1,111.4,111.4,115.2,121.8,125.8,125.5,127.5,132.4,134.4,140.8,144.1,153.5,160.2,165.6,172.2,167.7,160.8,161.0,164.4,165.2,162.9,158.8,141.3,141.9,134.9,132.1,129.4,128.2,134.2,138.7,137.6,138.9,137.8,128.3,129.6,135.9,4.9%,0.3%,
Italy,65.0,70.0,75.2,80.7,86.3,94.7,99.1,103.2,107.0,106.2,103.3,108.5,108.3,110.5,113.6,110.2,107.5,105.2,103.0,104.6,104.0,106.8,110.0,112.7,115.8,117.7,121.3,120.7,118.1,117.8,122.5,122.5,124.5,127.4,131.0,132.7,132.5,131.3,134.8,136.7,136.1,134.9,131.6,128.4,119.2,122.6,119.8,116.3,110.9,105.2,108.5,109.1,110.6,111.4,109.7,99.9,107.0,104.1,-2.7%,-1.1%,
Latvia,0.0,0.0,0.0,0.0,0.0,0.0,0.0,0.0,0.0,0.0,0.0,0.0,0.0,0.0,0.0,0.0,0.0,0.0,0.0,0.0,144.1,133.2,121.0,113.8,113.7,115.7,107.1,77.1,67.1,65.8,62.4,58.9,60.2,66.5,57.3,56.8,62.1,63.5,63.6,72.5,75.7,72.8,76.0,77.4,74.2,85.1,76.8,80.6,78.4,72.9,75.4,81.2,90.2,81.0,84.2,77.5,81.5,77.2,-5.3%,-0.4%,
Lithuania,0.0,0.0,0.0,0.0,0.0,0.0,0.0,0.0,0.0,0.0,0.0,0.0,0.0,0.0,0.0,0.0,0.0,0.0,0.0,0.0,177.1,162.1,168.5,175.7,189.5,192.0,202.6,124.0,97.2,84.3,94.8,103.8,96.4,104.3,87.0,78.0,92.3,99.7,106.0,108.2,100.1,97.1,107.9,108.4,101.9,75.4,79.6,80.6,75.4,73.5,77.6,79.9,85.1,88.6,89.5,89.7,90.6,83.3,-8.0%,0.3%,
Luxembourg,456.3,432.9,423.2,455.7,488.7,505.8,482.6,491.8,516.7,521.4,430.3,428.3,397.1,410.0,419.2,385.6,329.1,307.9,287.5,309.5,317.2,308.6,289.8,294.7,335.4,350.8,372.0,368.2,368.2,349.3,299.7,304.1,293.9,280.4,292.3,307.5,325.3,351.9,364.5,407.2,407.0,393.4,376.0,366.6,344.1,355.8,339.2,325.4,302.9,286.6,272.1,262.0,267.8,275.0,274.6,231.3,243.7,217.2,-10.9%,-4.0%,
Netherlands,121.4,128.4,134.2,148.3,163.4,182.2,189.9,218.3,230.1,216.6,216.8,234.8,229.0,232.1,238.2,222.2,209.4,192.5,192.4,198.8,204.1,213.1,216.2,215.7,215.4,219.4,222.0,223.1,223.5,219.7,227.2,235.6,230.1,230.3,226.3,228.0,235.5,234.5,235.1,242.0,246.2,240.3,243.2,239.3,235.0,253.6,240.4,235.0,226.9,215.8,218.5,219.4,220.0,213.7,211.8,204.1,208.8,201.6,-3.5%,-1.5%,
North Macedonia,0.0,0.0,0.0,0.0,0.0,0.0,0.0,0.0,0.0,0.0,0.0,0.0,0.0,0.0,0.0,0.0,0.0,0.0,0.0,0.0,0.0,0.0,0.0,0.0,0.0,52.2,52.1,53.9,54.6,51.6,52.0,60.1,53.9,60.7,57.8,54.5,50.9,49.5,55.6,54.8,56.6,57.4,57.0,55.1,54.2,58.7,58.5,54.2,51.8,47.8,50.4,52.2,50.2,50.1,52.9,46.2,48.4,50.0,3.2%,-0.8%,
Norway,208.3,211.4,225.2,250.1,248.5,258.1,269.7,283.8,298.6,299.5,302.2,321.7,295.0,329.8,352.0,333.9,351.4,346.0,379.1,382.8,377.5,367.0,383.8,393.5,417.5,420.5,385.9,404.0,414.5,398.0,420.2,383.5,401.0,414.5,422.6,465.3,418.7,433.3,380.1,384.9,436.6,396.6,421.4,426.2,388.6,368.4,368.8,403.1,373.4,380.3,380.1,382.3,381.2,372.8,347.0,374.0,379.2,348.9,-8.0%,-1.4%,
Poland,89.5,90.4,92.3,98.5,104.5,109.5,112.2,117.3,118.5,121.3,129.6,135.2,139.6,145.3,146.1,151.6,135.4,136.6,135.9,140.0,142.0,145.0,148.8,145.4,139.4,114.5,111.7,106.6,106.3,101.6,103.9,109.1,108.1,103.6,101.6,95.1,94.1,93.1,96.4,97.1,99.3,104.3,104.1,105.9,102.1,108.8,109.3,106.2,106.5,102.7,103.9,108.4,112.7,114.0,110.8,106.3,115.2,108.2,-6.0%,0.2%,
Portugal,20.2,22.1,23.7,24.2,26.4,31.9,35.0,37.5,40.9,42.2,41.4,40.4,45.2,47.0,49.3,47.4,46.2,49.7,51.3,53.3,54.2,57.3,58.6,65.0,70.2,71.4,74.2,75.1,77.2,79.7,87.1,89.5,90.4,98.1,99.8,102.5,103.3,102.0,104.3,102.0,101.6,100.6,101.2,97.6,98.3,103.7,99.2,90.9,100.4,103.0,101.1,108.5,105.4,107.6,102.5,92.8,93.2,90.3,-3.1%,-0.1%,
Romania,52.5,55.7,61.7,65.1,74.1,78.1,81.9,85.4,91.8,91.3,98.2,104.5,109.6,117.1,118.6,119.1,118.8,117.2,116.0,114.9,114.3,116.4,120.3,122.2,122.0,115.9,98.4,86.9,84.8,80.3,88.6,88.5,84.5,77.8,68.8,69.0,70.2,73.4,73.9,77.3,78.2,80.5,78.3,79.1,69.5,70.6,72.8,70.3,65.8,68.5,69.2,69.6,71.1,72.8,71.4,68.4,72.1,66.0,-8.4%,-0.6%,
Slovakia,88.1,90.5,90.3,98.9,102.7,112.8,120.0,125.1,128.9,134.3,139.1,142.9,148.6,154.4,157.3,158.5,156.1,153.3,152.7,163.5,167.6,165.3,168.2,168.2,170.0,169.9,151.5,145.1,142.0,139.5,141.1,141.9,139.1,140.4,141.5,146.1,150.4,151.6,147.3,144.0,151.5,147.4,138.3,142.0,128.5,137.1,131.7,126.4,129.4,120.3,121.4,122.5,128.8,126.4,122.0,119.5,129.0,122.0,-5.4%,-0.4%,
Slovenia,0.0,0.0,0.0,0.0,0.0,0.0,0.0,0.0,0.0,0.0,0.0,0.0,0.0,0.0,0.0,0.0,0.0,0.0,0.0,0.0,0.0,0.0,0.0,0.0,0.0,125.6,125.6,117.3,120.5,128.3,134.7,141.3,144.6,145.1,143.8,142.6,149.3,148.4,145.2,153.6,153.0,153.7,152.1,165.7,152.2,151.6,146.6,142.2,140.5,144.0,129.5,137.8,138.7,141.0,136.5,131.6,130.2,123.8,-4.9%,-1.4%,
Spain,37.8,42.3,45.1,47.0,52.7,56.3,61.4,65.7,71.1,73.1,74.2,78.4,80.5,80.0,85.5,85.2,85.3,84.7,86.3,87.3,86.3,87.8,90.8,94.7,99.0,98.9,102.1,106.4,102.4,106.7,110.3,114.0,119.7,124.9,128.2,135.0,140.4,140.2,145.5,148.3,146.8,146.5,146.9,140.6,129.3,132.2,129.2,128.5,122.4,120.5,122.1,123.2,124.3,126.0,121.6,109.4,117.0,121.0,3.5%,-0.6%,
Sweden,182.4,192.9,196.0,207.9,206.7,218.2,220.9,226.3,238.3,219.5,231.8,245.7,241.9,280.8,295.6,277.6,275.0,261.1,259.1,273.8,296.8,306.8,299.4,291.6,283.9,287.3,271.1,271.6,267.4,266.2,268.2,259.8,268.3,289.6,280.6,259.5,277.5,258.9,247.1,264.9,270.4,253.0,255.1,249.7,227.1,239.3,233.7,245.8,228.1,224.7,230.0,223.5,228.3,221.4,227.8,213.8,216.7,215.7,-0.4%,-1.3%,
Switzerland,112.2,119.3,125.8,130.5,133.5,145.1,147.7,144.4,158.5,150.7,156.5,150.3,167.6,165.0,164.1,175.0,173.9,169.4,175.4,169.4,180.2,188.1,185.9,185.9,172.3,177.9,180.4,181.3,179.3,186.9,175.9,169.2,180.5,181.0,188.2,182.6,193.9,179.2,176.0,172.2,164.2,169.8,166.4,169.8,167.2,161.0,151.1,158.0,160.3,151.1,146.1,135.9,135.0,136.1,141.0,128.8,123.7,120.1,-3.0%,-2.7%,
Turkey,10.5,11.7,11.8,13.4,14.3,14.9,16.1,17.6,19.5,19.4,21.2,23.4,25.1,25.9,23.9,24.4,24.1,25.8,26.0,26.8,28.3,30.2,33.7,36.3,35.0,37.2,37.3,38.6,41.2,39.2,43.1,46.3,47.6,48.1,46.1,48.6,43.5,46.9,49.0,51.8,52.2,57.2,60.0,59.5,59.5,62.0,65.3,68.4,66.7,67.4,72.6,75.0,78.4,76.8,79.1,77.2,82.1,82.2,0.0%,1.9%,
Ukraine,0.0,0.0,0.0,0.0,0.0,0.0,0.0,0.0,0.0,0.0,0.0,0.0,0.0,0.0,0.0,0.0,0.0,0.0,0.0,0.0,196.6,196.9,200.4,200.1,191.0,222.9,208.6,175.9,154.2,132.6,130.4,122.6,119.3,116.1,115.4,116.8,116.2,116.5,120.4,120.8,123.2,125.5,125.8,122.1,104.4,112.4,116.6,114.4,108.8,96.4,80.3,84.3,78.6,82.0,78.0,75.3,77.3,58.7,-24.0%,-6.5%,
United Kingdom,153.6,153.4,152.6,157.2,162.2,164.9,161.2,163.0,170.8,162.0,152.6,155.8,158.7,159.7,167.1,152.0,147.6,145.6,146.0,145.8,151.8,155.8,155.2,156.9,156.8,157.7,160.6,159.1,160.6,158.3,158.4,165.7,162.3,163.2,161.9,162.8,163.8,159.6,161.1,161.5,161.8,158.6,153.1,149.2,140.5,142.3,133.2,134.3,132.8,124.5,125.6,123.5,122.8,121.6,118.4,105.9,107.0,108.4,1.3%,-2.1%,
Other Europe,30.0,31.2,31.3,34.1,36.0,39.3,45.4,46.9,48.5,53.3,53.1,56.0,59.4,64.0,68.6,66.2,65.2,67.2,71.9,74.4,78.8,82.2,82.8,84.8,82.1,79.1,70.0,62.1,54.5,47.4,48.7,53.2,57.0,58.4,54.0,58.3,61.2,64.1,68.0,74.3,73.8,76.0,73.9,76.5,78.2,84.2,82.6,77.8,82.9,76.2,81.5,86.7,86.6,91.1,89.4,87.1,91.1,90.2,-0.9%,1.5%,
Total Europe,94.0,96.0,97.9,103.6,110.2,116.5,118.8,123.5,129.7,127.0,125.0,131.2,132.7,137.0,141.4,137.1,132.9,129.8,130.4,133.2,141.7,143.4,145.7,146.6,145.4,146.3,144.0,138.8,136.0,132.9,135.3,138.3,137.6,138.5,137.4,138.8,140.0,139.0,141.0,142.6,142.8,143.5,141.7,140.4,131.6,136.2,132.6,131.9,130.2,124.9,125.7,126.9,128.0,127.8,125.6,117.1,122.6,118.0,-3.7%,-1.1%,
,,,,,,,,,,,,,,,,,,,,,,,,,,,,,,,,,,,,,,,,,,,,,,,,,,,,,,,,,,,,,
Azerbaijan,0.0,0.0,0.0,0.0,0.0,0.0,0.0,0.0,0.0,0.0,0.0,0.0,0.0,0.0,0.0,0.0,0.0,0.0,0.0,0.0,122.7,129.9,123.7,121.6,122.5,126.3,119.6,101.0,86.5,78.6,73.3,59.7,56.8,56.7,56.1,58.0,55.3,54.0,57.9,64.8,69.4,67.4,61.3,61.0,51.7,50.3,56.4,57.4,57.9,58.1,62.8,61.5,59.8,60.8,63.2,64.1,68.3,67.5,-1.2%,1.6%,
Belarus,0.0,0.0,0.0,0.0,0.0,0.0,0.0,0.0,0.0,0.0,0.0,0.0,0.0,0.0,0.0,0.0,0.0,0.0,0.0,0.0,145.0,164.4,165.7,167.0,160.7,160.9,160.0,138.5,115.8,96.8,86.3,88.7,90.0,88.4,86.4,89.5,87.5,91.1,91.1,102.6,103.0,110.2,108.0,109.8,104.2,113.3,111.5,120.8,109.5,109.5,99.1,101.2,103.0,114.1,114.9,107.2,114.9,112.1,-2.4%,-0.7%,
Kazakhstan,0.0,0.0,0.0,0.0,0.0,0.0,0.0,0.0,0.0,0.0,0.0,0.0,0.0,0.0,0.0,0.0,0.0,0.0,0.0,0.0,185.9,186.5,186.5,189.1,183.1,183.4,181.9,179.0,158.6,143.3,131.2,116.2,104.6,100.7,96.0,87.4,98.0,99.5,108.5,114.5,116.7,124.3,136.1,141.8,125.7,133.0,148.8,154.3,152.8,158.2,129.6,143.7,152.7,156.0,156.3,142.5,152.8,160.9,5.3%,0.4%,
Russian Federation,0.0,0.0,0.0,0.0,0.0,0.0,0.0,0.0,0.0,0.0,0.0,0.0,0.0,0.0,0.0,0.0,0.0,0.0,0.0,0.0,240.7,243.0,248.8,251.2,250.6,245.1,241.0,231.6,215.6,196.9,186.6,180.0,170.6,170.6,173.2,176.9,180.4,180.5,185.0,187.4,187.9,196.8,198.2,199.1,189.2,196.4,202.9,203.7,200.9,201.0,197.3,200.8,201.5,208.6,207.0,199.6,217.0,199.7,-8.0%,-0.2%,
Turkmenistan,0.0,0.0,0.0,0.0,0.0,0.0,0.0,0.0,0.0,0.0,0.0,0.0,0.0,0.0,0.0,0.0,0.0,0.0,0.0,0.0,158.7,192.2,185.9,182.2,182.2,147.0,146.9,136.6,109.2,113.6,91.5,130.9,98.8,121.2,113.9,94.4,117.5,97.7,133.2,130.3,130.1,129.7,124.1,100.3,160.9,170.5,186.0,199.1,173.7,176.7,207.8,202.2,196.7,215.5,208.7,243.5,255.1,256.9,0.7%,2.6%,
USSR,108.1,113.7,118.1,121.3,125.4,130.8,136.1,141.7,147.6,154.4,160.5,165.2,171.0,176.8,180.1,182.7,185.1,188.1,190.3,195.6,0.0,0.0,0.0,0.0,0.0,0.0,0.0,0.0,0.0,0.0,0.0,0.0,0.0,0.0,0.0,0.0,0.0,0.0,0.0,0.0,0.0,0.0,0.0,0.0,0.0,0.0,0.0,0.0,0.0,0.0,0.0,0.0,0.0,0.0,0.0,0.0,0.0,0.0,-,-,
Uzbekistan,0.0,0.0,0.0,0.0,0.0,0.0,0.0,0.0,0.0,0.0,0.0,0.0,0.0,0.0,0.0,0.0,0.0,0.0,0.0,0.0,92.9,88.7,89.9,88.1,88.9,91.1,87.9,81.4,85.5,82.1,79.5,80.5,78.2,76.9,85.9,86.6,85.8,86.8,78.6,77.3,76.2,70.4,74.4,68.7,67.1,66.8,69.3,66.3,65.5,66.7,62.6,58.9,59.9,59.2,58.4,57.1,59.6,60.9,2.3%,-0.8%,
Other CIS,0.0,0.0,0.0,0.0,0.0,0.0,0.0,0.0,0.0,0.0,0.0,0.0,0.0,0.0,0.0,0.0,0.0,0.0,0.0,0.0,84.0,78.7,80.3,88.3,83.0,83.2,68.5,57.7,46.3,38.9,33.8,36.1,34.0,33.7,32.4,31.3,30.5,30.3,31.7,33.9,35.1,35.1,37.4,35.7,34.3,34.7,36.9,38.1,36.0,36.5,35.9,35.8,36.9,39.8,38.0,37.5,37.7,36.0,-4.5%,-0.6%,
Total CIS,108.1,113.7,118.1,121.3,125.4,130.8,136.1,141.7,147.6,154.4,160.5,165.2,171.0,176.8,180.1,182.7,185.1,188.1,190.3,195.6,202.6,204.8,208.3,210.1,208.3,204.1,199.2,189.2,174.5,158.9,149.4,144.5,136.3,136.2,138.0,139.4,142.2,141.9,145.1,147.5,147.8,153.2,154.8,154.2,147.1,152.3,158.2,159.3,155.9,156.4,151.7,154.0,154.9,160.2,158.6,153.3,165.0,154.9,-6.1%,-0.3%,
,,,,,,,,,,,,,,,,,,,,,,,,,,,,,,,,,,,,,,,,,,,,,,,,,,,,,,,,,,,,,
Iran,14.2,15.0,16.1,17.2,18.3,21.0,22.4,24.7,28.6,31.5,35.7,39.0,42.8,40.6,42.4,37.9,36.2,39.0,44.7,46.6,49.0,44.4,46.1,45.6,48.4,52.3,54.6,59.0,54.3,60.5,62.6,67.3,68.3,70.1,74.3,76.7,80.6,87.0,87.7,95.5,99.5,107.1,112.2,114.1,115.2,115.7,119.3,119.1,121.5,124.1,120.8,124.4,127.2,129.8,135.5,139.3,137.6,137.3,-0.2%,1.4%,
Iraq,10.0,10.7,10.4,10.7,12.0,14.4,15.2,17.2,16.3,15.5,16.4,19.9,20.2,20.7,25.1,26.7,24.2,24.4,27.2,29.2,32.7,36.8,42.2,47.8,52.8,48.5,30.3,46.6,59.0,63.7,61.3,59.4,68.2,49.6,34.7,47.2,51.0,47.0,40.4,42.1,38.7,37.3,38.0,42.6,40.4,43.8,43.5,45.4,48.1,46.2,44.8,49.5,54.3,53.6,55.5,46.8,47.8,51.8,8.5%,1.3%,
Israel,42.1,42.5,50.2,49.8,54.8,56.8,62.5,57.4,59.5,58.1,58.2,58.2,59.7,63.8,64.6,64.1,63.8,67.3,65.6,66.3,59.8,61.3,63.6,65.8,66.7,96.8,95.6,108.6,114.9,116.9,128.3,129.8,138.7,142.8,144.9,133.8,131.1,131.3,132.8,132.9,131.3,129.7,132.2,133.7,127.7,130.4,130.5,134.2,124.8,119.6,123.9,124.1,124.3,124.2,126.3,117.3,117.3,121.1,3.2%,-1.0%,
Kuwait,555.0,527.7,488.8,469.2,440.6,329.2,306.7,318.9,299.2,270.4,226.7,253.5,242.9,250.3,287.4,204.2,248.8,232.9,244.8,249.6,229.8,252.5,224.1,243.5,252.6,196.6,124.0,181.4,218.1,256.5,327.4,315.0,316.9,377.9,380.2,394.3,387.4,398.8,464.4,506.3,538.0,489.2,448.0,458.3,449.9,480.6,462.1,440.0,419.2,413.3,413.3,394.2,393.5,385.0,340.6,328.1,353.0,374.0,5.9%,-1.6%,
Oman,0.6,0.7,3.1,3.7,5.1,5.0,80.9,89.9,76.0,67.4,59.0,64.9,59.5,65.6,71.6,60.4,60.3,61.6,67.0,78.6,87.5,88.4,86.8,84.2,83.5,92.9,115.5,109.3,101.0,91.9,105.8,106.7,108.2,109.2,122.4,170.3,186.7,199.2,204.3,186.9,221.9,239.4,238.4,272.7,265.8,296.0,291.5,288.5,299.5,283.6,289.2,276.5,280.1,294.0,291.9,284.5,313.8,326.7,4.1%,1.3%,
Qatar,78.3,70.0,88.8,249.2,348.5,351.6,310.5,308.2,396.2,315.5,432.7,257.0,332.5,297.4,696.4,692.5,623.3,683.3,673.8,727.9,650.5,678.6,632.8,642.4,655.6,642.6,716.2,1102.1,1142.8,1125.5,1090.1,781.5,819.7,836.4,882.0,747.9,684.0,716.9,783.6,911.0,945.3,830.9,746.2,705.6,641.7,701.4,779.0,836.3,850.3,844.3,883.0,803.7,744.8,729.3,748.9,662.7,717.9,699.2,-2.6%,-1.8%,
Saudi Arabia,170.0,165.8,161.7,157.7,153.8,155.0,148.2,151.1,152.9,153.6,115.4,126.7,142.2,150.6,173.6,148.6,169.0,177.4,183.3,209.2,203.8,209.5,212.5,212.9,200.8,208.8,210.2,204.5,202.3,227.3,215.4,216.7,214.9,220.3,218.5,223.0,231.8,235.7,244.0,259.0,267.2,269.5,265.1,279.3,278.7,300.0,305.3,317.0,312.3,328.5,336.0,342.6,335.0,318.9,298.8,289.1,299.2,315.7,5.5%,0.0%,
United Arab Emirates,17.7,18.0,101.7,117.1,99.1,116.0,153.0,143.6,165.5,163.2,158.1,177.0,252.8,257.1,267.7,384.0,412.1,419.1,379.7,447.3,526.2,599.0,623.8,645.5,683.4,653.5,754.3,691.8,685.7,718.3,717.2,699.2,683.6,658.2,625.7,588.9,564.4,586.2,595.8,608.6,592.5,544.7,501.7,483.4,416.9,412.8,428.6,446.3,466.2,460.7,496.4,511.6,488.2,478.0,485.6,453.9,503.4,534.9,6.3%,1.8%,
Other Middle East,14.7,14.7,14.6,15.2,15.4,16.5,17.2,16.5,18.6,20.3,21.1,22.2,23.5,25.3,28.2,27.7,28.2,31.8,33.0,34.4,34.9,34.2,34.4,34.4,33.8,32.6,33.5,33.7,33.6,34.1,34.5,34.5,35.7,37.9,37.5,36.9,37.0,37.4,38.0,38.3,41.0,40.6,39.7,40.4,39.8,39.0,36.0,33.6,32.1,31.3,28.7,27.8,28.5,27.4,26.8,25.0,25.5,25.9,1.5%,-2.6%,
Total Middle East,33.7,33.9,34.7,35.5,36.4,37.6,39.2,40.8,43.5,44.8,43.0,46.7,51.2,52.6,59.6,55.5,57.9,61.3,65.0,70.8,72.4,73.3,75.4,77.2,78.6,79.4,79.6,84.7,84.9,92.3,92.9,93.6,96.1,96.4,95.9,98.5,101.3,104.9,107.0,113.3,117.4,120.1,121.8,127.5,126.0,131.2,133.5,135.8,136.9,138.9,140.3,142.5,142.2,140.2,138.9,133.5,136.5,140.4,2.8%,0.3%,
,,,,,,,,,,,,,,,,,,,,,,,,,,,,,,,,,,,,,,,,,,,,,,,,,,,,,,,,,,,,,
Algeria,7.2,8.5,7.9,8.3,8.9,9.6,10.1,11.1,13.0,14.0,16.1,17.9,19.0,23.1,29.4,34.0,40.0,44.7,47.2,43.8,42.7,43.7,43.5,45.4,43.0,44.4,43.0,43.1,39.2,38.9,39.6,38.5,36.4,37.1,36.9,35.1,35.9,36.6,37.8,38.7,40.0,40.8,42.3,44.1,45.9,44.1,45.8,49.0,50.9,54.4,56.2,55.1,54.6,57.5,58.5,53.8,57.3,54.9,-4.2%,1.1%,
Egypt,10.7,11.0,9.2,9.7,7.8,9.5,9.5,10.3,9.6,10.6,11.5,13.5,14.3,14.8,15.7,17.4,19.3,21.0,22.1,23.5,23.7,23.5,24.3,24.0,24.6,24.6,24.3,23.6,23.0,23.7,24.6,25.3,25.8,26.3,27.6,28.7,29.3,29.5,30.6,31.7,31.8,32.9,34.4,35.7,36.3,36.9,37.9,38.5,37.3,36.0,35.8,37.0,37.7,37.0,35.7,33.0,34.7,35.9,3.3%,-0.7%,
Morocco,4.8,6.1,6.3,6.6,7.0,7.2,7.4,7.8,8.5,8.8,8.7,9.3,10.1,10.5,11.4,11.1,10.5,10.5,10.5,10.4,10.5,10.7,10.8,11.2,12.1,12.1,12.1,13.3,13.2,14.4,13.9,14.3,14.6,14.8,15.1,14.8,15.8,16.0,15.8,17.8,19.1,19.2,18.8,20.5,19.7,21.6,22.4,22.5,22.8,22.8,22.9,22.9,23.7,24.2,26.2,23.6,26.1,24.7,-5.3%,0.9%,
South Africa,66.5,64.8,65.5,67.0,66.9,67.8,71.0,71.2,74.5,74.5,77.3,78.5,78.3,75.5,75.9,78.9,89.5,93.8,92.6,98.4,97.5,96.2,94.3,100.3,92.7,93.0,90.0,88.5,86.8,89.0,91.5,91.9,92.7,89.9,91.9,91.2,90.8,87.7,94.1,101.8,95.4,96.5,98.1,103.9,102.2,101.7,99.2,96.4,95.5,95.1,91.3,94.5,93.7,89.1,91.8,84.8,84.2,80.5,-4.5%,-1.8%,
Eastern Africa,3.7,4.0,4.0,4.0,4.2,4.6,4.5,4.5,4.6,4.7,4.5,4.7,4.6,4.4,4.4,4.2,4.0,3.8,3.8,3.7,3.7,3.7,3.6,3.8,3.7,4.0,3.7,3.6,3.8,3.7,3.6,3.5,3.6,3.7,3.7,3.6,3.8,3.7,3.7,3.8,3.9,3.9,4.0,3.9,4.0,4.2,4.3,4.3,4.6,4.9,5.0,4.8,4.9,5.0,4.9,4.6,4.9,4.9,0.7%,1.2%,
Middle Africa,3.8,3.8,3.7,3.7,3.8,3.9,4.3,4.4,4.8,4.8,4.4,4.2,4.3,4.7,4.6,4.7,4.8,4.6,4.9,4.5,4.9,4.7,4.7,4.8,4.9,4.4,4.0,4.0,3.9,3.6,3.6,3.5,3.4,3.2,3.2,3.5,3.4,3.5,3.7,4.3,4.1,4.4,4.4,4.7,4.8,5.1,5.2,5.5,6.0,6.1,5.9,5.7,5.4,5.5,5.4,5.1,5.1,4.8,-7.5%,-1.4%,
Western Africa,2.2,2.2,2.3,2.3,2.5,2.6,3.1,3.3,3.6,3.7,3.9,4.2,4.6,4.7,5.1,5.3,5.8,5.8,5.2,4.7,4.9,4.7,4.8,5.0,5.1,4.8,5.0,5.3,5.2,5.0,5.0,5.3,5.1,5.1,5.0,5.2,5.5,5.8,5.6,5.6,5.7,5.0,5.2,5.4,4.9,5.1,5.4,5.5,5.4,5.4,6.0,6.0,6.3,6.8,7.0,6.8,7.1,7.1,-0.2%,2.6%,
Other Northern Africa,12.7,13.2,13.6,14.7,15.3,16.8,14.6,17.7,22.8,23.9,25.7,29.4,32.3,34.8,44.0,44.9,46.5,45.5,47.3,45.0,49.3,49.1,52.9,52.4,55.1,52.5,51.0,49.6,51.5,55.2,57.2,57.6,59.0,60.6,59.1,62.8,63.2,61.7,62.9,67.0,67.3,67.1,64.5,66.0,69.4,70.6,51.3,61.9,65.6,63.7,62.4,63.3,61.8,61.6,59.8,53.9,65.9,67.0,1.7%,0.8%,
Other Southern Africa,1.7,2.1,2.2,2.4,2.5,2.8,2.9,3.0,3.3,3.8,4.0,4.9,5.1,9.2,9.4,9.4,9.2,9.0,8.2,8.3,8.7,8.9,8.9,9.3,9.7,16.9,16.8,17.6,17.2,17.2,18.4,17.0,17.4,19.0,20.2,20.3,20.4,20.1,20.0,19.9,21.3,20.7,21.2,21.8,22.3,20.1,22.4,24.4,24.0,25.7,25.4,24.5,25.7,25.9,24.4,21.8,23.2,24.6,6.2%,0.1%,
Total Africa,8.0,8.2,8.1,8.3,8.3,8.8,9.1,9.4,9.9,10.2,10.5,11.1,11.3,11.4,12.1,12.7,13.8,14.3,14.3,14.3,14.5,14.4,14.4,15.0,14.6,14.7,14.3,14.2,13.9,14.0,14.2,14.2,14.1,14.0,14.1,14.0,14.2,14.0,14.3,15.0,14.7,14.6,14.8,15.3,15.1,15.2,14.9,15.1,15.1,15.2,15.1,15.1,15.1,15.1,15.1,13.9,14.5,14.2,-2.1%,-0.6%,
,,,,,,,,,,,,,,,,,,,,,,,,,,,,,,,,,,,,,,,,,,,,,,,,,,,,,,,,,,,,,
Australia,134.9,138.5,144.2,150.2,153.3,163.0,165.9,169.5,178.3,186.9,187.7,192.1,199.4,203.4,208.6,206.7,206.8,201.7,192.1,197.0,200.1,201.2,204.0,209.9,216.9,218.1,213.7,214.9,217.3,223.5,230.8,234.9,238.0,241.2,248.4,247.1,246.0,248.0,248.7,253.8,251.7,258.7,260.3,259.5,250.9,246.7,251.0,243.3,242.3,240.3,242.0,239.1,234.5,234.3,238.5,222.6,221.2,228.5,3.3%,-0.6%,
Bangladesh,0.0,0.0,0.0,0.0,0.0,0.0,0.7,0.8,1.0,1.0,1.0,1.2,1.2,1.2,1.3,1.5,1.5,1.7,1.6,1.7,1.8,1.9,2.1,2.3,2.4,2.5,2.3,2.5,2.7,2.8,3.3,3.4,3.5,3.6,3.6,3.8,4.3,4.2,4.3,4.5,4.8,5.2,5.2,5.5,6.0,6.1,6.5,7.0,7.2,7.3,8.8,8.7,9.0,9.5,10.5,9.8,10.2,10.5,2.9%,4.2%,
China,7.6,8.1,7.1,7.0,8.3,10.3,12.0,12.6,13.0,13.2,14.5,15.0,16.1,17.5,17.7,17.7,17.2,17.7,18.5,19.6,20.9,21.5,22.8,24.1,24.9,24.8,25.6,26.7,28.5,30.0,30.6,32.0,31.9,31.8,32.6,33.6,35.3,38.2,44.2,51.4,58.0,63.2,68.2,70.4,73.0,77.6,83.1,85.9,88.6,90.3,90.8,90.6,93.6,97.6,101.8,104.9,110.8,111.8,0.9%,2.7%,
China Hong Kong SAR,26.3,27.9,32.2,34.2,39.5,41.9,43.4,48.1,48.6,48.5,44.6,51.4,54.2,55.1,55.2,55.2,57.7,62.3,64.9,65.5,67.0,69.2,74.9,84.9,89.4,85.9,87.8,101.8,109.7,98.1,104.2,102.6,102.1,102.4,102.2,105.6,132.0,128.0,131.4,146.5,140.2,147.8,156.3,144.4,156.7,162.1,165.2,157.5,160.4,155.3,158.8,162.2,173.4,175.0,165.6,123.9,116.9,104.9,-10.2%,-4.0%,
India,4.5,4.5,4.5,4.8,5.2,4.9,5.0,5.2,5.2,5.3,5.6,5.8,6.0,6.1,6.3,6.3,6.8,6.6,6.8,7.1,7.3,7.7,8.0,8.5,9.1,9.5,9.8,10.1,10.2,10.5,11.1,11.3,11.7,12.2,12.3,12.7,12.5,12.7,12.9,13.8,14.4,14.9,15.9,16.6,17.6,18.1,18.9,19.6,20.0,21.1,21.6,22.3,22.8,23.9,24.2,22.7,24.5,25.7,4.9%,2.7%,
Indonesia,3.0,2.9,2.8,2.9,3.2,3.3,3.1,3.2,3.5,3.7,4.4,4.5,5.8,6.3,7.0,7.4,7.7,7.7,8.0,8.6,8.9,9.3,9.7,10.0,10.9,11.8,12.6,13.6,14.3,14.7,15.7,16.6,17.7,17.2,18.5,19.5,20.6,20.8,22.4,21.9,22.3,22.4,23.7,23.6,24.0,25.6,26.7,27.3,26.0,26.0,26.2,26.0,26.6,28.9,30.5,28.0,28.3,35.5,25.2%,2.7%,
Japan,66.0,72.2,81.7,90.0,101.2,111.7,117.4,121.4,132.9,131.8,124.5,127.6,127.3,131.4,135.4,130.5,127.9,122.2,123.2,132.9,133.2,132.7,134.8,142.7,147.1,151.9,154.8,156.0,157.9,163.4,171.3,174.2,177.1,173.2,175.7,177.2,175.2,175.1,174.2,176.0,176.4,175.9,173.9,170.7,155.7,166.0,157.4,156.3,155.4,151.7,149.8,148.2,150.4,150.1,147.1,136.9,144.0,143.9,0.0%,-0.8%,
Malaysia,13.1,14.8,15.4,15.6,16.7,15.5,16.9,18.4,18.9,18.7,18.8,20.5,23.3,30.2,33.9,34.5,34.7,36.2,40.5,42.5,41.0,43.7,43.7,44.6,48.4,49.5,60.3,66.2,64.7,66.8,71.1,77.3,87.3,81.8,85.2,95.9,95.7,98.3,103.9,109.7,116.0,114.6,119.6,121.4,115.2,117.0,117.1,126.0,129.8,129.1,129.2,133.9,133.8,134.4,136.2,129.6,136.4,142.5,4.5%,1.2%,
New Zealand,116.3,121.4,120.7,122.1,122.8,134.9,139.0,145.7,148.5,147.5,147.3,150.6,153.1,151.5,153.5,153.6,153.4,157.3,161.7,169.7,170.1,182.5,183.6,190.2,193.6,197.6,196.7,194.1,197.7,205.9,210.6,210.5,207.9,206.0,206.5,214.4,210.5,214.5,204.2,207.0,199.3,198.3,195.7,194.4,192.0,194.8,194.0,194.1,193.8,199.9,197.8,196.6,197.1,192.3,191.7,170.6,165.3,161.8,-2.1%,-1.8%,
Pakistan,2.7,2.6,2.8,3.1,3.0,2.9,5.7,5.2,5.4,5.6,5.7,5.7,5.9,6.2,6.5,6.9,7.1,7.5,7.8,7.9,8.1,8.3,9.0,9.2,9.4,9.5,9.8,10.0,10.8,10.8,11.1,11.5,10.8,11.2,11.4,11.3,11.2,11.3,12.1,13.1,13.3,13.8,14.3,14.1,14.0,13.7,13.4,12.2,13.2,13.4,13.9,15.0,15.7,15.9,15.8,15.5,16.9,15.3,-9.4%,2.2%,
Philippines,6.0,6.3,6.9,7.6,7.9,8.8,9.8,9.5,10.8,9.8,10.4,10.5,11.0,11.2,11.3,10.9,10.6,10.0,10.6,9.4,8.9,8.8,9.3,10.0,10.6,11.0,10.5,11.0,11.8,12.0,13.4,14.1,15.0,14.6,14.4,14.2,13.6,13.4,13.5,13.6,13.4,12.5,12.7,12.9,12.8,13.0,13.0,13.2,13.9,14.4,15.5,16.7,18.0,18.1,18.4,16.4,17.3,18.2,5.7%,3.3%,
Singapore,92.7,103.4,121.4,147.8,142.6,152.3,130.0,160.1,148.3,143.9,138.7,162.3,160.8,163.3,171.5,167.3,188.5,179.3,185.7,190.8,190.2,215.7,221.6,250.5,279.3,325.3,321.1,333.0,352.2,390.6,395.1,386.9,395.2,389.7,376.0,393.4,437.4,415.6,386.9,429.3,444.8,474.2,490.5,504.2,523.3,539.1,547.1,538.1,533.9,535.3,559.7,584.1,593.3,588.7,571.2,555.3,551.9,529.5,-4.1%,-0.2%,
South Korea,9.2,11.0,12.3,13.8,16.3,18.5,19.6,19.9,24.1,24.6,26.6,29.3,33.3,36.9,42.1,42.8,44.2,43.4,46.5,50.0,54.5,60.3,65.9,72.6,77.9,87.0,97.6,109.5,119.5,128.2,139.3,153.0,166.9,151.7,164.3,172.8,175.9,183.0,188.1,191.7,197.5,200.1,205.3,208.0,208.3,224.0,232.7,233.3,232.0,231.9,234.0,239.4,240.9,244.2,240.8,231.5,242.4,245.3,1.2%,0.5%,
Sri Lanka,3.4,3.4,3.4,3.5,3.5,5.7,5.7,5.9,6.0,5.0,5.2,5.0,5.3,5.4,5.6,5.5,5.7,6.1,5.9,6.2,5.7,6.0,6.1,5.9,5.7,6.3,6.2,6.5,7.0,7.6,8.1,8.4,8.6,9.1,9.8,10.3,9.9,10.1,10.3,9.9,11.3,12.0,12.1,11.3,11.3,12.1,13.0,13.4,13.5,14.4,16.1,17.6,17.0,17.6,17.9,17.5,17.6,15.7,-11.0%,1.6%,
Taiwan,19.4,20.1,21.3,23.8,24.4,25.9,31.8,33.3,38.1,35.8,38.7,46.3,49.9,57.9,60.4,62.6,57.7,63.4,69.0,71.0,73.3,78.8,84.3,92.1,96.8,102.2,107.1,112.8,118.4,124.6,131.5,135.9,142.9,150.5,156.4,165.3,169.4,175.7,182.6,189.4,191.1,195.5,203.1,195.9,190.3,203.7,202.2,199.6,203.0,206.7,205.7,206.4,205.5,207.7,203.6,197.5,208.8,200.2,-4.1%,0.0%,
Thailand,3.6,4.1,4.6,5.7,5.8,6.8,7.3,8.6,8.9,9.0,9.7,10.0,10.7,11.2,11.7,11.4,11.3,11.3,12.1,13.2,13.5,14.1,15.9,17.5,20.0,23.1,25.1,27.0,30.2,33.5,37.3,41.6,43.3,39.4,41.3,42.4,44.3,47.5,50.7,54.6,55.9,56.6,58.1,57.7,58.8,62.3,63.5,67.7,67.7,69.5,70.8,71.9,73.0,75.0,74.9,69.5,69.9,70.6,1.0%,0.4%,
Vietnam,2.8,4.8,6.5,6.6,7.6,7.8,6.8,6.4,6.6,4.8,5.2,3.0,3.1,3.1,3.3,3.7,3.6,3.8,3.8,3.8,3.7,3.9,4.3,4.2,3.9,4.1,4.1,4.4,5.0,5.4,6.2,7.0,7.9,8.5,8.7,9.8,10.9,11.8,12.6,15.2,16.0,14.5,15.7,19.2,19.5,22.2,24.3,25.2,26.3,28.7,32.4,34.8,37.1,41.2,45.3,44.9,44.6,46.7,4.9%,6.4%,
Other Asia Pacific,10.0,10.4,10.9,11.4,11.8,12.3,13.2,13.6,13.7,14.4,14.3,14.9,15.4,16.0,16.9,17.8,18.2,18.9,19.2,19.4,19.9,19.9,19.0,18.9,18.1,17.4,16.5,14.6,13.5,12.6,12.1,11.1,10.8,10.2,10.5,11.1,11.3,10.8,11.2,11.2,11.6,11.9,11.5,11.9,10.7,11.7,11.5,12.0,11.7,12.4,12.8,13.6,16.1,16.7,17.2,17.4,18.0,18.0,-0.1%,4.2%,
Total Asia Pacific,10.5,11.2,11.4,12.0,13.3,14.8,15.8,16.4,17.3,17.3,17.6,18.1,18.8,19.8,20.3,20.0,19.8,19.6,20.1,21.1,21.7,22.2,23.0,24.2,25.0,25.6,26.3,27.0,28.0,29.1,30.2,31.1,31.6,31.1,31.9,32.7,33.3,34.5,36.9,40.0,42.7,44.6,46.9,47.7,48.2,50.8,52.8,53.9,54.8,55.7,56.1,56.4,57.9,59.8,61.2,60.5,63.4,64.4,1.6%,1.8%,
,,,,,,,,,,,,,,,,,,,,,,,,,,,,,,,,,,,,,,,,,,,,,,,,,,,,,,,,,,,,,
Total World,46.7,48.2,49.0,51.0,53.3,55.5,56.6,58.5,60.8,60.0,59.2,61.2,62.4,63.8,64.8,63.1,61.8,60.3,60.2,61.9,62.4,62.7,63.7,64.9,65.1,64.7,64.1,63.5,63.0,62.9,63.4,64.3,64.0,63.6,63.8,64.6,64.4,64.9,66.4,68.8,70.2,71.2,72.5,72.4,70.4,72.8,73.6,73.7,74.1,74.0,73.7,73.7,74.4,75.6,75.6,72.2,75.5,75.7,0.3%,0.3%,
of which: OECD,129.1,133.8,137.4,144.8,152.6,159.2,161.6,167.8,175.3,171.3,166.0,173.1,175.4,179.1,182.2,175.7,170.3,163.9,163.0,169.0,170.3,171.1,174.5,178.9,180.6,180.2,180.0,180.0,181.0,182.6,185.9,190.6,191.1,190.3,191.6,193.9,191.1,191.5,191.7,193.9,193.7,192.6,192.3,188.9,178.4,183.6,180.5,177.7,178.3,175.7,175.0,174.8,175.5,177.1,174.6,161.8,169.1,169.9,0.5%,-0.4%,
                 Non-OECD,18.5,19.2,19.4,19.8,20.7,21.9,23.0,23.8,24.7,25.4,26.3,27.2,28.3,29.4,30.2,30.3,30.4,30.8,31.2,32.1,32.4,32.9,33.7,34.4,34.4,34.5,34.1,33.5,32.9,32.6,32.6,32.8,32.6,32.5,32.7,33.3,34.0,34.7,36.7,39.3,41.3,43.0,44.8,45.7,45.7,47.7,49.5,50.5,51.0,51.6,51.5,51.8,52.6,53.9,54.6,53.3,55.9,56.0,0.3%,1.0%,
                 European Union#,94.7,97.1,99.8,106.1,114.2,121.9,125.0,130.9,137.5,135.3,133.8,141.5,142.9,148.1,152.8,149.6,144.7,140.8,141.1,145.0,149.0,150.7,153.4,154.2,154.1,150.5,149.3,146.1,144.6,143.7,147.0,151.3,150.5,151.9,151.0,151.9,154.6,153.2,155.8,157.4,156.9,157.6,155.1,153.9,144.3,149.8,145.0,143.3,142.0,137.0,138.7,140.0,141.9,141.5,139.0,128.6,135.4,130.1,-4.0%,-1.0%,
,,,,,,,,,,,,,,,,,,,,,,,,,,,,,,,,,,,,,,,,,,,,,,,,,,,,,,,,,,,,,
"* In this review, primary energy comprises commercially-traded fuels, including modern renewables used to generate electricity. ",,,,,,,,,,,,,,,,,,,,,,,,,,,,,,,,,,,,,,,,,,,,,,,,,,,,,,,,,,,,,
 Energy from all sources of non-fossil power generation is accounted for on an input-equivalent basis. See the appendix or https://www.energyinst.org/statistical-review for more details on this methodology.,,,,,,,,,,,,,,,,,,,,,,,,,,,,,,,,,,,,,,,,,,,,,,,,,,,,,,,,,,,,,
^ Less than 0.05.,,,,,,,,,,,,,,,,,,,,,,,,,,,,,,,,,,,,,,,,,,,,,,,,,,,,,,,,,,,,,
w Less than 0.05%.,,,,,,,,,,,,,,,,,,,,,,,,,,,,,,,,,,,,,,,,,,,,,,,,,,,,,,,,,,,,,
n/a not available.,,,,,,,,,,,,,,,,,,,,,,,,,,,,,,,,,,,,,,,,,,,,,,,,,,,,,,,,,,,,,
"USSR includes CIS, Georgia, Ukraine and the Baltic States.",,,,,,,,,,,,,,,,,,,,,,,,,,,,,,,,,,,,,,,,,,,,,,,,,,,,,,,,,,,,,
"#Excludes Estonia, Latvia and Lithuania prior to 1985 and Croatia and Slovenia prior to 1990.",,,,,,,,,,,,,,,,,,,,,,,,,,,,,,,,,,,,,,,,,,,,,,,,,,,,,,,,,,,,,
,,,,,,,,,,,,,,,,,,,,,,,,,,,,,,,,,,,,,,,,,,,,,,,,,,,,,,,,,,,,,
,,,,,,,,,,,,,,,,,,,,,,,,,,,,,,,,,,,,,,,,,,,,,,,,,,,,,,,,,,,,,
,,,,,,,,,,,,,,,,,,,,,,,,,,,,,,,,,,,,,,,,,,,,,,,,,,,,,,,,,,,,,
,,,,,,,,,,,,,,,,,,,,,,,,,,,,,,,,,,,,,,,,,,,,,,,,,,,,,,,,,,,,,
,,,,,,,,,,,,,,,,,,,,,,,,,,,,,,,,,,,,,,,,,,,,,,,,,,,,,,,,,,,,,
,,,,,,,,,,,,,,,,,,,,,,,,,,,,,,,,,,,,,,,,,,,,,,,,,,,,,,,,,,,,,
,,,,,,,,,,,,,,,,,,,,,,,,,,,,,,,,,,,,,,,,,,,,,,,,,,,,,,,,,,,,,
,,,,,,,,,,,,,,,,,,,,,,,,,,,,,,,,,,,,,,,,,,,,,,,,,,,,,,,,,,,,,
,,,,,,,,,,,,,,,,,,,,,,,,,,,,,,,,,,,,,,,,,,,,,,,,,,,,,,,,,,,,,